Frame,Red channel,Green channel,Blue Channel,Red_back,Green_back,Blue_back,Pressure
frame0,157.10051546391753,157.87113402061857,145.65463917525773,221.69791666666666,219.79947916666666,217.890625,-0.042279392
frame1,157.33505154639175,158.06443298969072,145.3659793814433,221.70052083333334,218.76822916666666,217.76041666666666,-0.039646626
frame2,157.32474226804123,158.06185567010309,145.25,222.02604166666666,219.05208333333334,218.04427083333334,-0.036905169
frame3,157.39948453608247,158.11340206185568,145.35824742268042,225.70833333333334,223.26041666666666,221.98958333333334,-0.036402583
frame4,157.3659793814433,158.05927835051546,145.30154639175257,225.70833333333334,223.984375,221.98958333333334,-0.035540253
frame5,157.43814432989691,158.06958762886597,145.30670103092783,225.70833333333334,223.984375,221.98958333333334,-0.033742338
frame6,157.76288659793815,157.90463917525773,145.08247422680412,226.02083333333334,225.02083333333334,223.02604166666666,-0.032123476
frame7,157.3840206185567,157.9278350515464,145.22938144329896,226.015625,225.015625,223.02083333333334,-0.028891861
frame8,157.3840206185567,157.9278350515464,145.2757731958763,226.015625,225.015625,223.02083333333334,-0.025301605
frame9,157.37113402061857,157.9278350515464,145.22938144329896,226.015625,225.015625,223.02083333333334,-0.023167491
frame10,157.37113402061857,157.9278350515464,145.22938144329896,226.015625,225.015625,223.02083333333334,-0.021860361
frame11,158.22680412371133,157.99484536082474,145.23453608247422,225.38802083333334,224.38802083333334,222.38802083333334,-0.020458817
frame12,157.90721649484536,158.0257731958763,144.72938144329896,225.63020833333334,224.15104166666666,222.15104166666666,-0.017111808
frame13,158.22938144329896,157.92525773195877,144.98453608247422,225.11458333333334,224.15104166666666,222.15104166666666,-0.013296396
frame14,158.22938144329896,157.92525773195877,144.98453608247422,225.63020833333334,224.15104166666666,222.63020833333334,-0.010077178
frame15,158.31185567010309,157.92525773195877,144.98969072164948,224.63541666666666,223.671875,221.671875,-0.008455664
frame16,158.69329896907217,158.30670103092783,145.37113402061857,224.63541666666666,223.671875,221.671875,-0.00826773
frame17,158.31185567010309,157.92525773195877,144.98969072164948,225.15104166666666,223.671875,221.671875,-0.007656783
frame18,158.31185567010309,157.92525773195877,144.98969072164948,225.11458333333334,224.15104166666666,222.15104166666666,-0.008135647
frame19,158.31185567010309,157.92525773195877,144.98969072164948,225.15104166666666,223.671875,221.671875,-0.00878194
frame20,158.31185567010309,157.92525773195877,144.98969072164948,225.15104166666666,223.671875,221.671875,-0.009035319
frame21,158.31185567010309,157.92525773195877,144.98969072164948,224.63541666666666,223.671875,221.671875,-0.009321541
frame22,158.69329896907217,158.30670103092783,145.37113402061857,225.15104166666666,223.671875,221.671875,-0.009737909
frame23,158.1958762886598,157.96391752577318,145.98453608247422,224.39322916666666,223.39322916666666,220.89583333333334,-0.009604841
frame24,158.37113402061857,158.18298969072166,145.76546391752578,224.63541666666666,223.6796875,221.6796875,-0.010365129
frame25,158.51030927835052,158.13144329896906,145.9278350515464,224.11458333333334,223.15885416666666,220.63802083333334,-0.011129022
frame26,158.51030927835052,158.1262886597938,145.89948453608247,224.63541666666666,223.15885416666666,221.11458333333334,-0.011788785
frame27,158.51546391752578,158.1340206185567,145.93814432989691,224.11458333333334,223.15885416666666,220.63802083333334,-0.012767553
frame28,158.51546391752578,158.1340206185567,145.93814432989691,224.11458333333334,223.15885416666666,220.63802083333334,-0.013651758
frame29,158.56701030927834,158.13659793814432,145.96907216494844,224.11458333333334,223.15885416666666,220.63802083333334,-0.014452249
frame30,158.56701030927834,158.13659793814432,145.96907216494844,224.11458333333334,223.15885416666666,221.11458333333334,-0.015248269
frame31,158.56701030927834,158.13659793814432,145.96907216494844,224.11458333333334,223.15885416666666,220.63802083333334,-0.015442967
frame32,158.56701030927834,158.13659793814432,145.96907216494844,224.11458333333334,223.15885416666666,220.63802083333334,-0.015843928
frame33,158.56701030927834,158.13659793814432,145.96907216494844,224.11458333333334,223.15885416666666,220.63802083333334,-0.016017199
frame34,158.56701030927834,158.13659793814432,145.96907216494844,224.11458333333334,222.63802083333334,220.63802083333334,-0.016287982
frame35,158.59536082474227,158.3041237113402,147.31185567010309,224.890625,223.39322916666666,221.39322916666666,-0.016790152
frame36,158.5,158.33762886597938,146.0979381443299,224.953125,223.4921875,221.953125,-0.016307652
frame37,158.4664948453608,158.3221649484536,146.1597938,224.41666666666666,222.95572916666666,220.88020833333334,-0.016639888
frame38,158.5077319587629,158.3221649484536,146.23969072164948,224.15364583333334,222.70572916666666,220.609375,-0.0168643
frame39,158.54123711340208,158.42268041237114,146.24484536082474,224.15364583333334,222.70572916666666,220.609375,-0.016987413
frame40,158.54123711340208,158.42268041237114,146.24484536082474,224.15364583333334,222.70572916666666,220.609375,-0.017014444
frame41,158.57474226804123,158.45618556701032,146.27835051546393,222.71354166666666,221.16927083333334,219.16927083333334,-0.017633587
frame42,158.6443298969072,158.45103092783506,146.20618556701032,222.71354166666666,221.71354166666666,219.6171875,-0.017597318
frame43,158.60309278350516,158.45103092783506,146.20618556701032,222.2578125,221.2578125,218.71354166666666,-0.017814666
frame44,158.7680412371134,158.6159793814433,146.37113402061857,222.2578125,220.71354166666666,218.71354166666666,-0.018336385
frame45,158.66494845360825,158.47164948453607,146.22680412371133,221.71354166666666,220.71354166666666,218.16927083333334,-0.018269271
frame46,158.5335051546392,158.4664948453608,145.88917525773195,223.953125,222.6328125,219.9609375,-0.017460018
frame47,158.43041237113403,158.2036082474227,146.23453608247422,222.66666666666666,222,219,-0.017639965
frame48,158.68041237113403,158.16752577319588,146.0077319587629,222.09375,221.09375,218.09375,-0.017855436
frame49,158.70103092783506,158.55154639175257,146.58762886597938,221.4140625,220.4140625,217.84375,-0.018711358
frame50,158.79896907216494,158.55154639175257,146.58762886597938,221.2734375,219.84375,217.2734375,-0.018995792
frame51,158.76288659793815,158.5541237113402,146.59536082474227,220.84375,219.84375,217.2734375,-0.019132555
frame52,159.27319587628867,158.50515463917526,146.5463917525773,221.2734375,219.84375,217.2734375,-0.019477546
frame53,159.27319587628867,158.50515463917526,146.5463917525773,220.84375,219.4140625,216.84375,-0.019788772
frame54,158.75,158.50515463917526,146.5463917525773,220.84375,219.4140625,216.84375,-0.019547999
frame55,158.6520618556701,158.50515463917526,146.5463917525773,220.4140625,219.4140625,216.84375,-0.019577116
frame56,159.27319587628867,158.50515463917526,146.5463917525773,220.84375,219.4140625,216.84375,-0.020041734
frame57,159.5335051546392,158.50515463917526,146.5463917525773,220.2734375,219.2734375,216.2734375,-0.020484239
frame58,159.52835051546393,158.50257731958763,146.54381443298968,220.2734375,219.2734375,216.2734375,-0.020537764
frame59,159.6958762886598,158.5,146.28608247422682,220.33333333333334,218.33333333333334,216.33333333333334,-0.020711571
frame60,159.63144329896906,158.5077319587629,146.29381443298968,220.125,218.3125,216.125,-0.020930469
frame61,159.51288659793815,158.19845360824743,146.47164948453607,219.53125,217.53125,215.53125,-0.020998001
frame62,159.5979381443299,158.3659793814433,146.2577319587629,219.50260416666666,217.50260416666666,215.50260416666666,-0.021033615
frame63,159.2422680412371,158.3737113402062,146.26546391752578,219.50260416666666,217.09375,215.50260416666666,-0.02098617
frame64,159.6056701030928,158.3479381443299,146.23453608247422,219.50260416666666,217.09375,215.50260416666666,-0.021255046
frame65,159.6597938,158.38659793814432,146.49742268041237,219.50260416666666,217.09375,215.50260416666666,-0.021460593
frame66,159.55927835051546,158.2577319587629,146.0721649484536,214.96354166666666,213.8671875,210.96354166666666,-0.02292493
frame67,159.55927835051546,158.2577319587629,146.02319587628867,215.43229166666666,214.2890625,211.43229166666666,-0.022688925
frame68,159.54381443298968,158.24484536082474,146.01288659793815,216.2890625,215.14583333333334,212.2890625,-0.022405505
frame69,159.54381443298968,158.24484536082474,146.00515463917526,216.2890625,215.14583333333334,212.2890625,-0.022558659
frame70,159.53092783505156,158.24484536082474,145.96391752577318,217.2890625,216.2890625,213.2890625,-0.022156775
frame71,159.28092783505156,158.22164948453607,145.6056701030928,215.85416666666666,214.85416666666666,211.86458333333334,-0.022580892
frame72,159.08762886597938,158.2036082474227,145.18814432989691,216.84375,215.84375,212.85416666666666,-0.021937549
frame73,159.08762886597938,158.20876288659792,145.2680412371134,216.84375,215.85416666666666,212.85416666666666,-0.022221982
frame74,158.6597938,157.7422680412371,144.65463917525773,217.84375,216.84375,213.85416666666666,-0.020972311
frame75,157.39175257731958,157.1237113402062,144.03092783505156,217.84375,216.84375,213.85416666666666,-0.020036608
frame76,156.91237113402062,155.93556701030928,143.31443298969072,217.84375,216.84375,213.85416666666666,-0.019092977
frame77,154.81185567010309,154.77061855670104,142.07474226804123,217.84375,216.84375,213.85416666666666,-0.018067837
frame78,153.3402062,153.50257731958763,140.32474226804123,218.84375,217.84375,215.84375,-0.02259779
frame79,152.26288659793815,152.5,139.3221649484536,218.84375,217.84375,215.84375,-0.033844054
frame80,150.56443298969072,150.91494845360825,137.76546391752578,219.83333333333334,218.83333333333334,216.83333333333334,-0.0553011
frame81,149.4922680412371,149.85309278350516,136.7036082474227,219.84375,218.84375,216.85416666666666,-0.076042533
frame82,148.24742268041237,148.66237113402062,135.51288659793815,221.82291666666666,219.83333333333334,217.84375,-0.083117127
frame83,147.52835051546393,147.6701030927835,135.05154639175257,224.91927083333334,222.92447916666666,220.9296875,-0.052439809
frame84,146.69845360824743,146.78092783505156,134.41237113402062,226.01041666666666,224.015625,222.02083333333334,0.002083629
frame85,145.80927835051546,145.79381443298968,133.68814432989691,226.3203125,223.640625,222.33072916666666,0.073166832
frame86,144.76030927835052,144.71134020618555,132.53865979381445,230.26041666666666,228.26302083333334,226.9296875,0.14178608357906342
frame87,143.3298969072165,143.27319587628867,131.0979381443299,231.80208333333334,230.28125,227.81770833333334,0.24919001758098602
frame88,142.2242268041237,142.09536082474227,129.97938144329896,232.88541666666666,231.61979166666666,229.625,0.3544324040412903
frame89,140.98711340206185,140.6340206185567,129.18556701030928,235.41666666666666,233.65625,232.09375,0.4640372693538666
frame90,142.4819587628866,141.73453608247422,131.96907216494844,237.20052083333334,235.44791666666666,234.20052083333334,0.6233251094818115
frame91,144.36340206185568,143.40721649484536,133.98453608247422,238.1953125,236.6953125,235.1953125,0.8256334066390991
frame92,143.85309278350516,143.04896907216494,134.03608247422682,237.01041666666666,235.94010416666666,234.6953125,0.9620174169540405
frame93,143.79123711340208,142.72938144329896,133.56958762886597,198.36458333333334,197.0546875,195.14583333333334,0.9774448871612549
frame94,143.75257731958763,142.98453608247422,134.10824742268042,153.71354166666666,152.71354166666666,149.71354166666666,0.8763875961303711
frame95,144.3737113402062,143.7036082474227,135.41237113402062,153.61979166666666,152.63020833333334,149.58854166666666,0.8615562915802002
frame96,144.46907216494844,144.0541237113402,135.31701030927834,155.42708333333334,154.65625,151.09895833333334,0.7807756662368774
frame97,145.21391752577318,144.76546391752578,136.13144329896906,157.953125,157.515625,152.265625,0.6420468091964722
frame98,149.93556701030928,150.02319587628867,141.9742268041237,161.0390625,159.74739583333334,155.3515625,0.4379476308822632
frame99,158.68556701030928,158.68556701030928,150.8840206185567,161.98177083333334,160.37239583333334,156.2578125,0.218945712
frame100,163.66494845360825,163.63917525773195,156.67268041237114,162.71875,159.73958333333334,157.6875,0.055375427
frame101,161.04123711340208,160.40463917525773,153.8556701030928,163.40625,161.54166666666666,158.37760416666666,-0.002287179
frame102,163.32474226804123,162.83762886597938,156,164.84635416666666,162.52604166666666,159.61197916666666,-0.017554522
frame103,159.98453608247422,158.98711340206185,152.98453608247422,157,156.5,150,-0.024337947
frame104,159,159,152,158.24479166666666,158.19010416666666,151.40885416666666,-0.028554469
frame105,157.69329896907217,157.65721649484536,151.74742268041237,157.94791666666666,157.94791666666666,151.93489583333334,-0.031799823
frame106,155.9097938,155.56701030927834,148.22680412371133,157,157,150,-0.033845663
frame107,151.36855670103094,150.81701030927834,143.6597938,154.96354166666666,154.9453125,147.96354166666666,-0.034277648
frame108,143.4278350515464,142.56443298969072,134.8479381443299,154.34895833333334,153.77083333333334,148.47916666666666,-0.027410269
frame109,143.22938144329896,142.10309278350516,134.31443298969072,153.3359375,152.2265625,147.30729166666666,-0.027035683
frame110,142.93041237113403,141.83762886597938,134.0335051546392,152.625,151.35677083333334,146.93489583333334,-0.026524305
frame111,141.80927835051546,140.81701030927834,133.4201030927835,154.24479166666666,150.5703125,147.44010416666666,-0.023153573
frame112,141.7319587628866,140.53092783505156,133.49742268041237,154.11458333333334,153.17447916666666,150.10677083333334,-0.025537223
frame113,141.59536082474227,140.36340206185568,132.83505154639175,220.765625,220,218.58072916666666,-0.059208333
frame114,142.44845360824743,141.4278350515464,133.7422680412371,227.078125,225.6640625,225.2421875,-0.072090834
frame115,142.56443298969072,141.7242268041237,133.3762886597938,224.75520833333334,223.40364583333334,223.0546875,-0.062884837
frame116,139.41494845360825,139.91237113402062,128.58762886597938,215.77604166666666,214.45833333333334,214.140625,-0.030039936
frame117,140.29381443298968,141.04381443298968,128.80670103092783,214.28125,212.75,212.75,0.007219911
frame118,142.03608247422682,142.93041237113403,130.38917525773195,212.86197916666666,211.27083333333334,209.86197916666666,0.036208421
frame119,142.81958762886597,143.32474226804123,130.72938144329896,208.46875,206.72395833333334,205.46875,0.059423506
frame120,144.25515463917526,144.45876288659792,131.9922680412371,208.85416666666666,207.046875,205.85416666666666,0.088877201
frame121,145.31958762886597,145.45876288659792,132.97680412371133,208.94010416666666,207.046875,205.85416666666666,0.17891742289066315
frame122,146.10309278350516,146.2319587628866,133.76546391752578,205.4453125,204.4453125,203.17708333333334,0.3597429394721985
frame123,147.0335051546392,147.2036082474227,134.72164948453607,207.42447916666666,206.42447916666666,205.296875,0.606903613
frame124,148.18298969072166,148.34278350515464,135.9020618556701,207.44270833333334,206.44270833333334,205.31770833333334,0.8316583633422852
frame125,149.50515463917526,149.71134020618555,137.20103092783506,207.44270833333334,206.44270833333334,205.31770833333334,0.9077380895614624
frame126,151.05670103092783,151.25,138.7757731958763,206.51041666666666,205.51041666666666,204.38541666666666,0.9296817779541016
frame127,152.21391752577318,152.5798969072165,139.80670103092783,206.91666666666666,205.8203125,204.71614583333334,0.918527365
frame128,153.7319587628866,153.34536082474227,141.31185567010309,205.96875,204.90104166666666,203.8125,0.8811999559402466
frame129,155.8402062,155.30927835051546,142.8041237113402,206.0234375,204.96354166666666,203.875,0.7708349227905273
frame130,155.88917525773195,155.75,143.5257731958763,207.859375,206.7734375,205.140625,0.6141694784164429
frame131,157.0463917525773,157.05670103092783,144.49484536082474,207.84375,206.796875,205.125,0.43604597449302673
frame132,157.4536082474227,157.30670103092783,144.8298969072165,210.79947916666666,209.79166666666666,207.79166666666666,0.3155412971973419
frame133,158.21134020618555,157.78865979381445,145.27835051546393,211.27864583333334,210.26822916666666,207.84635416666666,0.13127756118774414
frame134,157.71134020618555,157.5541237113402,145.01546391752578,211.0546875,210.046875,207.84375,0.033371418714523315
frame135,157.7577319587629,157.75257731958763,145,211.2578125,209.3359375,208.171875,-0.001274854
frame136,157.89175257731958,157.8298969072165,145.39690721649484,211.2578125,209.3359375,207.2578125,-0.016101032
frame137,157.8041237113402,157.8840206185567,145.42525773195877,210.84375,208.96875,207.70833333333334,-0.018324375
frame138,158.1520618556701,158.11855670103094,145.75515463917526,210.765625,208.88541666666666,206.765625,-0.018424451
frame139,158.0077319587629,158.0979381443299,145.53092783505156,211.859375,209.86197916666666,208.84895833333334,-0.017339259
frame140,158.17525773195877,157.94329896907217,145.19845360824743,210.359375,208.44791666666666,206.36197916666666,-0.018490493
frame141,158.62113402061857,158.58505154639175,145.35051546391753,212.1171875,210.17447916666666,208.140625,-0.019524366
frame142,158.7422680412371,158.58505154639175,145.44072164948454,212.1875,210.23697916666666,208.2109375,-0.0205805
frame143,158.31958762886597,158.25515463917526,145.0077319587629,217.671875,216.01822916666666,214.65104166666666,-0.018061787
frame144,158.82474226804123,158.48711340206185,145.40463917525773,224.41666666666666,223.13020833333334,221.125,-0.017658979
frame145,158.52835051546393,158.3737113402062,145.01546391752578,223.35416666666666,222.05989583333334,220.31510416666666,-0.018000036
frame146,158.3840206185567,158.19845360824743,144.9097938,223.6484375,222.35416666666666,220.609375,-0.01779592
frame147,158.24742268041237,158.41494845360825,144.94072164948454,223.94791666666666,221.96875,220.3203125,-0.018026859
frame148,157.9278350515464,158.0257731958763,144.68814432989691,225.68229166666666,223.69270833333334,221.68229166666666,-0.017261267
frame149,158.25,158.69329896907217,145.21134020618555,229.60677083333334,226.72395833333334,225.60677083333334,-0.016870797
frame150,158.25,158.69329896907217,145.21134020618555,229.60677083333334,227.61197916666666,225.60677083333334,-0.016262501
frame151,157.81185567010309,158.32731958762886,144.7319587628866,228.73177083333334,226.73697916666666,224.88020833333334,-0.015108049
frame152,158.3298969072165,158.1597938,145.58505154639175,226.17447916666666,223.45833333333334,222.17447916666666,-0.01448375
frame153,158.04123711340208,158.19072164948454,145.22680412371133,226.17447916666666,224.18489583333334,222.4375,-0.01295042
frame154,158.1237113402062,158.2835051546392,145.3402062,226.1640625,224.17447916666666,222.1640625,-0.011820942
frame155,157.8840206185567,158.24484536082474,145.0902062,226.17447916666666,224.18489583333334,222.4375,-0.010887146
frame156,158.01030927835052,158.22938144329896,145.2963917525773,226.15364583333334,223.44791666666666,222.1640625,-0.010387361
frame157,158.01030927835052,158.22938144329896,145.2963917525773,226.15364583333334,223.44791666666666,222.1640625,-0.010189891
frame158,158.01030927835052,158.22938144329896,145.2963917525773,225.42708333333334,223.44791666666666,222.1640625,-0.010134429
frame159,157.89690721649484,158.32474226804123,145.3221649484536,225.90104166666666,223.18489583333334,221.90104166666666,-0.010221094
frame160,157.91237113402062,158.3402062,145.3479381443299,228.94791666666666,226.95572916666666,225.8984375,-0.009358019
frame161,157.85051546391753,158.2757731958763,145.26030927835052,228.94791666666666,226.95572916666666,225.8984375,-0.009474277
frame162,157.98969072164948,158.29123711340208,145.46134020618555,228.94791666666666,226.95572916666666,225.8984375,-0.008938044
frame163,157.96907216494844,158.27061855670104,145.44072164948454,228.94791666666666,226.95572916666666,225.8984375,-0.008207381
frame164,158.43041237113403,158.20103092783506,146.06185567010309,224.83333333333334,223.66666666666666,221,-0.009311825
frame165,158.2036082474227,158.31958762886597,145.79896907216494,225.08072916666666,223.92708333333334,221.234375,-0.009064287
frame166,158.32731958762886,158.4536082474227,145.98969072164948,225.08072916666666,223.92708333333334,221.08072916666666,-0.009604603
frame167,158.32731958762886,158.4536082474227,145.98969072164948,225.08072916666666,223.92708333333334,221.234375,-0.009939462
frame168,158.36855670103094,158.46134020618555,146.06443298969072,225.08072916666666,223.08072916666666,221.08072916666666,-0.01076144
frame169,158.36855670103094,158.46134020618555,146.06443298969072,225.08072916666666,223.08072916666666,221.234375,-0.011697799
frame170,158.36855670103094,158.46134020618555,146.06443298969072,225.08072916666666,223.08072916666666,221.08072916666666,-0.01252681
frame171,158.36855670103094,158.46134020618555,146.06443298969072,225.08072916666666,223.08072916666666,221.234375,-0.013382196
frame172,158.2835051546392,158.39690721649484,146.11340206185568,223.92708333333334,222.92708333333334,220.92708333333334,-0.014080256
frame173,158.31185567010309,158.4097938,146.09536082474227,224.7734375,222.92708333333334,220.92708333333334,-0.01456666
frame174,158.31185567010309,158.4097938,146.09536082474227,224.7734375,222.92708333333334,220.92708333333334,-0.014994293
frame175,158.2164948453608,158.4278350515464,145.79896907216494,224.7734375,222.92708333333334,221.08072916666666,-0.015230745
frame176,158.39690721649484,158.19072164948454,145.80927835051546,226.53125,224.5546875,222.578125,-0.014831156
frame177,158.23969072164948,158.21134020618555,145.5979381443299,225.69791666666666,223.76302083333334,221.828125,-0.015064716
frame178,158.28092783505156,158.2577319587629,145.76288659793815,225.69791666666666,223.76302083333334,221.828125,-0.015180439
frame179,158.13917525773195,158.31443298969072,145.63144329896906,225.69791666666666,223.76302083333334,221.828125,-0.015102327
frame180,158.20618556701032,158.32731958762886,145.81701030927834,225.69791666666666,223.76302083333334,221.828125,-0.0151636
frame181,158.02061855670104,158.3479381443299,145.5902062,225.69791666666666,223.76302083333334,221.828125,-0.014965326
frame182,158.04381443298968,158.29381443298968,145.6520618556701,225.75,223.8125,221.875,-0.014809698
frame183,158.01288659793815,158.23453608247422,145.4742268041237,225.75,223.8125,221.875,-0.014619738
frame184,158.01288659793815,158.23453608247422,145.4742268041237,225.75,223.8125,221.875,-0.014408767
frame185,157.9278350515464,158.27061855670104,145.45876288659792,226.6875,224.75,222.8125,-0.013854533
frame186,158.01288659793815,158.31443298969072,145.57731958762886,225.75,223.8125,221.8125,-0.013888448
frame187,158.00515463917526,158.30670103092783,145.56958762886597,225.75,223.8125,221.875,-0.013524234
frame188,158.57731958762886,158.25,146.45618556701032,226.53125,225.53125,222.5546875,-0.013301611
frame189,158.24742268041237,158.07474226804123,145.82731958762886,227.5078125,225.53125,223.53125,-0.012727976
frame190,158.37113402061857,158.04381443298968,146.05927835051546,226.53125,225.53125,222.578125,-0.012842357
frame191,158.3298969072165,158.04381443298968,145.98969072164948,226.53125,225.53125,222.578125,-0.01286006
frame192,158.3943298969072,158.03865979381445,145.99742268041237,226.79166666666666,225.79166666666666,222.80208333333334,-0.012857854
frame193,158.3840206185567,158.04123711340208,145.85051546391753,227.78125,225.79166666666666,223.79166666666666,-0.01280126
frame194,158.3840206185567,158.04123711340208,145.85051546391753,227.78125,225.79166666666666,223.79166666666666,-0.012787551
frame195,158.2680412371134,157.9922680412371,145.59278350515464,226.79166666666666,225.79166666666666,222.8125,-0.012712955
frame196,157.91237113402062,157.59536082474227,145.2319587628866,226.79166666666666,225.79166666666666,222.8125,-0.011933267
frame197,157.21134020618555,156.85824742268042,144.5335051546392,227.80208333333334,225.80208333333334,223.8125,-0.010530084
frame198,156.2319587628866,155.82474226804123,143.58505154639175,227.80208333333334,225.80208333333334,223.8125,-0.009187728
frame199,155.08505154639175,154.68298969072166,142.43814432989691,227.9140625,225.921875,223.92447916666666,-0.010783941
frame200,153.9536082474227,153.6520618556701,141.75515463917526,226.81770833333334,224.83072916666666,222.83854166666666,-0.018183559
frame201,152.43298969072166,152.2036082474227,139.9458762886598,226.81770833333334,224.83072916666666,222.83854166666666,-0.038950294
frame202,151.41752577319588,151.19845360824743,138.94072164948454,226.81770833333334,225.81510416666666,223.81510416666666,-0.065380722
frame203,149.99742268041237,150.1159793814433,137.44072164948454,229.21354166666666,227.97135416666666,225.97135416666666,-0.084261417
frame204,148.91494845360825,148.9664948453608,136.56958762886597,228.46614583333334,227.22395833333334,225.22395833333334,-0.076129258
frame205,147.92268041237114,147.96907216494844,135.49484536082474,230.2890625,228.88020833333334,226.890625,-0.030897826
frame206,146.21391752577318,146.01546391752578,134.49484536082474,230.86979166666666,229.4609375,227.4609375,0.038104296
frame207,144.91752577319588,145.04896907216494,133.50515463917526,234.49739583333334,232.79947916666666,230.80729166666666,0.11714011430740356
frame208,144.1520618556701,144.1958762886598,132.70876288659792,234.14322916666666,232.48697916666666,230.48697916666666,0.24265488982200623
frame209,142.66752577319588,142.7319587628866,131.22164948453607,236.65104166666666,234.86458333333334,233.078125,0.45021045207977295
frame210,141.82474226804123,141.7242268041237,130.52835051546393,236.6875,235.68489583333334,233.83333333333334,0.7432940006256104
frame211,140.51546391752578,140.56701030927834,129.25,239.99479166666666,238.20572916666666,237.66145833333334,0.9057610034942627
frame212,139.4278350515464,140.4742268041237,130.97680412371133,245.203125,242.80208333333334,242.234375,0.998557448
frame213,140.90463917525773,141.03865979381445,132.28092783505156,245.9453125,244.08333333333334,244.08333333333334,1.0327446460723877
frame214,143.00257731958763,142.42525773195877,134.89690721649484,245.94791666666666,243.94791666666666,243.94791666666666,1.0580662488937378
frame215,142.6778350515464,142.85824742268042,137.7164948453608,224.8828125,222.50520833333334,221.46875,1.0652797222137451
frame216,143.62886597938143,143.18298969072166,137.7577319587629,158.30208333333334,156.96875,153.96614583333334,0.8947597742080688
frame217,144.94072164948454,144.2680412371134,137.27061855670104,156.46614583333334,155.34895833333334,152.30729166666666,0.9024720191955566
frame218,145.6597938,145.04123711340208,138.38659793814432,158.11979166666666,156.78125,153.73958333333334,0.8655421733856201
frame219,146.99742268041237,146.18814432989691,139.3762886597938,159.64583333333334,157.68229166666666,154.640625,0.748882532
frame220,150.4742268041237,149.87113402061857,143.2242268041237,160.91145833333334,158.96354166666666,156.08333333333334,0.5261616706848145
frame221,163.10824742268042,162.58247422680412,155.25,168.78125,167.4296875,160.7890625,0.21363233029842377
frame222,166.13144329896906,164.73969072164948,158.43556701030928,168.78645833333334,166.79166666666666,160.7890625,0.054760724
frame223,166.60824742268042,165.27835051546393,159.30927835051546,170.01302083333334,168.02864583333334,162.02864583333334,0.011503100395202637
frame224,168,166,159,166.51302083333334,164.51302083333334,161.36979166666666,-0.008248597
frame225,159.41494845360825,159.42525773195877,152.6340206185567,158.81510416666666,157.3515625,150.984375,-0.018579632
frame226,159.22680412371133,159.22680412371133,152.22680412371133,157.84114583333334,156.42708333333334,149.8984375,-0.025369197
frame227,158.39948453608247,158.2963917525773,151.32474226804123,159.7890625,157.84375,151.58072916666666,-0.029095143
frame228,156.05154639175257,155.92268041237114,148.8479381443299,159.17447916666666,157.77604166666666,151.2421875,-0.030810118
frame229,148.37113402061857,147.68041237113403,140.33247422680412,157.95833333333334,156.64583333333334,150.08333333333334,-0.029295564
frame230,143.80154639175257,142.46907216494844,135.43041237113403,157.13802083333334,155.76302083333334,149.23177083333334,-0.023212433
frame231,143.60309278350516,142.16494845360825,135.15463917525773,156.65885416666666,155.27864583333334,148.9609375,-0.021962494
frame232,142.06701030927834,141.75257731958763,134.43814432989691,155.02083333333334,153.97395833333334,147.98958333333334,-0.020871788
frame233,141.77061855670104,141.43814432989691,134.3943298969072,155.53645833333334,155.296875,148.58333333333334,-0.019911379
frame234,141.20876288659792,141.13659793814432,134.13659793814432,195.7890625,194.90364583333334,192.54427083333334,-0.054651171
frame235,140.62886597938143,140.70618556701032,132.82474226804123,230.93229166666666,228.93229166666666,228.93229166666666,-0.067944407
frame236,138.65463917525773,139.0979381443299,128.52835051546393,227.35677083333334,225.91927083333334,225.328125,-0.064016342
frame237,138.11855670103094,138.91752577319588,127.94329896907216,226.63802083333334,225.09375,224.50260416666666,-0.046566576
frame238,139.40463917525773,140.05927835051546,129.57474226804123,219.4375,217.94010416666666,217.24739583333334,-0.012730688
frame239,140.1237113402062,140.8737113402062,129.60824742268042,214.48177083333334,212.97916666666666,212.4765625,0.023015648126602173
frame240,141.49742268041237,142.23969072164948,131.1701030927835,213.3359375,211.7578125,210.3359375,0.057032495737075806
frame241,143.7319587628866,143.4097938,132.32731958762886,212.73958333333334,211.15885416666666,209.73958333333334,0.090885445
frame242,144.3840206185567,144.99742268041237,132.92525773195877,211.73958333333334,210.15885416666666,208.73958333333334,0.15196603536605835
frame243,145.52835051546393,146.1443298969072,133.90721649484536,208.34375,206.45833333333334,205.34375,0.32773059606552124
frame244,146.8479381443299,147.15721649484536,135.01288659793815,205.46354166666666,204.46354166666666,203.16927083333334,0.5756691694259644
frame245,147.87113402061857,148.16752577319588,135.79123711340208,206.2890625,205.2890625,204.02083333333334,0.8199611902236938
frame246,148.9922680412371,149.26546391752578,137.01288659793815,206.2890625,205.2890625,204.15104166666666,0.9067544937133789
frame247,150.06958762886597,150.31958762886597,137.76546391752578,206.296875,205.2890625,204.15104166666666,0.9420578479766846
frame248,151.38144329896906,151.56958762886597,139.19329896907217,206.08854166666666,205.08854166666666,203.828125,0.9409705400466919
frame249,152.63144329896906,152.9664948453608,140.28608247422682,206.08854166666666,205.08854166666666,203.95833333333334,0.9147727489471436
frame250,153.9201030927835,154.17525773195877,141.68041237113403,206.109375,205.109375,203.84635416666666,0.8682211637496948
frame251,154.91494845360825,155.30927835051546,142.5798969072165,205.11197916666666,203.984375,202.97916666666666,0.743268609
frame252,156.08505154639175,156.8737113402062,143.79381443298968,205.69270833333334,204.64583333333334,203.59635416666666,0.5782275795936584
frame253,156.71907216494844,157.6340206185567,144.30154639175257,208.10677083333334,207.4921875,205.65104166666666,0.410244346
frame254,157.0902062,157.99484536082474,144.68814432989691,210.203125,209.1875,206.5234375,0.21496856212615967
frame255,157.24484536082474,158.25257731958763,144.75,209.61979166666666,208.60416666666666,206.01302083333334,0.067854971
frame256,157.7242268041237,157.43814432989691,144.70876288659792,209.23958333333334,207.56510416666666,206.22916666666666,0.011923074722290039
frame257,157.67525773195877,157.71391752577318,144.8943298969072,208.61458333333334,207.01822916666666,205.60416666666666,-0.010983974
frame258,157.8737113402062,157.84536082474227,145.18298969072166,209.9375,208.05208333333334,206.8125,-0.017272472
frame259,157.7422680412371,157.8737113402062,145.1701030927835,209.78125,207.9140625,206.63802083333334,-0.01836586
frame260,157.8221649484536,157.86082474226805,145.41494845360825,208.2109375,206.42447916666666,204.98697916666666,-0.018783957
frame261,157.8221649484536,157.86082474226805,145.41494845360825,212.90104166666666,211.375,209.41666666666666,-0.017097235
frame262,157.89175257731958,157.95103092783506,145.57731958762886,212.76041666666666,211.2421875,209.26822916666666,-0.018236279
frame263,157.78608247422682,158.11340206185568,145.62113402061857,215.0625,213.6796875,211.43489583333334,-0.018199682
frame264,158.07731958762886,158.13917525773195,145.80670103092783,215.07552083333334,213.22916666666666,211.08333333333334,-0.019669116
frame265,158.06443298969072,158.1262886597938,145.79381443298968,220.86979166666666,218.88020833333334,216.86979166666666,-0.017909259
frame266,157.7757731958763,157.86082474226805,145.6159793814433,222.06510416666666,220.84895833333334,218.28125,-0.017577052
frame267,158.09536082474227,158.14690721649484,145.83505154639175,222.06510416666666,220.07552083333334,218.28125,-0.018167585
frame268,158.35309278350516,158.10309278350516,145.9097938,218.92708333333334,217.92708333333334,215.25,-0.019126981
frame269,158.25,158,145.80670103092783,218.88020833333334,217.88020833333334,215.20572916666666,-0.019040108
frame270,158.27835051546393,158.0180412371134,146.18814432989691,218.21614583333334,217.21614583333334,215.20572916666666,-0.019574642
frame271,158.30154639175257,158.04123711340208,146.21134020618555,221.50520833333334,219.6953125,217.68489583333334,-0.018615991
frame272,158.3943298969072,158.08247422680412,146.4664948453608,222.765625,220.83072916666666,218.8203125,-0.01843515
frame273,158.2963917525773,158.0721649484536,146.32474226804123,224.14583333333334,222.1875,220.17708333333334,-0.017861307
frame274,158.2963917525773,158.0721649484536,146.32474226804123,222.22916666666666,221.22916666666666,219.21875,-0.018191755
frame275,158.1958762886598,157.9922680412371,146.20618556701032,223.328125,222.328125,220.31770833333334,-0.017629117
frame276,158.1958762886598,157.9922680412371,146.20618556701032,223.328125,222.328125,220.31770833333334,-0.017553896
frame277,158.1958762886598,157.9922680412371,146.20618556701032,224.29427083333334,222.328125,220.31770833333334,-0.01737088
frame278,158.1443298969072,157.84536082474227,146.24484536082474,223.328125,221.36197916666666,219.3515625,-0.017394304
frame279,158.46391752577318,158.1701030927835,146.5077319587629,224.31770833333334,222.3515625,220.34114583333334,-0.017506212
frame280,158.31701030927834,158.06958762886597,145.3402062,222.0625,220.16666666666666,218.15625,-0.017516643
frame281,158.3041237113402,158.41752577319588,145.39948453608247,222.453125,219.61979166666666,218.52864583333334,-0.017906636
frame282,158.34278350515464,158.40463917525773,145.53865979381445,221.53645833333334,220.53645833333334,218.52864583333334,-0.017926812
frame283,158.34278350515464,158.45103092783506,145.51030927835052,222.453125,221.453125,219.4453125,-0.017607212
frame284,158.34278350515464,158.45103092783506,145.51030927835052,222.453125,221.453125,219.4453125,-0.017443299
frame285,158.3041237113402,158.41494845360825,145.47164948453607,222.453125,221.453125,219.4453125,-0.017268807
frame286,158.1520618556701,158.2835051546392,145.42268041237114,222.453125,221.453125,219.4453125,-0.016997367
frame287,158.3221649484536,158.56185567010309,145.43298969072166,224.07291666666666,222.12239583333334,220.1171875,-0.01701048
frame288,158.1262886597938,158.36855670103094,145.23711340206185,223.078125,222.078125,220.07291666666666,-0.016715586
frame289,158.33247422680412,158.56443298969072,145.44329896907217,224.02864583333334,222.078125,220.07291666666666,-0.01680705
frame290,158.4020618556701,158.58247422680412,145.5,224.02864583333334,222.078125,220.07291666666666,-0.016689688
frame291,158.4020618556701,158.58247422680412,145.5,224.07291666666666,222.12239583333334,220.1171875,-0.016550839
frame292,158.43041237113403,158.26030927835052,145.68556701030928,223.453125,222.453125,220.453125,-0.016184956
frame293,158.30927835051546,158.33247422680412,145.45876288659792,223.82291666666666,222.82291666666666,219.9375,-0.015999228
frame294,158.16752577319588,158.0721649484536,145.62886597938143,223.359375,222.359375,220.359375,-0.015791208
frame295,158.53865979381445,158.44329896907217,146,224.26822916666666,222.359375,220.359375,-0.016297162
frame296,158.20103092783506,158.1056701030928,145.66237113402062,224.26822916666666,222.359375,220.359375,-0.015743762
frame297,158.31958762886597,158.40721649484536,145.3659793814433,224.26822916666666,223.26822916666666,220.45052083333334,-0.015942931
frame298,158.31958762886597,158.40721649484536,145.3659793814433,224.26822916666666,222.359375,220.359375,-0.016069025
frame299,158.31958762886597,158.40721649484536,145.3659793814433,224.26822916666666,222.359375,220.45052083333334,-0.015945375
frame300,158.04896907216494,158.13917525773195,145.33762886597938,224.46614583333334,222.546875,220.546875,-0.015347958
frame301,157.92525773195877,158.1958762886598,145.3479381443299,224.46614583333334,223.46614583333334,220.62760416666666,-0.015074998
frame302,157.96134020618555,158.1701030927835,145.46907216494844,224.46614583333334,222.546875,220.546875,-0.015000343
frame303,157.96134020618555,158.1701030927835,145.46907216494844,224.46614583333334,222.546875,220.62760416666666,-0.014803857
frame304,158.3479381443299,158.1778350515464,145.35051546391753,224.61458333333334,223.61458333333334,220.6875,-0.014686912
frame305,158.14690721649484,158.3659793814433,145.0979381443299,225.95833333333334,224.95833333333334,222.01041666666666,-0.014227927
frame306,158.11855670103094,158.2242268041237,145.23969072164948,225.95833333333334,224.01041666666666,222.01041666666666,-0.013927907
frame307,158.11855670103094,158.2242268041237,145.23969072164948,225.95833333333334,224.95833333333334,222.01041666666666,-0.013383269
frame308,158.12886597938143,158.0077319587629,145.35824742268042,225.95833333333334,224.95833333333334,222.01041666666666,-0.012643397
frame309,158.14690721649484,158.11855670103094,145.24484536082474,225.95833333333334,224.95833333333334,222.01041666666666,-0.012320042
frame310,158.11340206185568,158.07474226804123,145.2164948453608,225.95833333333334,224.95833333333334,222.01041666666666,-0.011734664
frame311,158.1159793814433,158.07731958762886,145.21907216494844,225.95833333333334,224.01041666666666,222.01041666666666,-0.011403054
frame312,158.18298969072166,158.01288659793815,145.38917525773195,225.95833333333334,224.01041666666666,222.01041666666666,-0.010885805
frame313,158.18298969072166,158.01288659793815,145.38917525773195,225.95833333333334,224.01041666666666,222.01041666666666,-0.010590643
frame314,158.30670103092783,157.97938144329896,145.3556701030928,225.95833333333334,224.95833333333334,222.01041666666666,-0.010353088
frame315,158.4020618556701,158.07474226804123,145.45103092783506,225.95833333333334,224.01041666666666,222.01041666666666,-0.010556549
frame316,158.13659793814432,157.8659793814433,146.22680412371133,225.54166666666666,224.54166666666666,221.6875,-0.010227144
frame317,157.52319587628867,157.27319587628867,145.38144329896906,226.31770833333334,224.31770833333334,222.40625,-0.00967443
frame318,157,156.66752577319588,144.9922680412371,226.140625,224.22916666666666,222.31770833333334,-0.008949637
frame319,155.99742268041237,155.66752577319588,143.98969072164948,227.0703125,225.11458333333334,223.15885416666666,-0.007582009
frame320,154.99742268041237,154.66752577319588,142.98969072164948,227.125,225.16666666666666,223.16666666666666,-0.008045465
frame321,153.53608247422682,153.20618556701032,141.52835051546393,227.125,225.16666666666666,223.20833333333334,-0.017100155
frame322,152.52835051546393,152.15463917525773,140.52319587628867,227.23177083333334,225.234375,223.2734375,-0.035890996
frame323,151.2835051546392,150.95618556701032,139.32474226804123,227.4296875,225.4296875,223.4609375,-0.062880874
frame324,150.2963917525773,149.95618556701032,138.31701030927834,226.50520833333334,225.50260416666666,223.50260416666666,-0.083545297
frame325,149.1597938,148.95618556701032,137.27835051546393,226.47916666666666,225.47916666666666,223.47916666666666,-0.085792273
frame326,148.1597938,147.92268041237114,136.27835051546393,226.89583333333334,225.89583333333334,223.89583333333334,-0.050253451
frame327,147.27835051546393,146.07731958762886,135.39948453608247,230.92447916666666,229.515625,227.515625,0.022773504
frame328,145.25515463917526,144.94072164948454,134.2319587628866,233.53645833333334,232.53125,230.53385416666666,0.116960809
frame329,143.68298969072166,143.6159793814433,132.58505154639175,233.453125,232.45052083333334,230.45052083333334,0.2458098977804184
frame330,142.3556701030928,142.3298969072165,131.73711340206185,237.91145833333334,236.89322916666666,234.91666666666666,0.4313434660434723
frame331,141.05154639175257,141.1443298969072,130.77061855670104,239.69270833333334,237.7421875,236.70833333333334,0.6993651390075684
frame332,140.45103092783506,140.29896907216494,130.0721649484536,243.26302083333334,241.26302083333334,240.83854166666666,0.9130034446716309
frame333,140.04123711340208,139.8943298969072,129.6597938,245.265625,242.8125,242.26822916666666,1.0048432350158691
frame334,139.71134020618555,139.34536082474227,129.2835051546392,246.03645833333334,244.03645833333334,244.03645833333334,1.0218480825424194
frame335,142.0257731958763,141.61340206185568,132.63144329896906,247.39583333333334,244.74739583333334,244.74739583333334,1.036598801612854
frame336,143.8221649484536,143.18041237113403,135.38144329896906,221.48958333333334,219.31770833333334,218.21875,1.0487339496612549
frame337,144.06185567010309,143.39948453608247,135.7422680412371,161.51302083333334,159.73697916666666,154.7734375,0.901085377
frame338,144.2963917525773,143.69329896907217,136.74742268041237,162.01041666666666,161.98958333333334,155.03125,0.9140013456344604
frame339,145.82474226804123,144.8762886597938,137.88917525773195,164,164,157,0.9019349813461304
frame340,146.66752577319588,146.7577319587629,139.51030927835052,167,166,159,0.8292129039764404
frame341,152.3221649484536,151.99484536082474,145.34278350515464,170,168,162,0.6683312058448792
frame342,168.66752577319588,167.0721649484536,160.93298969072166,171.9765625,169.98177083333334,163.97916666666666,0.4054511487483978
frame343,170.6056701030928,169.03092783505156,162.60824742268042,173.85416666666666,171.87239583333334,165.85416666666666,0.092028603
frame344,169,167,160,175.79947916666666,173.79947916666666,167.77083333333334,0.017643481492996216
frame345,171.9097938,169.9097938,163.89175257731958,176.25,174.95833333333334,168.25,-0.007884324
frame346,169.07731958762886,167.07731958762886,161.07731958762886,175.203125,173.60416666666666,167.203125,-0.019408584
frame347,158.17525773195877,158.65721649484536,153.10309278350516,163.265625,161.47395833333334,155.34895833333334,-0.026319832
frame348,160.23711340206185,160.24742268041237,153.30927835051546,161.96875,161.6953125,154.78645833333334,-0.02998215
frame349,158.06701030927834,157.94329896907217,151.1958762886598,161.1875,161.1875,154.1875,-0.031430632
frame350,152.99742268041237,152.7164948453608,145.94072164948454,160.28125,160.28125,153.28125,-0.031669378
frame351,143.51030927835052,143.10051546391753,136.55154639175257,159.91145833333334,159.91145833333334,152.91145833333334,-0.02314654
frame352,142.8737113402062,142.21907216494844,135.1340206185567,158.03645833333334,158.03645833333334,151.03645833333334,-0.020442903
frame353,142.95618556701032,142.2164948453608,136.07474226804123,157.30208333333334,157.30208333333334,150.30208333333334,-0.020951241
frame354,142.87886597938143,142.15463917525773,135.03865979381445,155.4609375,155.4609375,149.3203125,-0.021552116
frame355,142.26030927835052,141.77319587628867,134.4536082474227,158.49479166666666,157.51302083333334,153.1953125,-0.020755291
frame356,141.0335051546392,140.95618556701032,133.05154639175257,235.9296875,234.55989583333334,233.921875,-0.05899024
frame357,139.42268041237114,138.56701030927834,129.6701030927835,238.35677083333334,236.8984375,236.35677083333334,-0.068430483
frame358,139.81185567010309,138.85051546391753,129.80154639175257,233.83333333333334,232.0390625,232.0390625,-0.060069412
frame359,139.98969072164948,139.33505154639175,129.62886597938143,228.23958333333334,226.60677083333334,226.23958333333334,-0.037401229
frame360,140.57731958762886,140.13917525773195,129.81443298969072,220.55729166666666,219.22135416666666,218.390625,-0.003330529
frame361,142.3402062,141.65721649484536,131.00515463917526,218.4921875,217.23958333333334,216.23958333333334,0.026622146368026733
frame362,144.4536082474227,144.19329896907217,132.67525773195877,216.63541666666666,215.35677083333334,213.63541666666666,0.051682293
frame363,144.57474226804123,144.38917525773195,132.72680412371133,211.1875,209.9375,208.1875,0.083642751
frame364,145.65721649484536,145.4020618556701,133.88659793814432,209.05989583333334,207.49479166666666,206.05989583333334,0.16829881072044373
frame365,146.65721649484536,146.4020618556701,134.88659793814432,209.22916666666666,207.49479166666666,206.05989583333334,0.3762848973274231
frame366,147.63144329896906,147.5,136.26288659793815,209.22916666666666,207.49479166666666,206.05989583333334,0.6283361911773682
frame367,148.66494845360825,148.56701030927834,137.20103092783506,207.14322916666666,205.41145833333334,204.140625,0.8502782583236694
frame368,149.67525773195877,149.58247422680412,138.26546391752578,206.875,205.14322916666666,203.87239583333334,0.9205305576324463
frame369,150.8762886597938,150.58505154639175,139.10309278350516,206.875,205.14322916666666,203.87239583333334,0.9447188377380371
frame370,152.03865979381445,151.8479381443299,140.28092783505156,206.87239583333334,205.14322916666666,203.60416666666666,0.9288928508758545
frame371,153.25257731958763,153.20876288659792,141.46907216494844,206.87239583333334,205.14322916666666,203.60416666666666,0.8784090280532837
frame372,154.66494845360825,154.5180412371134,142.71907216494844,205.09635416666666,204.12760416666666,201.92708333333334,0.7307605743408203
frame373,155.5257731958763,155.52319587628867,143.74742268041237,204.92708333333334,203.828125,202.69010416666666,0.5676151514053345
frame374,156.78865979381445,156.7242268041237,145.32474226804123,204.90885416666666,203.80989583333334,201.80989583333334,0.405983567
frame375,157.43814432989691,157.45876288659792,145.56958762886597,205.86197916666666,204.83854166666666,202.83854166666666,0.31319934129714966
frame376,157.9536082474227,157.95876288659792,146.03092783505156,210.15625,209.14583333333334,206.46354166666666,0.12457531690597534
frame377,157.87886597938143,157.90463917525773,146.0180412371134,210.3125,209.31510416666666,206.32291666666666,0.027615994215011597
frame378,157.97164948453607,157.88917525773195,146.43556701030928,209.58072916666666,207.859375,205.59114583333334,-0.003669053
frame379,158.06958762886597,157.86855670103094,146.1597938,210.6796875,208.82552083333334,206.68489583333334,-0.013604224
frame380,158.31701030927834,158.08505154639175,146.27319587628867,209.71354166666666,207.85677083333334,205.71875,-0.017158329
frame381,158.20618556701032,158.13144329896906,146.17268041237114,210.15885416666666,208.29166666666666,207.0234375,-0.017478853
frame382,158.56958762886597,158.31701030927834,146.44072164948454,218.94270833333334,217.44010416666666,214.94270833333334,-0.015672565
frame383,158.62113402061857,158.33762886597938,146.45103092783506,217.96354166666666,216.52083333333334,214.40364583333334,-0.017404854
frame384,158.49742268041237,158.3659793814433,146.56701030927834,220.78645833333334,219.57291666666666,216.78645833333334,-0.0176754
frame385,158.41237113402062,158.3556701030928,146.66494845360825,220.74479166666666,219.53645833333334,216.74479166666666,-0.01862976
frame386,158.57474226804123,158.4097938,146.86340206185568,220.84895833333334,219.62760416666666,216.84895833333334,-0.01887092
frame387,158.57474226804123,158.4097938,146.86340206185568,220.84895833333334,219.62760416666666,216.84895833333334,-0.018958807
frame388,158.2319587628866,157.9278350515464,146.54896907216494,220.84895833333334,219.62760416666666,216.84895833333334,-0.018350273
frame389,158.6778350515464,158.3737113402062,146.99484536082474,219.5625,217.625,215.5625,-0.019952208
frame390,158.23453608247422,157.92525773195877,146.5541237113402,221.47395833333334,219.50260416666666,217.47395833333334,-0.018321753
frame391,158.32731958762886,158.0180412371134,146.64690721649484,220.11979166666666,218.13020833333334,216.11979166666666,-0.019253969
frame392,158.5463917525773,158.14690721649484,146.8659793814433,222.86979166666666,221.86979166666666,219.02083333333334,-0.018449277
frame393,158.5463917525773,158.14690721649484,146.8659793814433,223.171875,221.18229166666666,219.32291666666666,-0.018559873
frame394,158.56185567010309,158.1597938,146.91494845360825,222.86979166666666,221.86979166666666,219.02083333333334,-0.01853928
frame395,158.56185567010309,158.1597938,146.91494845360825,222.86979166666666,221.86979166666666,219.171875,-0.01845184
frame396,158.22938144329896,158.19329896907217,145.81443298969072,221.20052083333334,220.20052083333334,217.70572916666666,-0.018436253
frame397,158.11340206185568,158.20876288659792,145.58762886597938,223.20572916666666,222.07291666666666,219.328125,-0.018016338
frame398,158.01030927835052,158.1056701030928,145.48453608247422,222.94010416666666,221.94010416666666,219.1953125,-0.017905653
frame399,158.0180412371134,158.11340206185568,145.4922680412371,224.02604166666666,222.0625,220.16927083333334,-0.01764375
frame400,158.2577319587629,158.07474226804123,145.73969072164948,223.78125,221.94010416666666,219.92447916666666,-0.017596841
frame401,158.2242268041237,158.03865979381445,145.69845360824743,223.78125,221.94010416666666,219.92447916666666,-0.017200857
frame402,158.3762886597938,158.08505154639175,145.75,223.78125,221.94010416666666,219.92447916666666,-0.017115802
frame403,158.3762886597938,158.08505154639175,145.75,223.78125,221.94010416666666,219.92447916666666,-0.016932249
frame404,158.54381443298968,158.13144329896906,145.86082474226805,223.765625,221.92447916666666,219.90885416666666,-0.016977996
frame405,158.54381443298968,158.13144329896906,145.86082474226805,223.78125,221.94010416666666,219.92447916666666,-0.01690346
frame406,158.54381443298968,158.13144329896906,145.86082474226805,223.78125,221.94010416666666,219.92447916666666,-0.016859859
frame407,158.54381443298968,158.13144329896906,145.86082474226805,223.78125,221.94010416666666,219.92447916666666,-0.016815305
frame408,158.35824742268042,158.11340206185568,146.63659793814432,222.83333333333334,221.83333333333334,219,-0.01716575
frame409,158.19845360824743,158.1159793814433,146.80154639175257,223.92708333333334,222.08072916666666,220.08072916666666,-0.016715527
frame410,158.3221649484536,158.17525773195877,147.20618556701032,222.234375,221.234375,219.234375,-0.017412335
frame411,158.3221649484536,158.17525773195877,147.20618556701032,223.08072916666666,222.08072916666666,219.38802083333334,-0.017033964
frame412,158.47164948453607,158.2036082474227,147.2164948453608,223.08072916666666,222.08072916666666,219.234375,-0.017230451
frame413,158.47164948453607,158.2036082474227,147.2164948453608,223.92708333333334,222.08072916666666,220.08072916666666,-0.017167836
frame414,158.45103092783506,158.18298969072166,147.1958762886598,223.08072916666666,222.08072916666666,219.234375,-0.017428696
frame415,158.45103092783506,158.18298969072166,147.1958762886598,222.78385416666666,221.78385416666666,219.78385416666666,-0.017524332
frame416,158.45103092783506,158.18298969072166,147.1958762886598,222.78385416666666,221.78385416666666,219.78385416666666,-0.01760301
frame417,158.45103092783506,158.18298969072166,147.1958762886598,222.78385416666666,221.78385416666666,219.78385416666666,-0.017701149
frame418,158.55154639175257,158.27061855670104,147.56185567010309,222.78385416666666,221.78385416666666,219.78385416666666,-0.018009067
frame419,158.5721649484536,158.29123711340208,147.58247422680412,222.78385416666666,220.953125,219.12239583333334,-0.018195122
frame420,158.06185567010309,158.52835051546393,146.31443298969072,225.40625,223.4375,221.4375,-0.016957641
frame421,157.91752577319588,158.46134020618555,146.11855670103094,225.40625,223.4375,221.46875,-0.017210841
frame422,157.83247422680412,158.3762886597938,146.0335051546392,225.40625,223.4375,221.46875,-0.01710999
frame423,157.91752577319588,158.46134020618555,146.11855670103094,225.40625,223.4375,221.46875,-0.017050922
frame424,157.83247422680412,158.3762886597938,146.0335051546392,225.40625,223.4375,221.4375,-0.016642094
frame425,157.85309278350516,158.54123711340208,145.9819587628866,225.40625,223.4375,221.46875,-0.016527653
frame426,157.8479381443299,158.53608247422682,145.97680412371133,225.40625,223.4375,221.46875,-0.016312301
frame427,157.7963917525773,158.62886597938143,145.85309278350516,224.8125,222.875,220.9375,-0.016342133
frame428,157.7963917525773,158.62886597938143,145.85309278350516,223.875,222.875,220.9375,-0.016328782
frame429,157.7963917525773,158.62886597938143,145.85309278350516,224.8125,222.875,220.9375,-0.016067237
frame430,157.7963917525773,158.62886597938143,145.85309278350516,223.875,222.875,220.875,-0.016096443
frame431,157.68041237113403,158.6778350515464,145.65463917525773,224.8125,222.875,220.9375,-0.015750498
frame432,158.54381443298968,158.24484536082474,146.76546391752578,224.26822916666666,222.359375,220.359375,-0.016313642
frame433,158.33505154639175,158.16237113402062,146.44329896907217,223.87239583333334,221.984375,220.09635416666666,-0.015964895
frame434,158.33505154639175,158.16237113402062,146.44329896907217,223.87239583333334,221.984375,219.984375,-0.015999168
frame435,158.38144329896906,158.29123711340208,146.5798969072165,223.87239583333334,221.984375,220.09635416666666,-0.016307145
frame436,158.38144329896906,158.29123711340208,146.5798969072165,223.328125,221.46875,219.46875,-0.016614437
frame437,158.21134020618555,158.12113402061857,146.4097938,224.55208333333334,222.67447916666666,220.67447916666666,-0.015994161
frame438,158.10824742268042,158.01546391752578,146.3041237113402,223.72395833333334,222.72395833333334,220.72395833333334,-0.016052872
frame439,156.99484536082474,156.85051546391753,145.02835051546393,225.33333333333334,223.41666666666666,221.5,-0.01383248
frame440,155.9922680412371,155.85051546391753,144.0257731958763,225.33333333333334,223.41666666666666,221.5,-0.013125241
frame441,154.9536082474227,154.8221649484536,142.84278350515464,225.33333333333334,223.41666666666666,221.5,-0.014136046
frame442,153.9536082474227,153.8221649484536,141.84278350515464,226.25,224.33333333333334,222.41666666666666,-0.020600945
frame443,152.9536082474227,152.8221649484536,140.84278350515464,225.5,224.41666666666666,222.5,-0.034505695
frame444,151.45103092783506,151.44329896907217,139.38144329896906,227.40625,226.375,225.34375,-0.061161608
frame445,150.28865979381445,150.25,138.02319587628867,227.40625,226.375,225.34375,-0.083240211
frame446,148.7835051546392,148.08247422680412,136.75257731958763,227.40625,226.34375,225.34375,-0.082835317
frame447,148.0902062,147.33762886597938,136.0077319587629,227.40625,226.375,225.34375,-0.045230359
frame448,146.4278350515464,146.33762886597938,135.0077319587629,227.60416666666666,226.5625,225.5625,0.02823329
frame449,145.9278350515464,145.33762886597938,134.0077319587629,232.765625,231.2890625,229.8125,0.12121513485908508
frame450,143.74742268041237,144.04381443298968,132.81701030927834,234.9453125,233.25260416666666,231.55989583333334,0.25329911708831787
frame451,142.64175257731958,142.93556701030928,131.7242268041237,236.97395833333334,235.16145833333334,233.35416666666666,0.4317389726638794
frame452,141.0335051546392,141.45103092783506,130.3943298969072,240.64583333333334,239.13802083333334,237.78125,0.6569681167602539
frame453,140.11340206185568,140.60824742268042,129.2577319587629,243.68489583333334,241.6796875,241.16927083333334,0.8298403024673462
frame454,139.79896907216494,140.15721649484536,128.95103092783506,245.390625,242.94270833333334,242.390625,0.9384975433349609
frame455,139.08505154639175,139.55927835051546,128.4097938,246.04166666666666,243.6484375,243.04947916666666,0.9964808225631714
frame456,139.7242268041237,140.1262886597938,130.15463917525773,248.140625,245.61979166666666,245.84635416666666,1.0213299989700317
frame457,143.18298969072166,143.2835051546392,134.61082474226805,228.65364583333334,226.15885416666666,226.38020833333334,1.0380008220672607
frame458,144.04381443298968,143.63659793814432,136.20103092783506,162.33854166666666,158.91145833333334,156.20052083333334,0.8974097967147827
frame459,144.47938144329896,143.9097938,137.29896907216494,161.79947916666666,160.90885416666666,154.796875,0.9074568748474121
frame460,145.96907216494844,145.02319587628867,138.54896907216494,162.96875,162.94791666666666,155.98958333333334,0.8868468999862671
frame461,147.08505154639175,146.75515463917526,139.20103092783506,166.9375,165.92708333333334,159.96875,0.8095756769180298
frame462,152.31443298969072,151.78608247422682,144.6778350515464,168.92708333333334,167.91666666666666,161.94791666666666,0.6495178937911987
frame463,163.70876288659792,163.7422680412371,159.4664948453608,171.91666666666666,169.91666666666666,163.95833333333334,0.39908966422080994
frame464,171.23711340206185,169.62886597938143,163.62886597938143,173,171,165,0.071091875
frame465,175.69072164948454,173.69072164948454,167.69072164948454,175.97916666666666,173.97916666666666,167.98697916666666,0.010544538497924805
frame466,170,168,162,176.90885416666666,174.90885416666666,168.9609375,-0.009993613
frame467,169,167,161,176.59375,175.79166666666666,168.59375,-0.020405293
frame468,159.06185567010309,159.27061855670104,153.2164948453608,161.95833333333334,160.64322916666666,154.27083333333334,-0.026973844
frame469,163.85309278350516,163.1597938,156.85309278350516,163.17447916666666,161.8359375,155.62760416666666,-0.030621052
frame470,160.46907216494844,160.40721649484536,153.97164948453607,162.98697916666666,162.703125,156.61979166666666,-0.032088935
frame471,156.01546391752578,155.82474226804123,148.92268041237114,161.92708333333334,161.92708333333334,155.30208333333334,-0.03270033
frame472,146.55927835051546,145.7319587628866,138.40721649484536,160,160,153,-0.02802211
frame473,143.20103092783506,143.12886597938143,136.06443298969072,159.0625,159.0625,152.0625,-0.022762358
frame474,143.14948453608247,143.08247422680412,135.9664948453608,157.625,157.625,150.625,-0.022579938
frame475,142.97938144329896,142.03092783505156,135.02319587628867,156.4453125,156.4453125,149.4453125,-0.021274298
frame476,142.5257731958763,141.9819587628866,134.9097938,155.79427083333334,155.34635416666666,150.07552083333334,-0.025451928
frame477,141.58247422680412,141.33505154639175,133.67268041237114,208.984375,207.84635416666666,207.13541666666666,-0.059965134
frame478,138.54896907216494,138.64175257731958,130.05670103092783,228.140625,227.140625,226.6328125,-0.069813401
frame479,138.09278350515464,138.93814432989691,129.69845360824743,228.9375,227.9375,227.38541666666666,-0.061669737
frame480,139.03608247422682,139.86082474226805,130.6262886597938,228.50520833333334,227.41666666666666,226.765625,-0.032527268
frame481,139.6262886597938,140.27319587628867,130.69845360824743,223.8203125,222.33854166666666,221.85677083333334,0.019267499446868896
frame482,141.08247422680412,142.5335051546392,132.06958762886597,215.43489583333334,214.02604166666666,213.01041666666666,0.089320406
frame483,143.17268041237114,143.84536082474227,133.36855670103094,211.42447916666666,209.60416666666666,208.6796875,0.25438445806503296
frame484,143.9536082474227,144.6262886597938,134.14948453608247,209.75,207.97916666666666,206.84895833333334,0.600208044
frame485,144.94329896907217,145.63144329896906,135.14948453608247,209.19791666666666,207.421875,206.19791666666666,0.744157076
frame486,146.07731958762886,146.81701030927834,136.21134020618555,207.8671875,206.171875,204.8671875,0.7268962860107422
frame487,146.93814432989691,147.6262886597938,136.77319587628867,206.8671875,205.171875,203.8671875,0.8320133686065674
frame488,147.8840206185567,148.6597938,137.97938144329896,205.54427083333334,203.96354166666666,202.54427083333334,0.9163620471954346
frame489,148.8762886597938,149.6597938,138.97938144329896,205.59635416666666,204.015625,202.59635416666666,0.9525669813156128
frame490,149.89690721649484,150.64948453608247,140.3298969072165,205.4921875,203.96354166666666,202.54427083333334,0.962180495
frame491,151.06185567010309,151.7835051546392,141.39175257731958,206.23958333333334,204.52604166666666,203.23958333333334,0.954160213
frame492,152.16494845360825,152.9201030927835,142.86340206185568,206.1875,204.52604166666666,203.00520833333334,0.9135332107543945
frame493,153.9458762886598,154.54123711340208,144.0798969072165,206.23958333333334,204.52604166666666,203.23958333333334,0.8192312717437744
frame494,155.24484536082474,155.7835051546392,145.18556701030928,204.578125,203.578125,202.05729166666666,0.6509663462638855
frame495,155.9664948453608,156.35309278350516,145.50257731958763,203.86197916666666,202.91666666666666,201.41666666666666,0.4477717876434326
frame496,157.15721649484536,157.4278350515464,146.68814432989691,204.66145833333334,203.60416666666666,201.60416666666666,0.2721679210662842
frame497,157.23453608247422,157.46391752577318,146.55927835051546,203.8046875,202.75,201.60416666666666,0.079664737
frame498,157.57731958762886,157.66494845360825,146.58762886597938,208.40625,207.95572916666666,205.82552083333334,0.014367669820785522
frame499,157.53092783505156,157.69072164948454,146.41752577319588,210.03125,209.046875,206.78645833333334,-0.005657881
frame500,158.38659793814432,158.36340206185568,146.39175257731958,209.2265625,208.17447916666666,205.953125,-0.013788521
frame501,158.28608247422682,158.4536082474227,146.16494845360825,210.40364583333334,209.375,207.22916666666666,-0.015054673
frame502,157.94072164948454,158.07474226804123,145.85309278350516,210.2578125,209.22916666666666,207.08333333333334,-0.016288072
frame503,157.93298969072166,158.07731958762886,145.8556701030928,209.43229166666666,207.578125,206.2578125,-0.018831432
frame504,158.08762886597938,158.21907216494844,146.00257731958763,209.40364583333334,208.375,206.22916666666666,-0.02089867
frame505,158.10309278350516,158.21391752577318,146.02835051546393,209.00520833333334,207.20833333333334,205.7734375,-0.022228628
frame506,158.29381443298968,158.21907216494844,146.16494845360825,208.03645833333334,206.23958333333334,204.8046875,-0.023303539
frame507,157.96907216494844,157.88917525773195,145.86082474226805,220.28645833333334,218.9921875,216.59375,-0.016795695
frame508,158.3298969072165,158.06185567010309,146.2680412371134,219.97916666666666,218.68489583333334,216.2734375,-0.018226981
frame509,158.31443298969072,158.05670103092783,146.2422680412371,221.6875,220.50520833333334,217.859375,-0.017824829
frame510,158.32731958762886,158.0979381443299,146.3840206185567,221.39583333333334,220.203125,217.578125,-0.018082529
frame511,158.3041237113402,158.0979381443299,146.33505154639175,222.22916666666666,221.08854166666666,218.375,-0.017833978
frame512,158.38917525773195,158.3737113402062,145.99484536082474,220.92708333333334,219.10416666666666,217.05208333333334,-0.01866743
frame513,158.16494845360825,158.5463917525773,145.7036082474227,220.92708333333334,219.10416666666666,217.05208333333334,-0.018928796
frame514,157.8659793814433,158.23711340206185,145.4097938,220.92708333333334,219.10416666666666,217.05208333333334,-0.018646389
frame515,157.86082474226805,158.2422680412371,145.39948453608247,220.92708333333334,219.10416666666666,217.05208333333334,-0.018678159
frame516,157.92268041237114,158.21134020618555,145.59278350515464,221.48958333333334,220.40625,218.390625,-0.01830551
frame517,157.92268041237114,158.21134020618555,145.59278350515464,222.390625,220.40625,218.47395833333334,-0.018006206
frame518,157.92268041237114,158.21134020618555,145.59278350515464,222.390625,220.48958333333334,218.47395833333334,-0.017813593
frame519,157.73969072164948,158.31701030927834,145.4278350515464,221.453125,219.61458333333334,217.61458333333334,-0.017903566
frame520,157.81443298969072,158.36082474226805,145.53608247422682,220.61458333333334,219.61458333333334,217.59895833333334,-0.017967552
frame521,157.81443298969072,158.36082474226805,145.53608247422682,220.61458333333334,219.61458333333334,217.61458333333334,-0.017826766
frame522,157.89948453608247,158.30154639175257,145.69329896907217,220.61458333333334,219.46875,217.59895833333334,-0.017790854
frame523,157.89948453608247,158.30154639175257,145.6958762886598,220.61458333333334,219.61458333333334,217.61458333333334,-0.017677337
frame524,158.50257731958763,159.45876288659792,147.22680412371133,219.85416666666666,218.20833333333334,216.15625,-0.020255744
frame525,158.50257731958763,159.3840206185567,147.22680412371133,219.85416666666666,219.03125,216.97916666666666,-0.019902915
frame526,158.50257731958763,159.45876288659792,148.03092783505156,219.03125,218.20833333333334,216.97916666666666,-0.020510912
frame527,158.50257731958763,159.45618556701032,148.03092783505156,219.85416666666666,219.03125,217.80208333333334,-0.020122796
frame528,158.50257731958763,159.45876288659792,148.03092783505156,219.80208333333334,219.03125,217.80208333333334,-0.020260155
frame529,158.30670103092783,159,147.73711340206185,219.80208333333334,219.03125,217.80208333333334,-0.019608021
frame530,158.4536082474227,159.63659793814432,147.8840206185567,220.05208333333334,219.15625,218.05208333333334,-0.020540655
frame531,158.51030927835052,159.69329896907217,147.94072164948454,220.10416666666666,219.20833333333334,218.10416666666666,-0.02088511
frame532,159.25,160.43298969072166,148.68041237113403,219.97916666666666,219.20833333333334,218.15625,-0.022966921
frame533,159.36082474226805,160.54381443298968,148.79123711340208,219.97916666666666,219.20833333333334,218.15625,-0.023380399
frame534,159.46907216494844,160.6520618556701,148.89948453608247,219.97916666666666,219.20833333333334,218.97916666666666,-0.023730159
frame535,159.5180412371134,160.69845360824743,149.0541237113402,219.97916666666666,219.20833333333334,218.97916666666666,-0.023988128
frame536,159.72164948453607,161.16494845360825,150.41237113402062,220.34375,219.52083333333334,219.34375,-0.025387585
frame537,160.05154639175257,161.58762886597938,151.0180412371134,220.2265625,219.41145833333334,219.41145833333334,-0.026854604
frame538,159.81958762886597,161.75257731958763,151.47680412371133,219.41145833333334,219.41145833333334,219.41145833333334,-0.027580559
frame539,160.23969072164948,162.13917525773195,151.59536082474227,219.41145833333334,220.2265625,219.41145833333334,-0.028510541
frame540,160.9020618556701,162.57731958762886,152.11082474226805,219.41145833333334,220.2265625,220.2265625,-0.029715717
frame541,160.2835051546392,162.7835051546392,152.31701030927834,219.41145833333334,220.2265625,220.2265625,-0.029713482
frame542,160.38144329896906,162.83505154639175,152.43814432989691,219.41145833333334,220.2265625,220.2265625,-0.03003037
frame543,161.08247422680412,163.53608247422682,153.3479381443299,219.41145833333334,220.2265625,220.41145833333334,-0.031442076
frame544,161.0979381443299,163.55154639175257,153.7036082474227,219.41145833333334,220.2265625,220.41145833333334,-0.031639069
frame545,161.2680412371134,163.71134020618555,154.31443298969072,219.41145833333334,220.2265625,220.41145833333334,-0.032065123
frame546,161.32474226804123,163.77061855670104,154.33762886597938,219.2265625,220.2265625,220.41145833333334,-0.032094657
frame547,161.38659793814432,163.8298969072165,154.39690721649484,219.2265625,220.2265625,221.2265625,-0.032058716
frame548,162.41237113402062,164.3943298969072,154.8402062,219.34375,220.34375,221.34375,-0.032736182
frame549,162.24484536082474,164.18041237113403,154.46134020618555,218.73958333333334,220.578125,221.578125,-0.032277435
frame550,162.5335051546392,164.45876288659792,154.88144329896906,218.73958333333334,220.73958333333334,221.578125,-0.032505602
frame551,162.51288659793815,164.4201030927835,154.7036082474227,218.73958333333334,220.578125,221.73958333333334,-0.032288432
frame552,162.93298969072166,164.80670103092783,155.21907216494844,218.73958333333334,220.73958333333334,221.73958333333334,-0.032618552
frame553,162.16237113402062,164.73969072164948,155.05927835051546,218.73958333333334,220.578125,221.73958333333334,-0.03224811
frame554,162.19845360824743,165.1262886597938,155.50257731958763,218.578125,220.73958333333334,221.73958333333334,-0.032613724
frame555,162.19845360824743,165.1262886597938,156.4097938,218.578125,220.73958333333334,222.578125,-0.032902151
frame556,162.19845360824743,165.1262886597938,156.37886597938143,218.578125,220.73958333333334,222.578125,-0.032977253
frame557,162.09536082474227,165.02319587628867,156.31958762886597,218.578125,220.73958333333334,222.578125,-0.032941937
frame558,162.0077319587629,164.9201030927835,156.23711340206185,218.2265625,220.41145833333334,222.2265625,-0.032923967
frame559,161.37113402061857,164.3041237113402,155.51546391752578,218.2265625,220.41145833333334,222.41145833333334,-0.03222537
frame560,160.6958762886598,163.5180412371134,154.92268041237114,217.20833333333334,220.26041666666666,222.15625,-0.031504422
frame561,159.51288659793815,162.49484536082474,153.66494845360825,217.28125,220.33333333333334,223.10416666666666,-0.029648185
frame562,158.03865979381445,161.02061855670104,152.19072164948454,217.15625,220.20833333333334,222.97916666666666,-0.026657581
frame563,156.70103092783506,159.68298969072166,150.85309278350516,217.15625,220.20833333333334,222.97916666666666,-0.023366332
frame564,155.29123711340208,158.25257731958763,149.44329896907217,217.15625,220.20833333333334,222.97916666666666,-0.020085514
frame565,153.9742268041237,156.90463917525773,148.1262886597938,217.15625,220.15625,222.97916666666666,-0.01817134
frame566,152.43556701030928,155.34536082474227,146.58762886597938,218.34114583333334,221.34114583333334,224.23697916666666,-0.016966373
frame567,150.94072164948454,153.8762886597938,145.04123711340208,218.38020833333334,221.4609375,224.36458333333334,-0.022237927
frame568,149.72938144329896,152.61082474226805,143.8762886597938,218.41145833333334,221.49479166666666,224.3984375,-0.033530653
frame569,148.31701030927834,151.36340206185568,142.6159793814433,219.75,222.76302083333334,226.73958333333334,-0.056205094
frame570,146.00515463917526,150.01030927835052,141.10051546391753,225.96875,229.5078125,232.51302083333334,-0.09477824
frame571,144.77061855670104,148.92268041237114,139.67268041237114,226.8046875,230.328125,233.8046875,-0.119602829
frame572,143.57731958762886,147.78865979381445,139.1056701030928,229.61458333333334,233.3125,237.3125,-0.06131795
frame573,141.28865979381445,144.68814432989691,136.93814432989691,232.859375,236.859375,240.55208333333334,0.2951884865760803
frame574,140.3298969072165,143.72938144329896,135.9819587628866,236.17708333333334,240.359375,244.17708333333334,1.3445004224777222
frame575,139.13144329896906,142.6958762886598,134.81958762886597,237.16666666666666,241.35677083333334,246.4296875,2.289926528930664
frame576,138.96134020618555,142.43041237113403,134.6520618556701,238.61458333333334,242.75,247.93229166666666,2.767089366912842
frame577,139.5077319587629,142.9020618556701,135.60824742268042,239.25,243.06770833333334,248.25,2.938933849334717
frame578,144.08762886597938,147.8298969072165,143.5721649484536,233.20572916666666,237.03645833333334,242.20833333333334,3.1152238845825195
frame579,144.6443298969072,147.83505154639175,143.68814432989691,166.79427083333334,169.29427083333334,168.30208333333334,2.502126932144165
frame580,144.88917525773195,148.62113402061857,144.55154639175257,165,168,165,1.4159462451934814
frame581,145.64948453608247,149.35824742268042,145.91494845360825,168,170,168,0.5080789923667908
frame582,147.08762886597938,150.7757731958763,147.7422680412371,169.984375,172.98177083333334,169.984375,0.17638197541236877
frame583,149.86082474226805,153.69329896907217,150.26288659793815,171.8125,174.78125,171.8125,0.11086195707321167
frame584,166.54896907216494,169.39948453608247,166.71907216494844,175,179,175,0.041247487
frame585,170.52061855670104,173.6597938,170.79123711340208,176.76302083333334,180.72916666666666,177.72916666666666,0.013985931873321533
frame586,171.96134020618555,175,172.03865979381445,178.015625,181.875,179.734375,-0.003847688
frame587,170.8298969072165,173.8298969072165,171.1958762886598,179.01302083333334,182.72916666666666,180.72916666666666,-0.016766995
frame588,164.71134020618555,167.0335051546392,165.0335051546392,166.640625,166.3984375,165.1328125,-0.024597496
frame589,164.7835051546392,166.83762886597938,164.7835051546392,164.8671875,165.3984375,164.03125,-0.031100899
frame590,161.33505154639175,165.12886597938143,162.18041237113403,163.92447916666666,164.03125,162.03645833333334,-0.034564793
frame591,157.92268041237114,160.6778350515464,157.32474226804123,162.69791666666666,163.20833333333334,160.96875,-0.036179662
frame592,146.6701030927835,149.79381443298968,146.14175257731958,161.10677083333334,163.390625,160.72395833333334,-0.035032988
frame593,142.94329896907217,145.40463917525773,141.89175257731958,159.09375,162.52604166666666,159.671875,-0.032035977
frame594,142.1340206185567,144.46391752577318,141.1443298969072,158.63802083333334,162.61458333333334,159.62239583333334,-0.029659659
frame595,141.62113402061857,144.22938144329896,140.83762886597938,157.5625,161.5625,158.5625,-0.028688818
frame596,140.93814432989691,143.6701030927835,140.18814432989691,156.97395833333334,160.95572916666666,157.95833333333334,-0.027299196
frame597,140.35824742268042,143.2963917525773,139.03865979381445,185.328125,188.3359375,190.86458333333334,-0.029052436
frame598,135.82731958762886,139.20103092783506,134.20618556701032,225.38802083333334,228.77604166666666,233.38020833333334,-0.061914593
frame599,134.7963917525773,138.01546391752578,130.5335051546392,222.4453125,225.953125,230.125,-0.064067274
frame600,135.58762886597938,139.02061855670104,130.87113402061857,222.70052083333334,226.2265625,230.2265625,-0.023949593
frame601,135.97164948453607,139.12886597938143,131.3556701030928,213.99479166666666,216.83333333333334,220.83333333333334,0.084643573
frame602,136.58505154639175,139.8659793814433,132.0902062,212.03125,214.67708333333334,218.67708333333334,0.7147509455680847
frame603,138.5721649484536,140.9201030927835,132.9819587628866,207.5859375,211.125,213.625,1.658717155456543
frame604,139.8840206185567,142.64690721649484,133.99484536082474,205.79427083333334,209.203125,211.96354166666666,2.501000165939331
frame605,140.9097938,143.64690721649484,134.8479381443299,202.38020833333334,205.4609375,208.87760416666666,2.8755831718444824
frame606,141.33247422680412,144.36340206185568,135.03865979381445,201.15625,204.15625,206.84895833333334,2.9649367332458496
frame607,143.00257731958763,145.95103092783506,136.2164948453608,201.15625,204.15625,206.84895833333334,2.8386662006378174
frame608,143.31185567010309,146.33505154639175,136.50515463917526,200.84895833333334,203.54166666666666,206.54166666666666,2.6085386276245117
frame609,144.29896907216494,147.3041237113402,137.33247422680412,199.84895833333334,202.54166666666666,205.234375,1.7257388830184937
frame610,145.4278350515464,148.44072164948454,138.44845360824743,197.89583333333334,200.48697916666666,202.97395833333334,0.8537524938583374
frame611,146.77061855670104,149.82474226804123,140.09278350515464,196.35677083333334,198.94791666666666,200.35677083333334,0.8855768442153931
frame612,148.07731958762886,151.21134020618555,141.55154639175257,195.35677083333334,197.94791666666666,199.3046875,0.93211484
frame613,149.29381443298968,152.19845360824743,142.80670103092783,194.765625,197.3046875,198.3046875,0.9094648361206055
frame614,150.47938144329896,153.57731958762886,144.16237113402062,196.05729166666666,198.29166666666666,199.29166666666666,0.8535169363021851
frame615,151.23453608247422,154.48453608247422,144.18041237113403,194.05729166666666,195.52604166666666,196.578125,0.74554497
frame616,152.55670103092783,155.3737113402062,144.70618556701032,193.625,194.91666666666666,196.20572916666666,0.6525752544403076
frame617,153.35051546391753,155.05670103092783,144.6237113402062,194.83333333333334,194.984375,195.9609375,0.33587825298309326
frame618,154.04896907216494,155.35824742268042,144.92525773195877,197.99479166666666,199.17447916666666,198.99479166666666,0.1093733161687851
frame619,154.43556701030928,155.8041237113402,145.49484536082474,198.08333333333334,198.703125,198.6484375,0.020155876874923706
frame620,154.81443298969072,156.21391752577318,145.67525773195877,199.35416666666666,199.36458333333334,198.67447916666666,-0.00561583
frame621,155.4458762886598,156.8479381443299,145.91237113402062,199.4921875,199.4921875,198.77083333333334,-0.015924007
frame622,157.0180412371134,157.58505154639175,146.29896907216494,199.34114583333334,199.10416666666666,198.34114583333334,-0.019533664
frame623,157.17525773195877,157.69845360824743,146.71391752577318,199.99739583333334,199.85416666666666,198.85416666666666,-0.020988554
frame624,157.48711340206185,158.0180412371134,147.0257731958763,199.99739583333334,199.85416666666666,197.99739583333334,-0.023301274
frame625,157.32474226804123,157.75515463917526,146.9097938,200.25260416666666,200.14583333333334,198.25260416666666,-0.024477452
frame626,157.40721649484536,157.78865979381445,146.74742268041237,208.72916666666666,207.72916666666666,206.65885416666666,-0.021265984
frame627,157.58247422680412,158.0541237113402,145.55927835051546,213.26041666666666,212.20833333333334,210.98697916666666,-0.018745989
frame628,157.5798969072165,158.05154639175257,146.27319587628867,214.0390625,212.26041666666666,211.0390625,-0.019813716
frame629,157.5463917525773,157.8041237113402,145.7319587628866,213.11458333333334,212.04166666666666,210.84114583333334,-0.019661337
frame630,157.5335051546392,157.7963917525773,145.77061855670104,214.21614583333334,212.42708333333334,211.21614583333334,-0.019761801
frame631,157.70103092783506,157.88144329896906,145.89690721649484,213.42708333333334,212.375,211.1640625,-0.02021265
frame632,157.6958762886598,157.87113402061857,145.84278350515464,214.59114583333334,212.82552083333334,211.59114583333334,-0.019897163
frame633,157.86855670103094,157.9819587628866,146.07474226804123,214.17447916666666,213.14583333333334,211.91927083333334,-0.020334542
frame634,157.7577319587629,157.86855670103094,146.96134020618555,216.76822916666666,214.7890625,212.828125,-0.019791245
frame635,157.60309278350516,157.70618556701032,145.90721649484536,217.02604166666666,215.04947916666666,213.07552083333334,-0.018804342
frame636,157.61082474226805,157.68556701030928,146.50515463917526,217.02604166666666,215.04947916666666,213.07552083333334,-0.019297391
frame637,157.93298969072166,157.53608247422682,145.72938144329896,216.95052083333334,215,213.02604166666666,-0.019001395
frame638,158.4536082474227,157.5335051546392,146.66752577319588,216.20833333333334,214.24739583333334,212.26822916666666,-0.020419002
frame639,158.30154639175257,157.83762886597938,146.42525773195877,215.16666666666666,213.21875,211.21875,-0.020914346
frame640,158.44845360824743,157.8659793814433,147.23711340206185,215.16666666666666,213.21875,211.21875,-0.021695346
frame641,158.46391752577318,157.86082474226805,146.58762886597938,215.16666666666666,213.21875,211.21875,-0.021418631
frame642,158.56701030927834,157.86082474226805,146.6340206185567,215.16666666666666,213.21875,211.21875,-0.021818936
frame643,158.55154639175257,157.75257731958763,146.50257731958763,215.16666666666666,213.21875,211.21875,-0.021781474
frame644,158.7036082474227,157.91494845360825,146.82731958762886,217.11458333333334,215.16666666666666,213.16666666666666,-0.02136898
frame645,157.49742268041237,157.73453608247422,146.36082474226805,220.95833333333334,218.0625,217.01041666666666,-0.018597215
frame646,156.95618556701032,157.54381443298968,146.18041237113403,225.0859375,223.17708333333334,221.26822916666666,-0.016918689
frame647,156.88659793814432,157.5,146.3221649484536,226.28125,224.28125,223.28125,-0.016489983
frame648,156.9201030927835,157.65463917525773,146.20103092783506,216.48177083333334,215.34375,213.39583333333334,-0.018833518
frame649,157.28608247422682,157.48711340206185,146.21907216494844,214.140625,211.625,210.57291666666666,-0.019687951
frame650,157.71134020618555,157.61082474226805,147.28092783505156,216.53645833333334,214.578125,212.7578125,-0.019045204
frame651,157.61855670103094,157.26546391752578,144.93814432989691,220.69270833333334,218.01822916666666,216.74479166666666,-0.016309768
frame652,157.8298969072165,157.52835051546393,145.8402062,215.86458333333334,213.953125,212.1640625,-0.019079208
frame653,157.77319587628867,157.47164948453607,145.1520618556701,217.609375,215.34375,214.34375,-0.018107086
frame654,158.20103092783506,157.56443298969072,146.7242268041237,222.5859375,220.5859375,219.31770833333334,-0.017514288
frame655,158.39948453608247,157.5798969072165,146.95876288659792,217.41666666666666,215.546875,213.63541666666666,-0.019548237
frame656,158.33762886597938,157.49484536082474,146.7577319587629,224.96354166666666,223.16145833333334,221.25,-0.016095042
frame657,158.2835051546392,157.46134020618555,146.74484536082474,227.5625,225.84895833333334,224.5625,-0.015707552
frame658,158.68814432989691,157.87113402061857,147.1701030927835,232.203125,230.49739583333334,228.97135416666666,-0.015276164
frame659,158.4536082474227,157.79381443298968,147.49484536082474,233.9296875,232.05208333333334,230.05208333333334,-0.014408827
frame660,158.49484536082474,157.8402062,147.55154639175257,238.0546875,236.09895833333334,234.09895833333334,-0.012708664
frame661,158.88144329896906,158.1958762886598,147.86340206185568,235.296875,233.296875,231.52864583333334,-0.013937145
frame662,158.1340206185567,158.29123711340208,147.65463917525773,241.390625,239.390625,238.125,-0.010713726
frame663,158.42525773195877,158.96907216494844,147.05154639175257,240.81770833333334,238.0625,237.94010416666666,-0.012520224
frame664,158.48453608247422,157.94072164948454,146.89175257731958,240.89322916666666,239.35416666666666,237.39583333333334,-0.011576593
frame665,158.78865979381445,159.3943298969072,147.41752577319588,235.921875,233.921875,233.2890625,-0.012518674
frame666,158.91237113402062,159.67525773195877,148.05670103092783,229.3828125,226.74739583333334,226.3828125,-0.01323548
frame667,159.75515463917526,159.48969072164948,148.09278350515464,219.671875,216.85677083333334,216.66927083333334,-0.018701762
frame668,159.6159793814433,159.3402062,147.94329896907217,216.24739583333334,214.25,213.99479166666666,-0.020148158
frame669,159.19329896907217,158.91752577319588,147.52061855670104,214.5546875,212.55729166666666,211.5546875,-0.020091444
frame670,159.18298969072166,158.9278350515464,147.5,214.23958333333334,212.5546875,211.5546875,-0.020337105
frame671,158.64690721649484,158.59278350515464,147.16494845360825,214.09375,212.42447916666666,210.76302083333334,-0.019538552
frame672,158.47680412371133,158.5077319587629,147.03092783505156,214.8359375,213.15625,212.15625,-0.019170791
frame673,158.85824742268042,158.57731958762886,147.17268041237114,215.15625,213.4765625,212.4765625,-0.020148754
frame674,158.46907216494844,158.3221649484536,147.2164948453608,215.796875,213.796875,213.4765625,-0.019669592
frame675,158.96907216494844,158.04896907216494,146.8556701030928,216.109375,213.67708333333334,213.24479166666666,-0.020183116
frame676,158.92525773195877,158.07731958762886,146.6778350515464,215.734375,213.26041666666666,212.78645833333334,-0.020603448
frame677,158.56701030927834,157.71907216494844,146.31958762886597,215.734375,213.26041666666666,212.78645833333334,-0.020015568
frame678,158.56701030927834,157.71907216494844,146.31958762886597,217.26041666666666,214.26041666666666,213.78645833333334,-0.01971519
frame679,158.32731958762886,157.47938144329896,145.99742268041237,217.26041666666666,214.78645833333334,213.78645833333334,-0.019226849
frame680,157.96134020618555,157.11340206185568,145.71391752577318,217.26041666666666,214.78645833333334,213.78645833333334,-0.018744737
frame681,157.1237113402062,156.26288659793815,144.8762886597938,217.734375,215.26041666666666,214.26041666666666,-0.017118365
frame682,155.91237113402062,155.0335051546392,143.5721649484536,218.26041666666666,215.26041666666666,214.78645833333334,-0.015791804
frame683,154.04896907216494,153.6056701030928,141.3659793814433,218.734375,216.20833333333334,215.26041666666666,-0.017119616
frame684,152.96391752577318,152.55670103092783,140.6159793814433,219.26041666666666,216.734375,215.78645833333334,-0.022453785
frame685,151.19072164948454,151.39175257731958,139.31443298969072,220.2421875,218.23958333333334,216.8046875,-0.039621294
frame686,150.10824742268042,150.3737113402062,138.29896907216494,223.01822916666666,221.01822916666666,219.7421875,-0.064318717
frame687,149.3556701030928,149.19072164948454,137.39690721649484,224.015625,222.7421875,220.01822916666666,-0.084515989
frame688,148.09536082474227,148.07731958762886,135.9201030927835,223.35677083333334,221.359375,219.359375,-0.081770599
frame689,147.22938144329896,147.20618556701032,135.05927835051546,224.046875,222.04947916666666,220.04947916666666,-0.036250085
frame690,146.23969072164948,146.21391752577318,134.08247422680412,224.890625,222.90625,221.61979166666666,0.042286962270736694
frame691,145.09278350515464,145.06701030927834,132.93556701030928,232.6015625,231.140625,229.58072916666666,0.12833577394485474
frame692,143.91494845360825,143.9201030927835,131.78865979381445,235.90625,233.90364583333334,232.39583333333334,0.2325710952281952
frame693,142.30670103092783,142.41752577319588,130.30927835051546,236.81510416666666,234.81510416666666,234.0546875,0.36093270778656006
frame694,140.96134020618555,140.89690721649484,128.96391752577318,238.53385416666666,236.20052083333334,235.53385416666666,0.4831404685974121
frame695,140.75,140.54381443298968,128.70103092783506,244.02083333333334,241.35416666666666,241.02083333333334,0.6134426593780518
frame696,139.91752577319588,139.67525773195877,127.93041237113403,244.07291666666666,241.4296875,241.1796875,0.7645798921585083
frame697,139.82474226804123,140.11340206185568,129.81958762886597,244.9140625,243.02083333333334,242.4453125,0.8598140478134155
frame698,141.70876288659792,140.57731958762886,132.70618556701032,245.82291666666666,244.5,243.375,0.9529759883880615
frame699,143.51288659793815,143.4819587628866,137.88659793814432,188.609375,187.125,184.39322916666666,0.9204186201095581
frame700,144.11855670103094,143.69072164948454,137.7577319587629,161.22916666666666,159.36458333333334,154.83072916666666,0.8708144426345825
frame701,145,144.58505154639175,139.3479381443299,161.81770833333334,160.78125,155.0625,0.8661278486251831
frame702,146.60824742268042,145.88659793814432,139.75,164,163,157,0.808641255
frame703,147.76546391752578,146.9922680412371,140.61855670103094,168,166,160,0.6773485541343689
frame704,157.48969072164948,156.70876288659792,150.65463917525773,171,169,163,0.48687630891799927
frame705,169.92268041237114,168.93814432989691,162.11855670103094,172,171,164,0.24029377102851868
frame706,172.0335051546392,170.7835051546392,164.05154639175257,174,173,166,0.032621771
frame707,168.61340206185568,166.69072164948454,160.69072164948454,176.4375,175.3671875,168.4375,0.000182271
frame708,169.65463917525773,168.65463917525773,161.65463917525773,177.03125,176.03125,168.3125,-0.01132828
frame709,158.91237113402062,159.1340206185567,153.1340206185567,162.90364583333334,160.04947916666666,154.0078125,-0.016417652
frame710,155.77061855670104,156.81701030927834,152.5979381443299,161.4765625,158.8515625,152.84895833333334,-0.020444304
frame711,156.13659793814432,156.57731958762886,150.95618556701032,161.16145833333334,159.79427083333334,153.79166666666666,-0.023172617
frame712,149.28608247422682,149.06701030927834,142.36855670103094,159.70833333333334,159.09895833333334,152.30208333333334,-0.023465276
frame713,143.3298969072165,143.00515463917526,135.64948453608247,158.81510416666666,158.54947916666666,151.63802083333334,-0.017806649
frame714,142.21907216494844,141.69329896907217,135.30927835051546,157.57291666666666,157.57291666666666,150.57291666666666,-0.016960263
frame715,141.39175257731958,140.93041237113403,134.48711340206185,156.4375,156.4375,149.4375,-0.016323745
frame716,140.20103092783506,141.02319587628867,134.09536082474227,156.09375,156.02864583333334,149.2890625,-0.01625523
frame717,139.61082474226805,140.81958762886597,132.95876288659792,166.15885416666666,166.59114583333334,161.19270833333334,-0.002306014
frame718,137.64948453608247,138.07731958762886,129.65721649484536,231.99739583333334,231.24739583333334,230.8515625,-0.049986184
frame719,135.7164948453608,136.34278350515464,127.27835051546391,224.99739583333334,223.51041666666666,223.359375,-0.063976556
frame720,137.36855670103094,138.10051546391753,128.10309278350516,227.07552083333334,225.57291666666666,224.98697916666666,-0.057438046
frame721,137.95876288659792,138.82474226804123,128.43814432989691,220.96875,219.38541666666666,218.6015625,-0.036905646
frame722,139.05927835051546,139.77061855670104,129.9201030927835,220.71875,219.17708333333334,218.17708333333334,-0.002821654
frame723,141.20618556701032,141.9536082474227,131.10824742268042,214.48177083333334,213.12760416666666,212.52864583333334,0.028490126132965088
frame724,142.28092783505156,142.99742268041237,132.0902062,210.75,209.17708333333334,207.94791666666666,0.059637696
frame725,143.27319587628867,143.64948453608247,132.67525773195877,207.54166666666666,205.84895833333334,204.54166666666666,0.099308461
frame726,144.7036082474227,145.06958762886597,134.0180412371134,207.54166666666666,205.84895833333334,204.54166666666666,0.18366675078868866
frame727,145.88917525773195,146.27061855670104,135.2036082474227,206.484375,204.77083333333334,203.484375,0.3811587393283844
frame728,146.5798969072165,147.04381443298968,135.88917525773195,206.80989583333334,204.5078125,203.203125,0.6463552117347717
frame729,147.5798969072165,148.0180412371134,136.88917525773195,206.15885416666666,204.5078125,203.203125,0.8551520109176636
frame730,149.0257731958763,149.38659793814432,137.5,203.6875,202.24479166666666,200.6875,0.9248822927474976
frame731,150.1443298969072,150.42268041237114,138.40463917525773,203.29166666666666,201.79947916666666,200.29166666666666,0.945443869
frame732,151.80670103092783,152.0979381443299,140.3221649484536,201.9765625,200.9765625,199.44791666666666,0.9069775342941284
frame733,153.03092783505156,153.28865979381445,141.3402062,202.125,200.65364583333334,199.33072916666666,0.8165922164916992
frame734,154.26030927835052,154.49742268041237,142.5902062,202.609375,201.609375,199.765625,0.6306089758872986
frame735,155.37113402061857,155.55670103092783,143.5257731958763,202.66145833333334,201.30729166666666,199.89583333333334,0.45432281494140625
frame736,155.9201030927835,156.25515463917526,144.06443298969072,203.28645833333334,202.11197916666666,200.8828125,0.31474214792251587
frame737,156.5180412371134,156.91494845360825,144.59278350515464,204.11979166666666,203,201,0.21176403760910034
frame738,157.30670103092783,157.59278350515464,145.10824742268042,202.96875,201.85416666666666,198.96875,0.060314342
frame739,156.97164948453607,157.66237113402062,144.96391752577318,208.48177083333334,206.70833333333334,205.17708333333334,0.010875225067138672
frame740,156.7835051546392,157.56701030927834,144.8221649484536,207.77083333333334,206.02083333333334,204.42447916666666,-0.009948283
frame741,156.83505154639175,157.61855670103094,144.7963917525773,208.37760416666666,206.609375,205.10677083333334,-0.016341388
frame742,157.41752577319588,157.49484536082474,145.71907216494844,207.2265625,205.44791666666666,203.2265625,-0.019030541
frame743,157.40463917525773,157.55927835051546,145.48711340206185,208.3359375,206.49479166666666,205.16145833333334,-0.017873734
frame744,157.54381443298968,157.58762886597938,145.79123711340208,207.61458333333334,205.76822916666666,204.4453125,-0.019231677
frame745,157.58247422680412,157.6520618556701,145.65463917525773,207.90625,206.0234375,204.7734375,-0.020144492
frame746,157.85051546391753,157.72164948453607,145.8737113402062,214.23958333333334,212.67447916666666,210.23958333333334,-0.018746465
frame747,157.93556701030928,157.72938144329896,145.31701030927834,216.39322916666666,214.98697916666666,212.39322916666666,-0.018346041
frame748,157.98711340206185,157.6443298969072,145.28092783505156,218.34114583333334,216.63541666666666,214.7890625,-0.018139035
frame749,158.0541237113402,157.69329896907217,145.08505154639175,218.34114583333334,216.63541666666666,214.7890625,-0.018477142
frame750,158.24484536082474,157.73453608247422,145.38144329896906,218.40885416666666,216.69010416666666,214.69010416666666,-0.018971771
frame751,158.24484536082474,157.73453608247422,145.38144329896906,219.53385416666666,217.75260416666666,215.75260416666666,-0.018584281
frame752,158.30154639175257,157.76030927835052,145.48969072164948,219.53385416666666,217.75260416666666,215.75260416666666,-0.018758237
frame753,158.37886597938143,157.79381443298968,145.40463917525773,218.765625,216.984375,215.1875,-0.019087851
frame754,157.55927835051546,157.73711340206185,146.28608247422682,219.5,217.625,215.625,-0.018787742
frame755,157.69845360824743,157.79896907216494,146.09278350515464,220.140625,218.27864583333334,216.41666666666666,-0.018422842
frame756,157.73969072164948,157.84536082474227,146.14948453608247,220.140625,218.27864583333334,216.27864583333334,-0.01850605
frame757,157.73969072164948,157.84536082474227,146.14948453608247,220.125,218.26302083333334,216.40104166666666,-0.01847443
frame758,157.67268041237114,157.77835051546393,146.08247422680412,219.54427083333334,217.66666666666666,215.7890625,-0.018443197
frame759,157.70103092783506,157.77835051546393,146.08247422680412,219.54427083333334,217.66666666666666,215.7890625,-0.018445134
frame760,157.4922680412371,157.60051546391753,145.9097938,219.54427083333334,217.66666666666666,215.7890625,-0.018112272
frame761,157.47938144329896,157.5798969072165,145.8737113402062,219.54427083333334,217.66666666666666,215.7890625,-0.018138409
frame762,157.4819587628866,157.64175257731958,146.0541237113402,219.54427083333334,217.66666666666666,215.7890625,-0.018189162
frame763,157.4819587628866,157.64175257731958,146.0541237113402,219.54427083333334,217.66666666666666,215.7890625,-0.018137962
frame764,157.46907216494844,157.65721649484536,146.22680412371133,219.54427083333334,217.66666666666666,215.66666666666666,-0.018144429
frame765,157.47164948453607,157.63144329896906,146.1443298969072,219.54427083333334,217.66666666666666,215.7890625,-0.017957896
frame766,157.55927835051546,157.5257731958763,146.0979381443299,217.16666666666666,216.16666666666666,213.98958333333334,-0.018504649
frame767,157.51546391752578,157.69072164948454,146.02319587628867,218.9453125,217.125,215.125,-0.018011421
frame768,157.3041237113402,157.4097938,146.00515463917526,218.765625,216.9453125,214.765625,-0.017759711
frame769,157.51546391752578,157.62113402061857,146.2164948453608,218.9453125,217.125,215.3046875,-0.018058896
frame770,157.54123711340208,157.62113402061857,146.2164948453608,218.765625,216.9453125,214.765625,-0.018112421
frame771,157.54123711340208,157.62113402061857,146.2164948453608,218.9453125,217.125,215.125,-0.018002182
frame772,157.54123711340208,157.62113402061857,146.2164948453608,218.8125,216.98958333333334,214.8125,-0.018078417
frame773,157.54123711340208,157.62113402061857,146.2164948453608,218.8125,216.98958333333334,214.8125,-0.018076003
frame774,157.3298969072165,157.4097938,146.00515463917526,218.8125,216.98958333333334,214.8125,-0.017689794
frame775,157.54123711340208,157.62113402061857,146.2164948453608,218.8125,216.98958333333334,214.8125,-0.018116474
frame776,157.54123711340208,157.62113402061857,146.2164948453608,218.8125,216.98958333333334,214.8125,-0.018104166
frame777,157.54123711340208,157.62113402061857,146.2164948453608,218.8125,216.98958333333334,214.8125,-0.018111438
frame778,157.69072164948454,157.88659793814432,146.84536082474227,218.8125,216.98958333333334,214.8125,-0.018652678
frame779,157.63659793814432,157.83762886597938,146.56185567010309,218.98958333333334,217.16666666666666,215.34375,-0.018260926
frame780,157.64690721649484,157.77835051546393,146.60824742268042,218.8125,216.98958333333334,214.8125,-0.018390059
frame781,157.64690721649484,157.77835051546393,146.60824742268042,218.8125,216.98958333333334,214.8125,-0.018391609
frame782,157.64690721649484,157.77835051546393,146.60824742268042,218.8125,216.98958333333334,214.8125,-0.018409699
frame783,157.64690721649484,157.77835051546393,146.60824742268042,218.8125,216.98958333333334,214.8125,-0.018440008
frame784,157.69845360824743,157.8298969072165,146.6597938,218.8125,216.98958333333334,214.8125,-0.018568844
frame785,157.74484536082474,157.8762886597938,146.70618556701032,218.98958333333334,217.16666666666666,215.34375,-0.018612236
frame786,157.75515463917526,157.88659793814432,146.7164948453608,218.98958333333334,217.16666666666666,215.16666666666666,-0.018664002
frame787,157.75515463917526,157.88659793814432,146.7164948453608,218.98958333333334,217.16666666666666,215.34375,-0.018669724
frame788,157.52835051546393,157.80670103092783,146.41237113402062,218.98958333333334,217.16666666666666,215.16666666666666,-0.018390447
frame789,157.5077319587629,157.78608247422682,146.39175257731958,218.98958333333334,217.16666666666666,215.34375,-0.018433303
frame790,157.19329896907217,157.7577319587629,145.4020618556701,218.98958333333334,217.16666666666666,215.34375,-0.017958194
frame791,157.18556701030928,157.8221649484536,145.27319587628867,218.98958333333334,217.16666666666666,215.34375,-0.018179566
frame792,157.28092783505156,157.77061855670104,145.69845360824743,218.98958333333334,217.16666666666666,215.34375,-0.018346548
frame793,157.25515463917526,157.7319587628866,145.6340206185567,218.98958333333334,217.16666666666666,215.34375,-0.018099874
frame794,157.26546391752578,157.7422680412371,145.6443298969072,218.98958333333334,217.16666666666666,215.34375,-0.018007219
frame795,157.26546391752578,157.7422680412371,145.6443298969072,219.03385416666666,217.20833333333334,215.20833333333334,-0.017913491
frame796,157.2680412371134,157.74484536082474,145.64690721649484,219.03385416666666,217.20833333333334,215.20833333333334,-0.017837822
frame797,157.33505154639175,157.81185567010309,145.71391752577318,219.03385416666666,217.20833333333334,215.20833333333334,-0.017907411
frame798,157.33505154639175,157.81185567010309,145.71391752577318,219.03385416666666,217.20833333333334,215.20833333333334,-0.017846972
frame799,157.25515463917526,157.7319587628866,145.6340206185567,219.03385416666666,217.20833333333334,215.3828125,-0.017662525
frame800,156.67525773195877,157.1520618556701,145.0541237113402,219.03385416666666,217.20833333333334,215.3828125,-0.016644269
frame801,156.07474226804123,156.45618556701032,144.4536082474227,219.03385416666666,217.20833333333334,215.3828125,-0.015547842
frame802,155.3041237113402,155.27061855670104,143.41752577319588,219.8125,217.98958333333334,216.16666666666666,-0.013934553
frame803,154.06958762886597,154.1262886597938,142.08247422680412,219.625,217.8125,216,-0.014147103
frame804,152.81701030927834,152.87886597938143,140.83762886597938,219.8125,217.1875,216.1875,-0.019290805
frame805,151.81443298969072,151.84278350515464,139.83762886597938,219.85677083333334,217.2265625,216.2265625,-0.032535315
frame806,150.70103092783506,150.84278350515464,138.83762886597938,219.85677083333334,217.2265625,216.2265625,-0.054428041
frame807,149.77835051546393,149.84278350515464,137.83505154639175,219.6796875,217.0703125,216.0703125,-0.080209911
frame808,148.5,148.70618556701032,136.76546391752578,222.11458333333334,219.21875,218.21875,-0.093900174
frame809,147.54896907216494,147.76288659793815,135.81958762886597,223.46354166666666,220.53645833333334,219.52604166666666,-0.076053202
frame810,146.54896907216494,146.75515463917526,134.81958762886597,228.28125,226.29166666666666,224.82552083333334,-0.007036448
frame830,160,160,154,162.70052083333334,159.84635416666666,154.68229166666666,-0.019358724
frame831,158.02319587628867,157.9458762886598,151.37886597938143,161.2890625,159.53125,153.5546875,-0.022319525
frame832,154.1520618556701,153.97680412371133,147.38144329896906,160.69791666666666,160.05729166666666,154.05729166666666,-0.0241943
frame833,143.86082474226805,143.43814432989691,136.1237113402062,159.0703125,158.46875,151.66927083333334,-0.018541932
frame834,143.19072164948454,141.6443298969072,135.6340206185567,158.3828125,157.9296875,151.08072916666666,-0.017024517
frame835,140.8737113402062,141.7422680412371,135.07474226804123,156.95833333333334,156.95833333333334,149.95833333333334,-0.016751438
frame836,141.24484536082474,140.7577319587629,133.6159793814433,155.390625,154.390625,148.390625,-0.017326146
frame837,141.0335051546392,140.3762886597938,133.22938144329896,156.19791666666666,155.546875,150.328125,-0.015378028
frame838,140.0902062,139.71391752577318,131.95876288659792,215.97916666666666,214.85416666666666,214.09375,-0.053589612
frame839,136.97938144329896,137.72938144329896,128.33762886597938,229.85416666666666,227.85416666666666,227.296875,-0.068125755
frame840,137.12113402061857,137.8041237113402,127.8479381443299,230.94270833333334,228.79947916666666,228.734375,-0.059495598
frame841,138.3840206185567,138.78865979381445,129.3737113402062,229.37239583333334,227.69791666666666,227.23697916666666,-0.035407066
frame842,138.91752577319588,139.31958762886597,129.63659793814432,222.16145833333334,220.16145833333334,219.81770833333334,0.00207606
frame843,140.94845360824743,141.4458762886598,130.81958762886597,216.02083333333334,214.55989583333334,214.07291666666666,0.036117374897003174
frame844,142.27835051546393,142.70103092783506,132.04381443298968,212.41927083333334,210.52604166666666,209.671875,0.069482446
frame845,143.05670103092783,143.09278350515464,132.05927835051546,208.140625,206.4140625,205.19270833333334,0.11007784307003021
frame846,144.05670103092783,144.09278350515464,133.05927835051546,207.41927083333334,205.609375,204.41927083333334,0.22128643095493317
frame847,145.73711340206185,145.8041237113402,134.9020618556701,206.08072916666666,204.45833333333334,203.08072916666666,0.44291043281555176
frame848,146.11082474226805,146.18814432989691,135.30927835051546,206.7109375,204.9609375,203.77083333333334,0.705664873
frame849,146.99484536082474,147.37886597938143,136.68298969072166,206.52083333333334,204.77083333333334,203.52083333333334,0.8710482120513916
frame850,148.3479381443299,148.7319587628866,138.03608247422682,206.61979166666666,204.8828125,203.61979166666666,0.9300872087478638
frame851,149.6778350515464,150.4664948453608,140.09278350515464,206.41666666666666,204.6796875,203.41666666666666,0.9487394094467163
frame852,150.81185567010309,151.58762886597938,141.2835051546392,204.8828125,203.8828125,202.61979166666666,0.9351028203964233
frame853,151.8479381443299,152.7422680412371,142.61340206185568,204.6796875,203.6796875,202.21354166666666,0.8923780918121338
frame854,153.05154639175257,153.89175257731958,143.6443298969072,204.6796875,203.6796875,202.21354166666666,0.7752265334129333
frame855,154.3402062,155,144.27835051546393,203.3203125,202.078125,200.765625,0.6253583431243896
frame856,155.55927835051546,156.07474226804123,144.99742268041237,204.36458333333334,203.20572916666666,202,0.4613977074623108
frame857,156.7577319587629,156.77319587628867,144.99742268041237,203.36979166666666,202.19270833333334,199.4375,0.3377304673194885
frame858,157.33247422680412,157.4819587628866,145.54123711340208,203.36979166666666,202.19270833333334,199.4375,0.12487737834453583
frame859,157.50257731958763,157.54123711340208,145.6701030927835,207.1015625,205.4375,203.640625,0.02581799
frame860,157.40721649484536,157.55670103092783,145.6159793814433,207.1015625,205.4375,203.1015625,-0.003705621
frame861,157.0798969072165,157.1778350515464,145.47680412371133,208.63020833333334,206.87760416666666,205.35677083333334,-0.012162387
frame862,157.08762886597938,157.28608247422682,145.44329896907217,209.0546875,207.20572916666666,205.86458333333334,-0.014832884
frame863,157.19072164948454,157.33762886597938,145.70103092783506,208.578125,206.6875,204.578125,-0.016120851
frame864,157.39175257731958,157.51546391752578,145.67268041237114,208.58072916666666,206.69270833333334,205.4296875,-0.017445892
frame865,157.47164948453607,157.58505154639175,145.84278350515464,214.140625,212.609375,210.6328125,-0.016824245
frame866,157.49742268041237,157.5979381443299,145.71134020618555,214.25520833333334,212.73697916666666,210.25520833333334,-0.01822561
frame867,157.47164948453607,157.57474226804123,145.77835051546393,214.25520833333334,212.73697916666666,210.25520833333334,-0.019114524
frame868,157.5541237113402,157.64690721649484,145.77835051546393,213.1875,212.1875,210.38541666666666,-0.01974532
frame869,157.26288659793815,157.46391752577318,146.36082474226805,215.28645833333334,213.66666666666666,211.66666666666666,-0.019210607
frame870,157.27061855670104,157.50515463917526,146.39690721649484,215.68489583333334,214.04166666666666,212.04166666666666,-0.019151211
frame871,157.33762886597938,157.5721649484536,146.46391752577318,215.68489583333334,214.04166666666666,212.04166666666666,-0.019284159
frame872,157.33247422680412,157.58762886597938,146.47938144329896,217.98697916666666,216.20833333333334,214.20833333333334,-0.018473387
frame873,157.41494845360825,157.68298969072166,146.7036082474227,219.5,217.64583333333334,215.64583333333334,-0.018308461
frame874,157.37886597938143,157.6701030927835,146.59278350515464,219.5,217.64583333333334,215.64583333333334,-0.018302888
frame875,157.54896907216494,157.7680412371134,146.39948453608247,218.68229166666666,216.828125,214.828125,-0.018749416
frame876,157.54896907216494,157.7680412371134,146.39948453608247,219.5,217.64583333333334,215.64583333333334,-0.018508375
frame877,157.5463917525773,157.7680412371134,146.40463917525773,219.2578125,217.36979166666666,215.36979166666666,-0.01862511
frame878,157.6237113402062,157.81443298969072,146.27061855670104,219.2578125,217.36979166666666,215.48177083333334,-0.018623441
frame879,157.65721649484536,157.83505154639175,146.3840206185567,219.2578125,217.36979166666666,215.36979166666666,-0.018719554
frame880,157.67525773195877,157.85309278350516,146.4020618556701,219.2578125,217.36979166666666,215.36979166666666,-0.01868552
frame881,157.36340206185568,157.60309278350516,145.73453608247422,217.34375,216.34375,214.34375,-0.018493474
frame882,157.3659793814433,157.6056701030928,145.73711340206185,217.34375,216.34375,214.34375,-0.018595815
frame883,157.3659793814433,157.55670103092783,145.96907216494844,217.34375,216.34375,214.34375,-0.018646002
frame884,157.3659793814433,157.55670103092783,145.96907216494844,217.34375,216.34375,214.52083333333334,-0.018508881
frame885,157.3659793814433,157.55670103092783,145.96907216494844,217.34375,216.34375,214.34375,-0.018481284
frame886,157.3659793814433,157.55670103092783,145.96907216494844,217.34375,216.34375,214.34375,-0.018448591
frame887,157.3762886597938,157.56958762886597,145.98711340206185,217.34375,216.34375,214.34375,-0.018464029
frame888,157.3762886597938,157.56958762886597,145.98711340206185,217.34375,216.34375,214.52083333333334,-0.018428355
frame889,157.3762886597938,157.56958762886597,145.98711340206185,217.34375,216.34375,214.52083333333334,-0.018431425
frame890,157.37113402061857,157.56443298969072,145.9819587628866,217.34375,216.34375,214.52083333333334,-0.018428504
frame891,157.37113402061857,157.56443298969072,145.9819587628866,217.34375,216.34375,214.52083333333334,-0.018409222
frame892,157.37113402061857,157.56443298969072,145.9819587628866,218.98958333333334,217.16666666666666,215.34375,-0.018009156
frame893,157.61082474226805,157.64175257731958,145.36855670103094,218.98958333333334,217.16666666666666,215.34375,-0.018007338
frame894,157.5335051546392,157.76030927835052,145.32474226804123,218.98958333333334,217.16666666666666,215.34375,-0.018189907
frame895,157.7319587628866,157.64690721649484,145.4922680412371,218.98958333333334,217.16666666666666,215.34375,-0.018265426
frame896,157.72164948453607,157.70876288659792,145.41494845360825,218.98958333333334,217.16666666666666,215.34375,-0.018213898
frame897,157.70618556701032,157.65463917525773,145.58247422680412,218.98958333333334,217.16666666666666,215.34375,-0.018187851
frame898,157.70618556701032,157.65463917525773,145.58247422680412,218.98958333333334,217.16666666666666,215.34375,-0.018129528
frame899,157.70618556701032,157.65463917525773,145.58247422680412,218.98958333333334,217.16666666666666,215.34375,-0.018092096
frame900,157.70618556701032,157.65463917525773,145.58247422680412,218.98958333333334,217.16666666666666,215.34375,-0.018063009
frame901,157.70618556701032,157.65463917525773,145.58247422680412,218.98958333333334,217.16666666666666,215.16666666666666,-0.018066108
frame902,157.70618556701032,157.65463917525773,145.58247422680412,218.98958333333334,217.16666666666666,215.34375,-0.018051237
frame903,157.70618556701032,157.65463917525773,145.58247422680412,218.98958333333334,217.16666666666666,215.16666666666666,-0.018065363
frame904,157.70618556701032,157.65463917525773,145.58247422680412,218.98958333333334,217.16666666666666,215.34375,-0.018052816
frame905,157.6778350515464,157.60051546391753,145.63917525773195,218.98958333333334,217.16666666666666,215.16666666666666,-0.01802659
frame906,157.65463917525773,157.8221649484536,145.57474226804123,218.98958333333334,217.16666666666666,215.16666666666666,-0.018184602
frame907,157.56701030927834,157.81958762886597,145.76030927835052,218.16666666666666,217.16666666666666,215.16666666666666,-0.018350452
frame908,157.56701030927834,157.81958762886597,145.76030927835052,218.98958333333334,217.16666666666666,215.16666666666666,-0.01823324
frame909,157.5721649484536,157.81701030927834,145.76030927835052,218.16666666666666,217.16666666666666,215.16666666666666,-0.018349171
frame910,157.57474226804123,157.81958762886597,145.76288659793815,218.98958333333334,217.16666666666666,215.16666666666666,-0.018259436
frame911,157.15721649484536,157.71391752577318,146.8762886597938,218.98958333333334,217.16666666666666,215.16666666666666,-0.018128484
frame912,157.1597938,157.7164948453608,146.87886597938143,218.98958333333334,217.16666666666666,215.16666666666666,-0.017809629
frame913,157.15721649484536,157.71391752577318,146.8762886597938,218.98958333333334,217.16666666666666,215.16666666666666,-0.01766938
frame914,157.1597938,157.7164948453608,146.87886597938143,218.98958333333334,217.16666666666666,215.16666666666666,-0.017639101
frame915,157.15721649484536,157.71391752577318,146.8762886597938,218.16666666666666,217.16666666666666,215.16666666666666,-0.017747879
frame916,157.1597938,157.7164948453608,146.87886597938143,218.9453125,217.125,215.125,-0.017622054
frame917,157.47164948453607,157.91494845360825,147.94845360824743,221.11458333333334,219.16666666666666,217.16666666666666,-0.017422795
frame918,157.45618556701032,158.0077319587629,147.73969072164948,220.76041666666666,218.83333333333334,216.83333333333334,-0.017425656
frame919,156.95618556701032,157.48711340206185,147.23969072164948,220.76041666666666,218.83333333333334,216.83333333333334,-0.016435593
frame920,156.8840206185567,157.19329896907217,146.6262886597938,220.76041666666666,218.83333333333334,216.83333333333334,-0.016218305
frame921,156.10051546391753,156.4020618556701,145.84278350515464,220.76041666666666,218.83333333333334,216.90625,-0.014953524
frame922,155.11082474226805,155.41237113402062,144.85309278350516,220.76041666666666,218.83333333333334,216.90625,-0.013285667
frame923,154.1056701030928,154.38144329896906,144.16237113402062,220.76041666666666,217.90625,216.90625,-0.012474507
frame924,153.0463917525773,153.31958762886597,143.10309278350516,221.76041666666666,219.83333333333334,217.90625,-0.013677388
frame925,152.18556701030928,151.95876288659792,140.89690721649484,221.76041666666666,218.90625,217.90625,-0.02535069
frame926,151.15463917525773,150.94329896907217,139.8840206185567,222.6875,219.83333333333334,218.83333333333334,-0.046688259
frame927,150.06701030927834,149.83247422680412,138.7577319587629,222.42447916666666,220.45833333333334,219.42447916666666,-0.074251592
frame928,148.76546391752578,148.66237113402062,137.48969072164948,222.42447916666666,219.4921875,218.4921875,-0.092073739
frame929,147.7319587628866,147.87886597938143,136.10309278350516,224.02864583333334,221.03385416666666,220.02864583333334,-0.08728227
frame930,146.5,146.77319587628867,134.8737113402062,228.78385416666666,226.65364583333334,224.78385416666666,-0.040718645
frame931,145.50257731958763,145.7757731958763,133.87113402061857,228.65364583333334,227.08854166666666,225.21875,0.052392602
frame948,167,165,159,173.05989583333334,171.6484375,165.05989583333334,-0.007036865
frame949,160.88659793814432,160.41494845360825,153.88659793814432,163.61458333333334,160.625,155.1484375,-0.018291682
frame950,158.0077319587629,158.55670103092783,153.2036082474227,161.6484375,159.0546875,152.92708333333334,-0.024777889
frame951,158.6443298969072,158.5902062,151.73453608247422,161.15364583333334,158.57552083333334,152.53125,-0.02850017
frame952,154.6701030927835,154.40463917525773,147.78608247422682,160.7109375,158.7421875,152.3984375,-0.029807776
frame953,146.17525773195877,145.61340206185568,139.43556701030928,159.79166666666666,159.60416666666666,152.66666666666666,-0.025957912
frame954,141.99484536082474,141.48453608247422,136.1340206185567,158.61979166666666,158.01822916666666,151.21875,-0.01978147
frame955,140.04896907216494,142.04123711340208,135.9536082474227,156.84895833333334,156.84895833333334,149.84895833333334,-0.01993081
frame956,139.9922680412371,140.9742268041237,135.6056701030928,156.28125,156.28125,149.28125,-0.019519359
frame957,138.5335051546392,140.6520618556701,134.25257731958763,155.71354166666666,155.11458333333334,149.55729166666666,-0.017778903
frame958,138.94329896907217,140.3943298969072,132.9020618556701,190.59895833333334,189.34114583333334,188.3984375,-0.048791766
frame959,138.04896907216494,137.66494845360825,129.71391752577318,231.23958333333334,230.046875,229.671875,-0.06557408
frame960,136.6443298969072,136.6237113402062,127.87113402061856,224.88541666666666,222.88541666666666,222.734375,-0.061682522
frame961,137.42525773195877,137.5798969072165,128.33247422680412,227.27864583333334,225.27864583333334,225.19010416666666,-0.043759108
frame962,138.19072164948454,139.26030927835052,129.21134020618555,218.984375,217.78125,217.578125,-0.006910145
frame963,139.58505154639175,140.26030927835052,130.21134020618555,216.61979166666666,215.16927083333334,214.71875,0.038163453340530396
frame981,156.97680412371133,157.3041237113402,145.4536082474227,207.1328125,205.546875,204.05989583333334,-0.008392006
frame982,156.96907216494844,157.24742268041237,145.6443298969072,209.65364583333334,207.81510416666666,206.484375,-0.01556927
frame983,156.91494845360825,157.22680412371133,145.56958762886597,208.36979166666666,206.65625,205.07552083333334,-0.018008381
frame984,156.94329896907217,157.59278350515464,146.00257731958763,207.3125,205.44010416666666,204.1328125,-0.018855363
frame985,156.94329896907217,157.59278350515464,146.00257731958763,207.65625,205.8046875,204.4921875,-0.019540012
frame986,157.1159793814433,157.67525773195877,146.2757731958763,207.58854166666666,205.75,203.58854166666666,-0.021216482
frame987,157.10824742268042,157.66752577319588,146.2680412371134,216.29947916666666,214.3984375,212.328125,-0.018091828
frame988,156.95618556701032,157.56443298969072,146.58762886597938,210.80989583333334,209.80989583333334,207.44270833333334,-0.020918936
frame989,157.00257731958763,157.56443298969072,146.49484536082474,219.38802083333334,218.38802083333334,215.83072916666666,-0.017116755
frame990,157.01030927835052,157.74742268041237,147.0077319587629,218.67447916666666,216.9609375,215.1171875,-0.018322349
frame991,157.01030927835052,157.74742268041237,147.0077319587629,219.76822916666666,218,216.1875,-0.017948836
frame992,157.19072164948454,157.79381443298968,147.1778350515464,221.25520833333334,219.39583333333334,217.3828125,-0.017657071
frame993,157.19072164948454,157.79381443298968,147.1778350515464,221.25520833333334,219.39583333333334,217.5,-0.017631888
frame994,157.24742268041237,157.85309278350516,147.48453608247422,219.61979166666666,217.79166666666666,215.953125,-0.018190354
frame995,157.24742268041237,157.85309278350516,147.48453608247422,219.89583333333334,218.05729166666666,216.2109375,-0.017832935
frame996,157.94845360824743,157.91494845360825,146.48711340206185,218.67708333333334,216.80208333333334,214.92708333333334,-0.018576086
frame997,157.83762886597938,157.86855670103094,146.56958762886597,218.67708333333334,216.80208333333334,214.92708333333334,-0.018628091
frame998,157.48711340206185,157.5180412371134,146.21907216494844,218.67708333333334,216.80208333333334,214.92708333333334,-0.018064618
frame999,157.48711340206185,157.5180412371134,146.21907216494844,218.67708333333334,216.80208333333334,214.92708333333334,-0.018195212
frame1000,157.43298969072166,157.44072164948454,146.19845360824743,218.625,216.75,214.875,-0.018115789
frame1001,157.51030927835052,157.4819587628866,146.13659793814432,218.67708333333334,216.80208333333334,214.92708333333334,-0.018140048
frame1002,157.46391752577318,157.43556701030928,146.0902062,218.67708333333334,216.80208333333334,214.92708333333334,-0.018065333
frame1003,157.51546391752578,157.5180412371134,145.80154639175257,218.84895833333334,217.00260416666666,215.15625,-0.018014729
frame1004,157.51546391752578,157.5180412371134,145.80154639175257,219.20833333333334,217.35416666666666,215.35416666666666,-0.017972678
frame1005,157.46391752577318,157.58247422680412,145.68298969072166,219.20833333333334,217.35416666666666,215.5,-0.017960489
frame1006,157.38144329896906,157.49742268041237,145.60051546391753,219.20833333333334,217.35416666666666,215.5,-0.017754048
frame1007,157.46391752577318,157.58247422680412,145.68298969072166,219.20833333333334,217.35416666666666,215.5,-0.017897606
frame1008,156.95618556701032,157.4097938,145.81958762886597,217.16666666666666,216.16666666666666,213.98958333333334,-0.017904431
frame1009,157.02061855670104,157.6056701030928,145.81701030927834,217.1875,216.1875,214.375,-0.017983288
frame1010,156.85824742268042,157.44329896907217,145.65463917525773,217,216,213.8125,-0.017766833
frame1011,156.85824742268042,157.44329896907217,145.65463917525773,217.1875,216.1875,214.375,-0.017676085
frame1012,156.85824742268042,157.44329896907217,145.65463917525773,217,216,214,-0.017765075
frame1013,157.06958762886597,157.65463917525773,145.8659793814433,217.1875,216.1875,214.375,-0.018088967
frame1014,156.85824742268042,157.44329896907217,145.65463917525773,217,216,213.8125,-0.017765492
frame1015,157.02061855670104,157.6443298969072,145.74742268041237,217.1875,216.1875,214.375,-0.018011004
frame1016,157.08762886597938,157.71134020618555,145.81443298969072,217,216,213.8125,-0.018243641
frame1017,157.08762886597938,157.71134020618555,145.81443298969072,217,216,213.8125,-0.018209517
frame1018,157.08762886597938,157.71134020618555,145.81443298969072,217,216,213.8125,-0.01821667
frame1019,157.08762886597938,157.71134020618555,145.81443298969072,217,216,214,-0.018219829
frame1020,157.31701030927834,157.51288659793815,146.47164948453607,217.34375,216.34375,214.34375,-0.018232614
frame1021,157.2242268041237,157.47164948453607,146.31701030927834,216.953125,215.953125,213.953125,-0.018028498
frame1022,157.0798969072165,157.33762886597938,146.3298969072165,216.953125,215.953125,213.953125,-0.017771214
frame1023,157.2164948453608,157.4742268041237,146.4664948453608,217.2265625,216.2265625,214.2265625,-0.017942727
frame1024,157.0798969072165,157.33762886597938,146.3298969072165,217.2265625,216.2265625,214.2265625,-0.017683983
frame1025,157.2164948453608,157.4742268041237,146.4664948453608,217.2265625,216.2265625,214.41145833333334,-0.017989099
frame1026,157.2164948453608,157.4742268041237,146.4664948453608,217.2265625,216.2265625,214.2265625,-0.018027991
frame1027,157.2164948453608,157.4742268041237,146.4664948453608,218.85677083333334,217.04166666666666,215.04166666666666,-0.017636418
frame1028,157.2164948453608,157.4742268041237,146.4664948453608,218.85677083333334,217.04166666666666,215.04166666666666,-0.017700553
frame1029,157.25257731958763,157.51030927835052,146.50257731958763,218.85677083333334,217.04166666666666,215.04166666666666,-0.017770231
frame1030,157.2164948453608,157.4742268041237,146.4664948453608,218.85677083333334,217.04166666666666,215.04166666666666,-0.017687201
frame1031,157.25257731958763,157.51030927835052,146.50257731958763,218.85677083333334,217.04166666666666,215.04166666666666,-0.017750233
frame1032,157.33505154639175,157.53092783505156,146.48969072164948,218.98958333333334,217.16666666666666,215.34375,-0.01776135
frame1033,157.28092783505156,157.4742268041237,146.20103092783506,219.609375,217.75,215.890625,-0.01741457
frame1034,157.28092783505156,157.4742268041237,146.20103092783506,219.609375,217.75,215.75,-0.017520159
frame1035,157.28092783505156,157.4742268041237,146.20103092783506,219.609375,217.75,215.75,-0.017536521
frame1036,157.28092783505156,157.4742268041237,146.20103092783506,218.75,217.75,215.75,-0.017613798
frame1037,157.22680412371133,157.4664948453608,146.05154639175257,219.609375,217.75,215.75,-0.017397135
frame1038,157.22680412371133,157.4664948453608,146.05154639175257,219.609375,217.75,215.75,-0.017419547
frame1039,157.15463917525773,157.39175257731958,146.20618556701032,219.52083333333334,217.66666666666666,215.66666666666666,-0.017363518
frame1040,156.88917525773195,157.1262886597938,145.94072164948454,219.65364583333334,217.79166666666666,215.79166666666666,-0.016764402
frame1041,156.57731958762886,156.7963917525773,145.62886597938143,219.65364583333334,216.9296875,215.9296875,-0.016300976
frame1042,155.57731958762886,155.79381443298968,144.62886597938143,220.18489583333334,218.29166666666666,216.3984375,-0.01415655
frame1043,154.57731958762886,154.79381443298968,143.62886597938143,219.34375,217.5,215.65625,-0.013148814
frame1044,153.6701030927835,153.44329896907217,142.34536082474227,219.84375,218.0234375,216.02083333333334,-0.013488263
frame1045,152.42525773195877,152.1340206185567,141.06701030927834,220.02083333333334,217.38020833333334,216.375,-0.019223899
frame1046,151.2577319587629,151.00257731958763,139.90463917525773,219.98958333333334,217.34375,216.16666666666666,-0.034863025
frame1047,149.91752577319588,149.61340206185568,138.40721649484536,220.640625,217.92708333333334,216.78125,-0.060392827
frame1048,148.77319587628867,148.61340206185568,137.39948453608247,220.640625,217.92708333333334,216.78125,-0.083101898
frame1049,147.77319587628867,147.61340206185568,136.3840206185567,221.49739583333334,218.78385416666666,217.63802083333334,-0.08962366
frame1050,147.08762886597938,146.9278350515464,135.69845360824743,223.015625,221.0546875,219.9921875,-0.062511563
frame1051,145.60051546391753,145.08505154639175,134.36340206185568,227.83072916666666,225.84635416666666,224.4375,0.011026501655578613
frame1052,143.97164948453607,143.50515463917526,133.31185567010309,228.0859375,226.1015625,224.65625,0.11059947311878204
frame1053,142.25,142.43556701030928,132.05670103092783,235.6328125,233.40625,232.0703125,0.2799730896949768
frame1054,140.6443298969072,140.83505154639175,130.41752577319588,235.25260416666666,233.57291666666666,231.875,0.46382665634155273
frame1055,139.6056701030928,139.81701030927834,129.39948453608247,237.73958333333334,235.95052083333334,234.234375,0.5463051795959473
frame1056,138.01288659793815,139.0902062,129.44072164948454,241.53125,239.62760416666666,238.53125,0.6659280061721802
frame1057,137.4922680412371,138.45103092783506,128.5335051546392,243.44791666666666,241.12760416666666,240.66145833333334,0.9681985378265381
frame1058,137.4536082474227,138.0798969072165,129.02061855670104,246.23958333333334,244.54947916666666,243.23958333333334,1.2741860151290894
frame1059,140.5798969072165,140.3221649484536,132.29123711340208,245.85677083333334,244.6328125,243.5390625,1.2242720127105713
frame1060,142.78865979381445,142.81958762886597,134.78608247422682,177.8515625,175.96875,173.43489583333334,0.9256534576416016
frame1061,143.57474226804123,143.20876288659792,135.81701030927834,160.65885416666666,159.91927083333334,153.9921875,0.9021673202514648
frame1062,144.07474226804123,143.69845360824743,136.4922680412371,160.99739583333334,160.796875,154.59895833333334,0.8976882696151733
frame1063,145.2757731958763,144.98711340206185,137.54896907216494,165.59635416666666,163.59635416666666,158.19791666666666,0.8403828144073486
frame1064,145.9664948453608,145.54123711340208,139.07474226804123,169,167,161,0.7415319681167603
frame1065,158.31958762886597,157.55927835051546,150.83505154639175,171,169,163,0.5894599556922913
frame1066,170.2319587628866,169.35051546391753,162.45618556701032,172.9296875,171.9296875,164.9375,0.28890180587768555
frame1067,163.44072164948454,162.60824742268042,157.10309278350516,175,174,167,0.039535671
frame1068,165,164,158,174.875,173.875,166.875,0.001817644
frame1069,164.62886597938143,163.47164948453607,157.47164948453607,173.25,171.33333333333334,165.25,-0.011495978
frame1070,159.32731958762886,159.55154639175257,153.44845360824743,160.85416666666666,160.328125,153.52864583333334,-0.018118232
frame1071,157.68814432989691,157.75515463917526,152.3556701030928,160.2265625,159.6953125,153.046875,-0.021448374
frame1072,156.93556701030928,156.54123711340208,151.1056701030928,160.64583333333334,160.42708333333334,154.125,-0.024014801
frame1073,148.18041237113403,148.0257731958763,143.37886597938143,160.14322916666666,160.07291666666666,153.26041666666666,-0.02457121
frame1074,138.63659793814432,141.51030927835052,135.6159793814433,158.6796875,158.6796875,151.6796875,-0.016152292
frame1075,138.16494845360825,139.08505154639175,137.11855670103094,157.88541666666666,157.88541666666666,150.88541666666666,-0.014551133
frame1076,137.79381443298968,139.86340206185568,137.01030927835052,156.77083333333334,156.77083333333334,149.77083333333334,-0.016231298
frame1077,136.68298969072166,139.10051546391753,136.00257731958763,155.890625,155.890625,148.890625,-0.015338242
frame1078,136.22164948453607,138.33762886597938,134.06958762886597,167.58072916666666,166.48177083333334,164.03645833333334,-0.011378616
frame1079,135.10051546391753,136.05927835051546,130.10051546391753,222.93229166666666,221.6875,221.6875,-0.052017361
frame1080,134.8659793814433,134.82474226804123,127.85051546391753,231.28645833333334,229.34114583333334,229.28645833333334,-0.063030213
frame1081,135.5077319587629,135.58505154639175,128.4922680412371,230.4140625,227.92447916666666,227.828125,-0.0476996
frame1082,135.48969072164948,135.91494845360825,127.90463917525773,223.90364583333334,222.5,222.37239583333334,-0.010542095
frame1083,136.4819587628866,136.9278350515464,128.95876288659792,216.39583333333334,215.0703125,214.74479166666666,0.046874821186065674
frame1084,138.1520618556701,138.34278350515464,130.13917525773195,214.3359375,212.9296875,212.4140625,0.12136569619178772
frame1085,140.31958762886597,140.68298969072166,131.5541237113402,211.51041666666666,210.0078125,208.83333333333334,0.34310290217399597
frame1086,141.09536082474227,141.45876288659792,132.3298969072165,208.5,206.6875,205.5,0.7772647142410278
frame1087,143.59536082474227,143.03608247422682,134.1701030927835,207.0859375,205.359375,204.0859375,1.1873676776885986
frame1088,144.47680412371133,144.11340206185568,135.2242268041237,206.6640625,204.5078125,203.08333333333334,1.4057220220565796
frame1089,145.0798969072165,144.8479381443299,135.92268041237114,206.6640625,204.5078125,203.08333333333334,1.1987980604171753
frame1090,146.04123711340208,145.88659793814432,136.8840206185567,206.24479166666666,204.08854166666666,202.6640625,0.8140708208084106
frame1091,147.72164948453607,147.31958762886597,138.69845360824743,205.66666666666666,204.08854166666666,202.6640625,0.8728711605072021
frame1092,148.64948453608247,148.39175257731958,139.61855670103094,204.38541666666666,203.38541666666666,201.94010416666666,0.9376976490020752
frame1093,150.11855670103094,149.68041237113403,141.49484536082474,203.609375,202.609375,201.04427083333334,0.9452317953109741
frame1094,151.29123711340208,151.05670103092783,142.88917525773195,203.04427083333334,202.04427083333334,200.47916666666666,0.9229282140731812
frame1095,152.55670103092783,152.34536082474227,144.2757731958763,203.19010416666666,202.19010416666666,200.64583333333334,0.877536416
frame1096,153.58505154639175,153.92525773195877,145.23711340206185,204.0859375,202.8125,201.8125,0.806125283
frame1097,154.60309278350516,155.00515463917526,146.34278350515464,204.37760416666666,203.14583333333334,201.14583333333334,0.7534584403038025
frame1098,154.94845360824743,155.42525773195877,146.64690721649484,204.44010416666666,203.22916666666666,201.90364583333334,0.5118858814239502
frame1099,156.1056701030928,156.2757731958763,148.18041237113403,206.41145833333334,204.77083333333334,202.9296875,0.24976183474063873
frame1100,155.93298969072166,156.23711340206185,148.11855670103094,206.76302083333334,205.19010416666666,203.28125,0.076697156
frame1101,155.63917525773195,156.1701030927835,148.16494845360825,208.91666666666666,207.09895833333334,205.69270833333334,0.017953247
frame1102,155.52835051546393,156.10824742268042,147.9536082474227,207.79427083333334,206.00520833333334,204.7421875,-0.000747561
frame1103,155.60824742268042,156.23711340206185,148.1340206185567,207.58333333333334,205.79427083333334,204.3203125,-0.008958489
frame1104,155.3943298969072,156.18041237113403,147.77061855670104,208.73177083333334,206.81510416666666,205.60416666666666,-0.012091666
frame1105,155.51288659793815,156.26288659793815,147.8737113402062,207.51041666666666,205.640625,204.47135416666666,-0.015863031
frame1106,155.46134020618555,156.3298969072165,147.6701030927835,207.66145833333334,205.78645833333334,204.63020833333334,-0.018048406
frame1107,155.47938144329896,156.3402062,148.16752577319588,208.38541666666666,206.4609375,204.38541666666666,-0.019346744
frame1108,155.4020618556701,156.39948453608247,148.1262886597938,208.38541666666666,206.45833333333334,205.3046875,-0.019522607
frame1109,155.46391752577318,156.44329896907217,148.3298969072165,208.375,206.45572916666666,205.29947916666666,-0.019981295
frame1110,155.4278350515464,156.46391752577318,148.32474226804123,214.375,213.375,211.484375,-0.016581982
frame1111,155.0798969072165,155.98453608247422,147.89948453608247,219.22916666666666,217.421875,215.61458333333334,-0.014032304
frame1112,155.10051546391753,156,147.8943298969072,217.9140625,216.125,214.3984375,-0.015439034
frame1113,155.06185567010309,156.0798969072165,148.39175257731958,220.13020833333334,218.22916666666666,216.328125,-0.015677571
frame1114,155.17525773195877,156.19329896907217,148.50515463917526,218.515625,216.73697916666666,214.95833333333334,-0.017167211
frame1115,155.2319587628866,156.1958762886598,148.50257731958763,218.515625,216.73697916666666,214.73697916666666,-0.017571181
frame1116,155.2319587628866,156.1958762886598,148.50257731958763,218.515625,216.73697916666666,214.95833333333334,-0.017863989
frame1117,155.35051546391753,156.27319587628867,148.57474226804123,219.29166666666666,217.46875,215.46875,-0.018084884
frame1118,155.34278350515464,156.26546391752578,148.56701030927834,218.48958333333334,216.66666666666666,214.66666666666666,-0.01853618
frame1119,155.34278350515464,156.33505154639175,148.84278350515464,220.33333333333334,218.41666666666666,216.5,-0.018384695
frame1120,155.34278350515464,156.33505154639175,148.84278350515464,220.33333333333334,218.41666666666666,216.5,-0.018824488
frame1121,155.2835051546392,156.28608247422682,149.01030927835052,220.2265625,218.3125,216.3125,-0.019275159
frame1122,155.2835051546392,156.28608247422682,149.01030927835052,220.2265625,218.3125,216.3984375,-0.019537419
frame1123,155.08762886597938,156.23453608247422,148.4458762886598,217.16666666666666,216.16666666666666,213.98958333333334,-0.019837946
frame1124,155.06958762886597,156.19072164948454,148.2577319587629,217.16666666666666,216.16666666666666,214.16666666666666,-0.019419402
frame1125,155.05670103092783,156.1778350515464,148.24484536082474,217.16666666666666,216.16666666666666,214.16666666666666,-0.019297957
frame1126,155.05927835051546,156.1597938,148.08247422680412,217.16666666666666,216.16666666666666,214.16666666666666,-0.01907596
frame1127,155.05927835051546,156.1597938,148.08247422680412,217.16666666666666,216.16666666666666,214.16666666666666,-0.018995345
frame1128,155.0979381443299,156.20103092783506,147.96134020618555,217.16666666666666,216.16666666666666,214.16666666666666,-0.018873692
frame1129,155.0979381443299,156.20103092783506,147.96134020618555,217.16666666666666,216.16666666666666,214.16666666666666,-0.018800884
frame1130,155.0979381443299,156.20103092783506,147.96134020618555,217.16666666666666,216.16666666666666,214.16666666666666,-0.018689007
frame1131,155.1159793814433,156.23453608247422,148.13917525773195,217.16666666666666,216.16666666666666,214.16666666666666,-0.018701464
frame1132,155.1159793814433,156.23453608247422,148.13917525773195,217.16666666666666,216.16666666666666,214.16666666666666,-0.018571645
frame1133,155.24742268041237,156.31958762886597,148.2242268041237,218.04166666666666,217.04166666666666,215.04166666666666,-0.018381357
frame1134,155.24742268041237,156.31958762886597,148.2242268041237,218.04166666666666,217.04166666666666,215.04166666666666,-0.018380404
frame1135,155.2835051546392,156.33505154639175,149.01546391752578,218.04166666666666,217.04166666666666,215.04166666666666,-0.018924683
frame1136,155.31443298969072,156.3659793814433,149.0463917525773,218.04166666666666,217.04166666666666,215.04166666666666,-0.018922091
frame1137,155.30670103092783,156.3840206185567,149.25515463917526,218.04166666666666,217.04166666666666,215.04166666666666,-0.01912728
frame1138,155.28092783505156,156.36855670103094,149.23969072164948,218.04166666666666,217.04166666666666,215.04166666666666,-0.019191802
frame1139,155.2577319587629,156.34536082474227,149.2164948453608,218.04166666666666,217.04166666666666,215.04166666666666,-0.019297034
frame1140,155.28865979381445,156.30154639175257,149.0077319587629,218.04166666666666,217.04166666666666,215.04166666666666,-0.019255996
frame1141,155.28865979381445,156.30154639175257,149.0077319587629,218.45833333333334,217.45833333333334,215.45833333333334,-0.019281119
frame1142,155.26030927835052,156.28608247422682,148.99742268041237,218.45833333333334,217.45833333333334,215.45833333333334,-0.019450575
frame1143,155.2319587628866,156.3298969072165,149.20103092783506,218.45833333333334,217.45833333333334,215.45833333333334,-0.019806176
frame1144,155.2319587628866,156.3298969072165,149.20103092783506,218.45833333333334,217.45833333333334,215.45833333333334,-0.019948483
frame1145,155.2319587628866,156.37886597938143,149.4097938,218.45833333333334,217.45833333333334,215.36197916666666,-0.020298719
frame1146,155.2319587628866,156.37886597938143,149.4097938,218.45833333333334,217.45833333333334,215.45833333333334,-0.020396769
frame1147,155.31958762886597,156.26546391752578,150.6443298969072,219.21875,218.21875,216.21875,-0.02138561
frame1148,155.27835051546393,156.25,150.62886597938143,218.75,217.75,215.83333333333334,-0.021701902
frame1149,155.28608247422682,156.2319587628866,150.60824742268042,218.75,217.75,215.75,-0.02194944
frame1150,155.28608247422682,156.2319587628866,150.60824742268042,218.75,217.75,215.83333333333334,-0.022221535
frame1151,155.2164948453608,156.16494845360825,150.5180412371134,218.75,217.75,215.83333333333334,-0.022385746
frame1152,155.2164948453608,156.16494845360825,150.5180412371134,218.75,217.75,215.83333333333334,-0.022682756
frame1153,155.2164948453608,156.16494845360825,150.5180412371134,218.75,217.75,215.83333333333334,-0.022901624
frame1154,155.2164948453608,156.16494845360825,150.5180412371134,218.75,217.75,215.83333333333334,-0.023058832
frame1155,155.11855670103094,156.06701030927834,150.4201030927835,218.4765625,217.4765625,215.4765625,-0.023127824
frame1156,155.11855670103094,156.06701030927834,150.4201030927835,218.4765625,217.4765625,215.578125,-0.023237377
frame1157,155.11340206185568,156.03608247422682,150.3943298969072,218.5546875,217.5546875,215.5546875,-0.023285955
frame1158,154.72938144329896,155.67268041237114,149.59278350515464,218.5546875,217.5546875,215.5546875,-0.022367865
frame1159,154.5077319587629,155.93556701030928,150.94845360824743,221.11458333333334,219.16666666666666,217.16666666666666,-0.02375102
frame1160,154.21134020618555,155.66752577319588,150.55927835051546,220.40625,218.5,216.5,-0.024003923
frame1161,153.39175257731958,154.89690721649484,149.88144329896906,220.40625,218.5,216.5,-0.023384124
frame1162,152.8221649484536,154.52061855670104,149.50515463917526,220.45052083333334,218.54166666666666,216.6328125,-0.023863763
frame1163,151.51546391752578,153.46907216494844,148.4536082474227,220.45052083333334,218.54166666666666,216.54166666666666,-0.024342835
frame1164,150.3737113402062,151.89690721649484,146.8737113402062,220.58333333333334,218.66666666666666,216.75,-0.02912128
frame1165,148.83505154639175,150.8762886597938,145.79381443298968,220.58333333333334,218.66666666666666,216.75,-0.042282939
frame1166,147.8298969072165,149.7835051546392,144.61340206185568,221.58333333333334,219.66666666666666,217.75,-0.053515434
frame1167,146.75257731958763,148.50257731958763,143.4097938,221.04166666666666,219.1015625,218.04166666666666,-0.06626001
frame1168,145.54381443298968,147.10309278350516,142.20103092783506,221.04166666666666,219.1015625,218.04166666666666,-0.082428217
frame1169,144.48711340206185,146.04896907216494,141.16494845360825,221.98177083333334,219.1015625,218.1015625,-0.098614663
frame1170,143.55670103092783,144.77835051546393,140.3479381443299,221.04166666666666,219.1015625,218.04166666666666,-0.099162877
frame1171,141.3762886597938,144.1958762886598,139.1056701030928,224.28125,221.3046875,220.28125,-0.081628948
frame1172,139.27835051546393,142.16752577319588,138.05670103092783,224.53125,223.48697916666666,221.48697916666666,-0.051493734
frame1173,138.36082474226805,141.0335051546392,136.96391752577318,233.59895833333334,231.859375,229.86458333333334,0.008978039
frame1174,136.64690721649484,139.1778350515464,135.21391752577318,234.5390625,232.73958333333334,231.5390625,0.12425495684146881
frame1175,135.06701030927834,137.80670103092783,134.1237113402062,239.82291666666666,237.95833333333334,236.82291666666666,0.46529829502105713
frame1176,134.00515463917526,137.08505154639175,133.29123711340208,242.6796875,240.73958333333334,239.73958333333334,0.8567389249801636
frame1177,132.95618556701032,135.78092783505156,132.29896907216494,241.90364583333334,240.00260416666666,239.453125,1.338822364807129
frame1178,132.03865979381445,134.78092783505156,131.46391752577318,243.38020833333334,241.00520833333334,240.58854166666666,2.0195157527923584
frame1179,133.9097938,136.39948453608247,134.29381443298968,245.88802083333334,243.79427083333334,243.25260416666666,2.5004749298095703
frame1180,136.9278350515464,138.44845360824743,137.90463917525773,199.98697916666666,198.77864583333334,196.78125,2.1595327854156494
frame1181,137.3402062,139.47680412371133,139.1262886597938,162.72135416666666,160.26302083333334,155.43489583333334,1.2452572584152222
frame1182,138.94072164948454,141.56958762886597,140.14948453608247,162,162,155,0.9095450639724731
frame1183,139.33247422680412,141.83505154639175,140.1597938,164,164,157,0.9187976121902466
frame1184,140.14948453608247,142.11340206185568,140.29896907216494,168,166,160,0.9488670825958252
frame1185,147.20618556701032,148.31185567010309,145.73969072164948,170,168,162,0.928628683
frame1186,163.06443298969072,162.62113402061857,158.13659793814432,172,170,164,0.8712253570556641
frame1187,165.71391752577318,165.3840206185567,161.84536082474227,175,174,167,0.7083009481430054
frame1188,164,163,157,175.546875,174.47135416666666,167.546875,0.43681731820106506
frame1189,163.87113402061857,162.87113402061857,156.55927835051546,172.640625,171.74739583333334,164.640625,0.10919012129306793
frame1190,156.4536082474227,157.3737113402062,153.84536082474227,162.48697916666666,161.31510416666666,155.55989583333334,0.001998395
frame1191,156.48969072164948,157.55154639175257,154.16752577319588,161.74479166666666,160.24479166666666,154.5703125,-0.01971966
frame1192,154.67268041237114,155.49742268041237,151.57474226804123,161.9765625,160.96354166666666,154.91145833333334,-0.028603733
frame1193,149.2835051546392,150.02319587628867,146.3298969072165,160.83854166666666,160.01041666666666,154.01041666666666,-0.03161937
frame1194,136.63917525773195,137.07474226804123,137.04381443298968,159.20833333333334,158.41927083333334,151.68229166666666,-0.021986127
frame1195,133.33247422680412,136.7242268041237,137.02061855670104,158.01041666666666,158.01041666666666,151.01041666666666,-0.023033589
frame1196,132.61082474226805,136.21391752577318,136.56185567010309,156.01041666666666,156.01041666666666,149.01041666666666,-0.025063276
frame1197,131.27061855670104,135.8041237113402,135.38659793814432,154.85416666666666,153.43229166666666,149.98697916666666,-0.02564925
frame1198,131.15721649484536,135.51288659793815,135.1237113402062,156.68489583333334,156.1640625,151.62760416666666,-0.028230876
frame1199,129.5902062,133.14175257731958,131.05154639175257,222.82552083333334,222.29166666666666,221.04166666666666,-0.055922419
frame1200,125.85567010309278,129.99742268041237,128.47938144329896,230.89583333333334,228.89583333333334,228.89583333333334,-0.055277705
frame1201,125.26546391752578,129.6778350515464,126.77319587628865,231.33072916666666,228.93229166666666,228.63020833333334,0.004766673
frame1202,126.37886597938144,130.95618556701032,129.48969072164948,222.9375,221.51041666666666,220.7578125,0.20630061626434326
frame1203,127.65463917525773,132.3556701030928,130.57731958762886,219.2421875,217.875,217.5078125,1.003426194190979
frame1204,128.94072164948454,133.54381443298968,132.06701030927834,213.97916666666666,212.3515625,211.3515625,2.2361390590667725
frame1205,130.56185567010309,135.43298969072166,133.68814432989691,212.79166666666666,210.88020833333334,209.79166666666666,3.1084933280944824
frame1206,131.61340206185568,137.1159793814433,134.68814432989691,208.1875,206.4609375,205.1875,3.1329808235168457
frame1207,133.28092783505156,138.44072164948454,135.9097938,207.30208333333334,205.6875,204.30208333333334,2.9804084300994873
frame1208,135.55670103092783,140,137.79381443298968,207.30208333333334,205.6875,204.30208333333334,2.8279430866241455
frame1209,136.40721649484536,140.80927835051546,138.3041237113402,206.41666666666666,204.86458333333334,203.41666666666666,2.6750969886779785
frame1210,137.55670103092783,142.02061855670104,139.52319587628867,205.58333333333334,204.13541666666666,202.58333333333334,2.2077436447143555
frame1211,138.7963917525773,143.2757731958763,140.75,204.94791666666666,203.48177083333334,201.94791666666666,1.438299298286438
frame1212,140.41494845360825,144.60309278350516,142.21391752577318,204.84375,203.4296875,201.84375,0.924430251
frame1213,141.4819587628866,146.05927835051546,143.70103092783506,204.4296875,203.015625,201.4296875,0.923977256
frame1214,142.1597938,147.0463917525773,144.5902062,203.72916666666666,202.3359375,200.78125,0.9529006481170654
frame1215,143.42268041237114,148.36340206185568,145.61082474226805,203.72916666666666,202.3359375,200.78125,0.966638446
frame1216,145.36082474226805,150.1262886597938,147.9458762886598,202.890625,201.890625,200.28385416666666,0.976780891
frame1217,146.31443298969072,151.00257731958763,148.66752577319588,203.15625,202.15625,200.70833333333334,0.9838734865188599
frame1218,147.01030927835052,151.77061855670104,149.8041237113402,203.5625,202.3203125,201.02864583333334,0.9722901582717896
frame1219,147.15463917525773,151.92525773195877,149.9819587628866,204.58333333333334,203.48697916666666,202.4375,0.9400181770324707
frame1220,147.75257731958763,152.28092783505156,150.04896907216494,204.58333333333334,203.48697916666666,202.34114583333334,0.84450233
frame1221,148.37886597938143,152.70103092783506,150.36855670103094,204.06770833333334,202.90625,201.80208333333334,0.6340155005455017
frame1222,148.68041237113403,152.86340206185568,150.42268041237114,207.12760416666666,206.09375,204.09114583333334,0.3473019003868103
frame1223,148.85824742268042,152.9664948453608,150.2963917525773,207.4453125,205.921875,204.39583333333334,0.06165719
frame1224,148.95618556701032,153.60309278350516,151.44329896907217,208.91145833333334,207.16666666666666,205.86197916666666,-0.016126931
frame1225,148.57474226804123,153.3840206185567,151.65463917525773,209.19791666666666,207.36458333333334,206.19791666666666,-0.032647848
frame1226,148.69072164948454,153.28092783505156,151.90721649484536,207.57291666666666,205.76302083333334,204.5703125,-0.037367225
frame1227,148.67525773195877,153.26546391752578,151.98969072164948,207.79166666666666,205.9921875,204.7890625,-0.037346631
frame1228,149.05154639175257,153.64690721649484,152.47680412371133,207.79166666666666,205.98958333333334,204.7578125,-0.035444796
frame1229,148.6778350515464,153.2835051546392,152.5902062,216.91666666666666,215.4453125,213.91666666666666,-0.032397032
frame1230,148.5721649484536,153.2164948453608,151.6443298969072,216.38541666666666,214.4375,212.91666666666666,-0.034433872
frame1231,148.73969072164948,153.41494845360825,152.13144329896906,218.67708333333334,216.26041666666666,215.25,-0.036077619
frame1232,149.81701030927834,154.26030927835052,153.0335051546392,218.36458333333334,216.66666666666666,214.9375,-0.037055105
frame1233,149.5541237113402,154.00257731958763,152.97938144329896,217.67708333333334,215.95833333333334,214.25,-0.036817878
frame1234,150.01030927835052,154.40463917525773,153.3221649484536,216.70833333333334,214.98958333333334,213.28125,-0.037136286
frame1235,149.96907216494844,154.37113402061857,153.51288659793815,218.55729166666666,216.72916666666666,214.91145833333334,-0.036934853
frame1236,150.05154639175257,154.43041237113403,152.66752577319588,220.04166666666666,218.14583333333334,216.2578125,-0.036569685
frame1237,150.13659793814432,154.52061855670104,153.40721649484536,220.04166666666666,217.2578125,216.2578125,-0.037213445
frame1238,150.3737113402062,154.87113402061857,153.3556701030928,217.78125,216.78125,215.765625,-0.036561668
frame1239,150.28608247422682,154.77835051546393,153.51030927835052,218.609375,216.63541666666666,215.609375,-0.035626441
frame1240,150.26288659793815,154.83247422680412,153.62113402061857,217.63541666666666,216.63541666666666,215.609375,-0.034804195
frame1241,150.26288659793815,154.83247422680412,153.9278350515464,217.59895833333334,216.59895833333334,215.5703125,-0.033663869
frame1242,150.3402062,154.9097938,153.77835051546393,218.5703125,217.5703125,215.5703125,-0.033237666
frame1243,150.33247422680412,154.90721649484536,154.55927835051546,219.54166666666666,218.54166666666666,216.54166666666666,-0.033758372
frame1244,150.34278350515464,154.91752577319588,153.7757731958763,220.51302083333334,218.54166666666666,217.484375,-0.033596337
frame1245,150.34278350515464,154.91752577319588,153.7757731958763,222.45572916666666,220.484375,219.45572916666666,-0.034355313
frame1246,150.34278350515464,154.91752577319588,153.7757731958763,223.4609375,222.45833333333334,220.4296875,-0.035634756
frame1247,150.35309278350516,154.9278350515464,153.7963917525773,224.4296875,223.42708333333334,221.3984375,-0.036504179
frame1248,150.57474226804123,154.58247422680412,154.0180412371134,225.40104166666666,224.3984375,222.36979166666666,-0.036543012
frame1249,149.2422680412371,154.69329896907217,153.25,226.3984375,225.39583333333334,223.39583333333334,-0.036408246
frame1250,149.56701030927834,154.63144329896906,153.71391752577318,227.66666666666666,225.68489583333334,223.69791666666666,-0.037532657
frame1251,149.41494845360825,154.60824742268042,153.4922680412371,228.66666666666666,226.68229166666666,225.6640625,-0.038310915
frame1252,149.41494845360825,154.60824742268042,153.4922680412371,228.66666666666666,226.68229166666666,225.6640625,-0.039059252
frame1253,149.40463917525773,154.5979381443299,153.4922680412371,228.66666666666666,226.68489583333334,225.6796875,-0.039607584
frame1254,149.53608247422682,154.48969072164948,153.2036082474227,228.68229166666666,226.70052083333334,225.6796875,-0.039808512
frame1255,149.37113402061857,154.4819587628866,152.9922680412371,229.52083333333334,227.54166666666666,226.54166666666666,-0.04078722
frame1256,149.39690721649484,154.4664948453608,153.10051546391753,229.52083333333334,227.54166666666666,226.52083333333334,-0.041600645
frame1257,149.25257731958763,154.32731958762886,152.94072164948454,229.52083333333334,227.54166666666666,226.54166666666666,-0.042733222
frame1258,148.54123711340208,153.8479381443299,152.73969072164948,229.52083333333334,227.54166666666666,226.52083333333334,-0.045685679
frame1259,148.47938144329896,153.8659793814433,152.64175257731958,229.5625,227.5625,226.5625,-0.047848612
frame1260,148.46391752577318,153.78092783505156,152.91237113402062,229.5625,227.5625,226.5625,-0.048731714
frame1261,148.46391752577318,153.78092783505156,152.91237113402062,229.5625,227.5625,226.5625,-0.049199164
frame1262,148.1262886597938,153.44329896907217,153.1958762886598,228.10416666666666,226.10416666666666,224.10416666666666,-0.049334407
frame1263,148.12886597938143,153.4458762886598,153.19845360824743,227.93229166666666,225.1171875,223.93229166666666,-0.049512297
frame1264,148.13659793814432,153.4819587628866,153.22938144329896,227.93229166666666,225.1171875,223.93229166666666,-0.049866676
frame1265,148.13659793814432,153.4819587628866,153.22938144329896,227.93229166666666,225.1171875,223.93229166666666,-0.050332338
frame1266,148.1159793814433,153.4819587628866,153.22938144329896,227.1171875,225.1171875,223.93229166666666,-0.050560027
frame1267,148.13659793814432,153.4819587628866,153.22938144329896,227.93229166666666,225.1171875,223.93229166666666,-0.050970852
frame1268,148.15721649484536,153.47680412371133,153.2319587628866,226.30208333333334,225.1171875,223.30208333333334,-0.050508112
frame1269,147.6340206185567,153.0979381443299,152.38917525773195,226.30208333333334,224.30208333333334,223.1171875,-0.051386684
frame1270,147.6340206185567,153.0979381443299,152.38917525773195,226.30208333333334,224.30208333333334,223.1171875,-0.052044183
frame1271,146.97164948453607,153.04123711340208,152.30154639175257,227.1171875,225.1171875,223.93229166666666,-0.053346485
frame1272,146.7319587628866,153.04123711340208,152.30154639175257,227.1171875,225.1171875,223.93229166666666,-0.054285914
frame1273,147.56701030927834,153.04123711340208,152.30154639175257,226.30208333333334,224.30208333333334,223.1171875,-0.053163737
frame1274,147.19072164948454,152.83247422680412,152.46907216494844,226.04166666666666,224.91666666666666,222.86458333333334,-0.052356958
frame1275,146.79896907216494,152.69072164948454,151.90721649484536,226.80208333333334,225.6640625,223.78645833333334,-0.05299148
frame1276,146.8041237113402,152.68556701030928,152.02319587628867,226.80208333333334,225.6640625,223.6484375,-0.053570032
frame1277,146.80670103092783,152.68814432989691,152.0257731958763,226.80208333333334,225.6640625,223.6484375,-0.053765833
frame1278,146.80670103092783,152.68814432989691,152.0257731958763,226.6640625,224.6796875,223.51041666666666,-0.054003507
frame1279,146.80670103092783,152.68814432989691,152.0257731958763,225.95572916666666,223.97135416666666,222.80208333333334,-0.053532541
frame1280,146.86340206185568,152.31958762886597,151.77319587628867,225.81770833333334,223.83333333333334,222.6640625,-0.052792132
frame1281,146.5077319587629,152.10309278350516,151.2164948453608,225.25260416666666,224.13020833333334,221.375,-0.052534729
frame1282,145.52835051546393,151.1237113402062,150.2164948453608,225.23958333333334,223.32291666666666,221.375,-0.05305773
frame1283,144.52835051546393,150.1237113402062,149.20618556701032,225.23958333333334,223.32291666666666,221.375,-0.051805884
frame1284,143.24484536082474,149.10309278350516,148.17268041237114,224.30729166666666,223.30729166666666,221.359375,-0.046484232
frame1285,142.00515463917526,148.08762886597938,146.89175257731958,223.3515625,222.3515625,220.40104166666666,-0.035850346
frame1286,140,146.7319587628866,146.49742268041237,221.92708333333334,219.97916666666666,218.859375,-0.017522156
frame1287,138.38144329896906,145.72938144329896,145.49484536082474,226.28125,224.33333333333334,222.79427083333334,0.016390442848205566
frame1288,137.37113402061857,144.71907216494844,144.48453608247422,224.98697916666666,223.0390625,221.578125,0.073347509
frame1289,136.3762886597938,143.71907216494844,143.48453608247422,224.83333333333334,222.88541666666666,221.44010416666666,0.210620716
frame1290,135.48453608247422,142.5798969072165,142.44845360824743,227.6875,225.6875,224.13020833333334,0.4414282739162445
frame1291,134.02835051546393,141.36340206185568,140.65721649484536,230.296875,228.46614583333334,226.61458333333334,0.7373478412628174
frame1292,132.9097938,139.2757731958763,139.53865979381445,230.60416666666666,227.89583333333334,226.875,0.9369431734085083
frame1293,131.56701030927834,138.13917525773195,138.20618556701032,233.296875,231.15104166666666,230.72395833333334,1.0894924402236938
frame1294,130.34278350515464,136.53092783505156,136.8737113402062,235.92708333333334,234.23177083333334,233.49739583333334,1.1805559396743774
frame1295,128.89175257731958,135.04896907216494,135.0257731958763,238.67447916666666,236.26041666666666,235.67447916666666,1.2519850730895996
frame1296,128.02319587628867,134.17525773195877,134.57474226804123,241.76041666666666,238.98958333333334,238.76041666666666,1.3697439432144165
frame1297,126.95360824742268,133.09278350515464,133.61082474226805,243.4765625,242.0078125,241.31770833333334,1.534098744392395
frame1298,126.12113402061856,132.93814432989691,134.5902062,243.5625,242.00520833333334,241.00520833333334,1.7804770469665527
frame1299,125.76288659793815,132.7963917525773,135.5902062,244.41145833333334,243.00520833333334,242.41145833333334,2.145456552505493
frame1300,129.96134020618555,134.96907216494844,140.68814432989691,222.35416666666666,220.90364583333334,219.5703125,2.2893261909484863
frame1301,129.40721649484536,135.5,139.45618556701032,162.81510416666666,160.796875,156.1875,2.3525328636169434
frame1302,130.95876288659792,137.84536082474227,141.14690721649484,162.13802083333334,159.453125,156.34375,1.9067718982696533
frame1303,131.10309278350516,138.2680412371134,141.54381443298968,162.04166666666666,161.95833333333334,155.16666666666666,1.1964056491851807
frame1304,133.2835051546392,138.8402062,141.80927835051546,165.04166666666666,164,158.125,0.9281206130981445
frame1305,140.0541237113402,143.1701030927835,141.8840206185567,168,166,160.125,0.9205976724624634
frame1306,156.55670103092783,157.66494845360825,152.93814432989691,171,170,163,0.8900460004806519
frame1307,163.44072164948454,162.94329896907217,158.37886597938143,173,172,165,0.750873864
frame1308,164.1237113402062,163.20618556701032,157.3298969072165,175,174,167,0.5420002341270447
frame1309,165,165,158,177,176,169,0.27492138743400574
frame1321,116.12371134020619,125.25515463917526,127.31958762886597,229.15625,226.7109375,226.578125,0.42743951082229614
frame1322,116.37113402061856,125.23969072164948,128.4020618556701,226.765625,224.4453125,224.33854166666666,1.5979406833648682
frame1323,118.57474226804123,126.5,129.92268041237114,219.9296875,218.54166666666666,217.671875,2.7735700607299805
frame1324,120.20360824742268,128.1056701030928,131.52835051546393,218.50520833333334,217.23958333333334,216.640625,3.1679165363311768
frame1325,120.83247422680412,129.60309278350516,132.1520618556701,212.70833333333334,211.20833333333334,210.421875,3.1667802333831787
frame1326,121.8840206185567,130.7164948453608,133.2319587628866,211.66666666666666,209.94010416666666,209.0234375,3.096884012
frame1327,122.8840206185567,131.72680412371133,134.2319587628866,208.77864583333334,207.140625,205.77864583333334,3.054051399230957
frame1328,124.12886597938144,134.5541237113402,135.89175257731958,209.125,207.140625,205.48697916666666,3.0242323875427246
frame1329,124.51288659793815,135.1778350515464,136.35824742268042,208.203125,205.8359375,204.50520833333334,3.0091261863708496
frame1330,125.39948453608247,136.1262886597938,137.11082474226805,207.87239583333334,205.34375,204.15885416666666,2.995305061340332
frame1331,126.90979381443299,137.43814432989691,138.48969072164948,206.27083333333334,204.453125,203.26822916666666,2.9557230472564697
frame1332,128.41237113402062,138.84278350515464,139.95876288659792,205.61458333333334,203.83072916666666,202.0078125,2.845719099
frame1333,129.6778350515464,140.5721649484536,141.57474226804123,204.4375,202.83333333333334,201.61458333333334,1.107008695602417
frame1334,131.92525773195877,142.26546391752578,142.98453608247422,204.41666666666666,202.80989583333334,201.59635416666666,0.9534014463424683
frame1335,134.44072164948454,144.32474226804123,145.34278350515464,204.41666666666666,202.80989583333334,201.41666666666666,1.172414779663086
frame1336,135.8221649484536,145.64175257731958,146.56443298969072,203.18489583333334,202.18489583333334,200.79166666666666,1.872878074645996
frame1337,137.44329896907217,147.44329896907217,148.6958762886598,204.11979166666666,203.11979166666666,201.703125,2.536984682
frame1338,137.2835051546392,147.77319587628867,148.75515463917526,203.59895833333334,202.3359375,201.02604166666666,0.9702637195587158
frame1339,138.75,148.5902062,149.81958762886597,204.484375,203.35677083333334,201.35416666666666,1.0086761713027954
frame1340,138.94845360824743,148.86340206185568,149.9664948453608,208.46875,207.45833333333334,205.45833333333334,1.037840723991394
frame1341,139.47938144329896,148.93814432989691,149.89690721649484,204.5859375,203.23177083333334,200.83333333333334,1.0570467710494995
frame1342,139.54896907216494,149.1597938,149.85824742268042,209.109375,207.34375,205.82291666666666,1.0649852752685547
frame1343,139.93556701030928,149.10309278350516,150.16752577319588,208.40625,206.6328125,205.12760416666666,1.0417871475219727
frame1344,140.2319587628866,149.15463917525773,150.11855670103094,208.35416666666666,206.5859375,205.08072916666666,1.0250804424285889
frame1345,140.5463917525773,149.10309278350516,150.4819587628866,207.625,205.85677083333334,204.3515625,0.9952186346054077
frame1346,140.58762886597938,149.17525773195877,150.54381443298968,207.625,205.85677083333334,204.3515625,0.9653388261795044
frame1347,140.69072164948454,149.0721649484536,150.6056701030928,207.58333333333334,205.81510416666666,204.30989583333334,0.9298514127731323
frame1348,140.67268041237114,149.1237113402062,150.6340206185567,208.60677083333334,206.62760416666666,205.56510416666666,0.8845396041870117
frame1349,140.56958762886597,148.7680412371134,150.37113402061857,212.04166666666666,210.29947916666666,208.04166666666666,0.8052258491516113
frame1350,140.3737113402062,148.78092783505156,150.31185567010309,212.04166666666666,210.29947916666666,208.7734375,0.6217957139015198
frame1351,140.59278350515464,149.99484536082474,151.1958762886598,219.28385416666666,218.28385416666666,215.78385416666666,0.3364134728908539
frame1352,140.53608247422682,149.94072164948454,151.13917525773195,218.53385416666666,217.53385416666666,215.1171875,0.15609852969646454
frame1360,139.87113402061857,149.51546391752578,150.9458762886598,219.90625,218.03645833333334,216.19791666666666,0.24239099025726318
frame1361,139.8943298969072,149.5721649484536,151.08505154639175,219.90625,218.03645833333334,216.16666666666666,0.3875081241130829
frame1362,139.8943298969072,149.5721649484536,151.08505154639175,219.90625,218.03645833333334,216.16666666666666,0.5095966458320618
frame1363,139.8943298969072,149.5721649484536,151.08505154639175,219.90625,218.03645833333334,216.16666666666666,0.6626686453819275
frame1364,139.93041237113403,149.55927835051546,150.99484536082474,220.15625,218.28645833333334,216.41666666666666,0.8162494897842407
frame1365,141.1701030927835,149.2757731958763,152.31958762886597,218.98958333333334,217.16666666666666,215.34375,0.889560342
frame1366,141.19329896907217,149.59536082474227,152.3840206185567,218.85677083333334,217.04166666666666,215.2265625,0.9286130666732788
frame1367,141.0180412371134,149.4201030927835,152.20876288659792,218.85677083333334,217.04166666666666,215.2265625,0.9454362392425537
frame1368,141.0180412371134,149.4201030927835,152.20876288659792,218.85677083333334,217.04166666666666,215.2265625,0.9491530656814575
frame1369,141.0180412371134,149.4201030927835,152.20876288659792,218.85677083333334,217.04166666666666,215.2265625,0.9460322856903076
frame1370,141.0180412371134,149.4201030927835,152.20876288659792,218.85677083333334,217.04166666666666,215.2265625,0.9389567375183105
frame1371,141.04123711340208,149.43556701030928,152.42268041237114,218.85677083333334,217.04166666666666,215.2265625,0.9289947748184204
frame1372,141.04123711340208,149.43556701030928,152.4278350515464,218.85677083333334,217.04166666666666,215.2265625,0.9180961847305298
frame1373,140.92268041237114,149.0541237113402,152.05154639175257,218.85677083333334,217.04166666666666,215.2265625,0.9059584140777588
frame1374,140.89175257731958,149.02319587628867,152.0257731958763,218.85677083333334,217.04166666666666,215.2265625,0.8928215503692627
frame1375,140.89175257731958,149.02319587628867,152.02061855670104,218.85677083333334,217.04166666666666,215.2265625,0.8794219493865967
frame1376,140.89175257731958,149.02319587628867,152.02061855670104,218.85677083333334,217.04166666666666,215.2265625,0.8649895191192627
frame1377,140.90463917525773,149.2164948453608,152.60309278350516,220.18489583333334,218.29166666666666,216.3984375,0.8505022525787354
frame1378,140.73969072164948,149.18041237113403,152.36340206185568,220.18489583333334,218.29166666666666,216.3984375,0.8325668573379517
frame1379,140.73969072164948,149.18041237113403,152.36340206185568,220.18489583333334,218.29166666666666,216.3984375,0.808413565
frame1380,140.73969072164948,149.18041237113403,152.36340206185568,220.18489583333334,218.29166666666666,216.3984375,0.7725732326507568
frame1381,140.73969072164948,149.18041237113403,152.36340206185568,220.18489583333334,218.29166666666666,216.3984375,0.6840171813964844
frame1382,140.97938144329896,149.4201030927835,152.60309278350516,220.18489583333334,218.29166666666666,216.3984375,0.486011267
frame1405,135.1443298969072,144.91752577319588,147.3221649484536,223.0625,221.11458333333334,219.16666666666666,0.8673770427703857
frame1406,133.85309278350516,143.89175257731958,146.2835051546392,223.0625,221.11458333333334,219.16666666666666,0.9224780797958374
frame1407,132.8479381443299,142.89175257731958,145.11855670103094,223.25,220.33333333333334,219.33333333333334,0.9543342590332031
frame1408,131.62886597938143,141.62113402061857,143.9020618556701,224.25,222.29166666666666,220.33333333333334,0.9673200845718384
frame1409,130.25,139.5463917525773,142.47164948453607,223.25,222.25,220.25,0.9776864051818848
frame1410,129.25,138.34278350515464,141.23969072164948,223.09114583333334,222.08854166666666,220.08854166666666,0.9923814535140991
frame1411,128.43556701030928,137.52835051546393,140.42525773195877,223.09114583333334,222.08854166666666,220.08854166666666,1.0092804431915283
frame1412,127.27061855670104,136.36340206185568,139.26030927835052,222.4375,220.47916666666666,219.421875,1.0405592918395996
frame1413,126.44072164948453,134.89690721649484,138.4458762886598,232.5625,230.84895833333334,228.84895833333334,1.1126362085342407
frame1414,125.40463917525773,133.91494845360825,137.4458762886598,234.5625,232.75,230.75,1.2464656829833984
frame1415,123.80927835051547,132.30927835051546,135.86082474226805,236.59635416666666,234.82291666666666,233.015625,1.4300570487976074
frame1416,122.77577319587628,131.2835051546392,134.83247422680412,240.64583333333334,238.796875,237.64583333333334,1.6735349893569946
frame1417,121.90463917525773,130.16494845360825,133.90721649484536,243.57291666666666,242.140625,240.57291666666666,2.001981735229492
frame1418,120.5798969072165,128.87886597938143,132.61082474226805,244.96875,242.96614583333334,242.34895833333334,2.460646390914917
frame1419,119.9278350515464,128.2835051546392,132.1520618556701,246.35416666666666,244.07552083333334,243.35416666666666,2.8169333934783936
frame1420,125.41237113402062,133.04381443298968,137.80670103092783,241.80729166666666,239.9140625,240.1953125,2.9413845539093018
frame1421,126.90979381443299,134.22164948453607,139.21907216494844,163.80729166666666,161.82291666666666,158.15625,2.9479875564575195
frame1422,126.72938144329896,134.2757731958763,139.20876288659792,161.8359375,161.2109375,154.4453125,2.831524372
frame1423,127.2139175257732,135.01288659793815,139.69329896907217,162.41666666666666,162.33333333333334,155.36458333333334,2.208331346511841
frame1424,128.5335051546392,136.90721649484536,140.8402062,166,165,159,1.4773284196853638
frame1425,132.5721649484536,139.06701030927834,139.57474226804123,169,167,161,1.0133278369903564
frame1442,113.95103092783505,123.73453608247422,129.1520618556701,230.22916666666666,227.875,227.66666666666666,3.0462634563446045
frame1443,114.5721649484536,124.55154639175258,129.6262886597938,218.87760416666666,217.23177083333334,216.4140625,4.2710041999816895
frame1444,116.5721649484536,125.47164948453609,129.32474226804123,215.7734375,214.3125,213.8515625,4.697891712188721
frame1445,118.14948453608247,127.04381443298969,130.89690721649484,213.63802083333334,211.74479166666666,211.02604166666666,4.913651466369629
frame1446,119.38917525773196,127.95360824742268,132.1778350515464,209.72916666666666,208.00260416666666,206.84375,4.758953571
frame1447,120.38659793814433,128.9536082474227,133.18298969072166,208.85416666666666,207.12760416666666,205.85416666666666,3.6267919540405273
frame1448,121.80412371134021,130.3041237113402,134.83505154639175,207.46614583333334,205.828125,204.46614583333334,3.050189971923828
frame1449,122.87628865979381,132.19072164948454,135.7963917525773,206.7734375,205.234375,203.7734375,3.0258278846740723
frame1450,123.80670103092784,133.26288659793815,136.76030927835052,206.3125,204.7734375,203.3125,3.003570556640625
frame1451,124.88144329896907,134.7242268041237,138.84536082474227,206.3125,204.7734375,203.3125,2.948028564453125
frame1452,126.3840206185567,136.12886597938143,139.99484536082474,205.7734375,204.234375,202.7734375,2.8815054893493652
frame1453,127.44329896907216,137.19072164948454,141.0721649484536,205.3125,203.7734375,202.3125,2.777228593826294
frame1454,129.1701030927835,138.5902062,142.7577319587629,206.70833333333334,204.99479166666666,203.70833333333334,2.461024522781372
frame1455,129.90721649484536,139.66237113402062,143.77319587628867,206.70833333333334,204.99479166666666,203.70833333333334,2.565227746963501
frame1456,130.69329896907217,140.95618556701032,144.3659793814433,203.578125,202.34375,201.05729166666666,2.3151087760925293
frame1457,132.29381443298968,142.16752577319588,145.7757731958763,203.171875,201.94010416666666,200.90885416666666,2.275498390197754
frame1458,133.6056701030928,143.30927835051546,147.6237113402062,204.35416666666666,203.33333333333334,202.22135416666666,0.9490588903427124
frame1459,134.67268041237114,144.05670103092783,147.90463917525773,207.7265625,206.70833333333334,204.6875,0.9659460783004761
frame1460,135.13144329896906,144.60824742268042,148.70876288659792,207.16666666666666,205.5546875,203.7265625,0.9781619310379028
frame1461,135.06958762886597,144.58505154639175,148.53865979381445,207.96875,206.25,204.63541666666666,0.9856306314468384
frame1462,136.87886597938143,145.97680412371133,149.96907216494844,209.91666666666666,207.97916666666666,206.80208333333334,0.9998140335083008
frame1463,136.79896907216494,146.04381443298968,149.91237113402062,210.59114583333334,209.38802083333334,207.38802083333334,1.01711905
frame1464,137.98453608247422,146.9922680412371,150.7680412371134,215.44270833333334,213.92447916666666,211.92447916666666,1.0133639574050903
frame1465,137.56701030927834,146.91237113402062,150.5721649484536,217.59114583333334,215.8984375,214.11979166666666,1.013831377029419
frame1466,137.9819587628866,147.0541237113402,150.79123711340208,216,214.34895833333334,212.6796875,1.0133429765701294
frame1467,138.0463917525773,147.52319587628867,150.9922680412371,219.26041666666666,217.35677083333334,215.453125,1.0016952753067017
frame1468,138.36340206185568,147.52835051546393,151.0180412371134,215.53385416666666,214.48177083333334,212.75520833333334,0.999011755
frame1469,138.42525773195877,148.0721649484536,151.24742268041237,215.53385416666666,214.48177083333334,212.75520833333334,0.9977235794067383
frame1470,138.5979381443299,147.8737113402062,151.27061855670104,217.71354166666666,215.93489583333334,214.15625,0.9942853450775146
frame1471,138.50515463917526,148.07474226804123,151.3041237113402,220.16666666666666,218.38802083333334,216.609375,0.994969368
frame1472,138.60824742268042,148.34278350515464,151.81958762886597,224.0625,222.11458333333334,220.7890625,0.9942500591278076
frame1473,139.30670103092783,149.02061855670104,152.0979381443299,214,212.97916666666666,211.03125,1.003224254
frame1474,139.31958762886597,148.38917525773195,152.1778350515464,218.50260416666666,216.27604166666666,214.5546875,1.0084450244903564
frame1475,138.85051546391753,148.47680412371133,152.42525773195877,217.90364583333334,216.47135416666666,214.69010416666666,1.0110217332839966
frame1476,138.95876288659792,148.60051546391753,151.76546391752578,216.0234375,214.09635416666666,212.17447916666666,1.0147950649261475
frame1477,138.70876288659792,148.40463917525773,151.44329896907217,216.71875,215.66666666666666,212.97395833333334,1.015496015548706
frame1478,139.95876288659792,149.61340206185568,152.45618556701032,221.0859375,220.03385416666666,218.0859375,1.0163588523864746
frame1479,140.66237113402062,150.3041237113402,154.0335051546392,225.60677083333334,224.19791666666666,222.44791666666666,1.0168259143829346
frame1480,140.72680412371133,150.2963917525773,154.19329896907217,228.25520833333334,227.25520833333334,225.13020833333334,1.0117520093917847
frame1481,141.0979381443299,150.8659793814433,154.5721649484536,233.81510416666666,232.79427083333334,230.79166666666666,1.0058612823486328
frame1482,142.46134020618555,151.8556701030928,156,239.82291666666666,237.82291666666666,236.8203125,1.0020421743392944
frame1483,143.50257731958763,152.91494845360825,157.3737113402062,238.6640625,237.65885416666666,236.38541666666666,0.9926596879959106
frame1484,143.14690721649484,153.0335051546392,156.55154639175257,243.27604166666666,241.4453125,240.27604166666666,0.9862123727798462
frame1485,142.23711340206185,151.31185567010309,156.0902062,236.74479166666666,235.74479166666666,233.74479166666666,0.9807796478271484
frame1486,142.07731958762886,151.98453608247422,156.0721649484536,221.21875,219.984375,217.984375,0.9562429189682007
frame1487,140.5463917525773,149.7036082474227,154.34536082474227,212.8125,210.74479166666666,209.8125,0.9373079538345337
frame1488,140.15463917525773,148.9278350515464,153.55927835051546,211.8125,209.74479166666666,208.74479166666666,0.9177392721176147
frame1489,139.3221649484536,147.9664948453608,152.63659793814432,211.02864583333334,209.02604166666666,208.02604166666666,0.8975100517272949
frame1490,138.4742268041237,147.10051546391753,152.06701030927834,211.02864583333334,209.02864583333334,208.02604166666666,0.8757147789001465
frame1491,138.39690721649484,147.1443298969072,152.08505154639175,210.82552083333334,208.82552083333334,207.82291666666666,0.8441561460494995
frame1492,138.0541237113402,147.06185567010309,151.36340206185568,213.15625,211.15625,209.89322916666666,0.8104104995727539
frame1493,137.44845360824743,146.96134020618555,151.0798969072165,213.89322916666666,211.89322916666666,210.63020833333334,0.8236973285675049
frame1494,137.8762886597938,146.96391752577318,151.0335051546392,211.02864583333334,209.02864583333334,208.02604166666666,0.8159117698669434
frame1495,137.82731958762886,146.95876288659792,150.29381443298968,211.02864583333334,209.02864583333334,208.02604166666666,0.8186447620391846
frame1496,137.87113402061857,146.95876288659792,150.28092783505156,216.70052083333334,214.70052083333334,213.18229166666666,0.8364368677139282
frame1497,137.87113402061857,146.95876288659792,150.28092783505156,212.86197916666666,210.86197916666666,209.69270833333334,0.8459299802780151
frame1498,137.87113402061857,146.95876288659792,150.2757731958763,212.86197916666666,210.86197916666666,209.69270833333334,0.8623311519622803
frame1499,137.94845360824743,146.9664948453608,150.77835051546393,217.15885416666666,215.59895833333334,213.59895833333334,0.881344199
frame1500,137.92268041237114,146.9664948453608,150.2577319587629,217.15885416666666,215.59895833333334,213.59895833333334,0.8757014274597168
frame1501,137.86340206185568,146.9664948453608,150.2577319587629,217.15885416666666,215.15885416666666,213.59895833333334,0.8095656633377075
frame1502,137.86340206185568,146.9664948453608,150.2577319587629,217.15885416666666,215.59895833333334,213.59895833333334,0.8184924125671387
frame1503,137.63917525773195,147.30154639175257,150.36340206185568,217.71875,216.15885416666666,214.15885416666666,0.8661589622497559
frame1504,137.3943298969072,146.9278350515464,150.8402062,218.015625,216.46875,214.46875,0.8718606233596802
frame1505,136.86082474226805,146.92268041237114,150.55927835051546,217.70052083333334,216.18229166666666,214.18229166666666,0.9109433889389038
frame1506,136.85051546391753,146.92268041237114,150.55927835051546,218.21875,216.70052083333334,214.70052083333334,0.9587351083755493
frame1507,136.96391752577318,146.92268041237114,150.5721649484536,218.70052083333334,216.70052083333334,214.70052083333334,0.9774467945098877
frame1508,136.91752577319588,146.74484536082474,150.5257731958763,218.21875,216.70052083333334,214.70052083333334,0.9844642877578735
frame1509,137.1701030927835,147.03092783505156,150.78608247422682,219.21875,218.21875,215.70052083333334,0.9852149486541748
frame1510,137.2036082474227,146.98711340206185,150.73969072164948,219.70052083333334,218.70052083333334,215.70052083333334,0.9838192462921143
frame1511,136.9278350515464,146.93298969072166,150.45876288659792,220.21875,219.21875,216.21875,0.9834003448486328
frame1512,137.21907216494844,147.2242268041237,150.7422680412371,215.02864583333334,214.02864583333334,211.02864583333334,0.9863615036010742
frame1513,136.9536082474227,147.0077319587629,150.5463917525773,215.03125,214.03125,211.03125,0.9886871576309204
frame1514,136.83505154639175,146.89175257731958,150.44072164948454,215.24739583333334,214.24739583333334,211.24739583333334,0.9905054569244385
frame1515,136.84536082474227,146.58247422680412,150.54123711340208,215.25,214.25,211.30208333333334,0.9917322397232056
frame1516,137.2680412371134,146.69329896907217,151.03608247422682,216.3046875,215.3046875,212.30729166666666,0.9928088188171387
frame1517,137.27835051546393,146.7036082474227,151.0463917525773,216.6328125,215.6328125,212.6328125,0.9941976070404053
frame1518,137.27061855670104,146.3221649484536,150.9664948453608,216.6328125,215.6328125,212.6328125,0.9950952529907227
frame1519,137.4458762886598,146.49742268041237,151.13659793814432,216.6328125,215.6328125,212.6328125,0.9963268041610718
frame1520,137.02319587628867,146.1056701030928,150.77319587628867,216.6328125,215.6328125,212.6328125,0.9956812858581543
frame1521,137.0463917525773,146.0902062,150.7680412371134,216.6328125,215.6328125,212.72395833333334,0.9950275421142578
frame1522,135.78092783505156,145.17525773195877,149.69845360824743,217.54166666666666,216.54166666666666,214.45052083333334,0.9915423393249512
frame1523,134.6159793814433,144.35051546391753,148.38917525773195,217.6328125,216.6328125,214.6328125,0.9877631664276123
frame1524,132.7835051546392,142.9201030927835,146.64690721649484,217.6328125,216.6328125,214.6328125,0.9841949939727783
frame1525,131.7835051546392,141.9201030927835,145.57731958762886,217.6328125,216.6328125,214.6328125,0.9806857109069824
frame1526,130.32474226804123,140.87113402061857,144.34536082474227,217.6328125,216.6328125,214.6328125,0.9804892539978027
frame1527,128.6237113402062,139.42268041237114,142.94329896907217,218.54166666666666,217.54166666666666,215.54166666666666,0.9806356430053711
frame1528,127.4201030927835,137.9458762886598,142.0257731958763,221.14322916666666,219.1953125,217.24739583333334,0.9852328300476074
frame1529,125.14690721649484,136.66494845360825,140.93556701030928,220.7890625,218.86197916666666,216.93489583333334,0.9935160875320435
frame1530,124.37371134020619,135.49484536082474,140.01030927835052,220.7890625,218.86197916666666,216.93489583333334,1.0075325965881348
frame1531,123.59278350515464,134.72680412371133,139.2422680412371,222.88802083333334,220.89583333333334,218.90364583333334,1.0375573635101318
frame1532,122.3582474226804,133.49484536082474,138.01030927835052,228.9296875,226.9296875,224.9296875,1.1095930337905884
frame1533,121.07731958762886,131.3659793814433,136.64175257731958,229.48697916666666,227.5625,225.48958333333334,1.251733660697937
frame1534,119.99226804123711,130.17525773195877,135.3479381443299,232.796875,231.41145833333334,229.60416666666666,1.4689573049545288
frame1535,118.6082474226804,128.69072164948454,133.76030927835052,235.46875,233.7734375,232.13802083333334,1.775150179862976
frame1536,117.41752577319588,127.5,132.56958762886597,239.70833333333334,238.58333333333334,236.58333333333334,2.2011780738830566
frame1537,116.13659793814433,126.33247422680412,131.65463917525773,245.01041666666666,243.71875,242.01041666666666,2.6815474033355713
frame1538,115.94072164948453,125.52577319587628,131.1237113402062,243.890625,242.265625,240.890625,2.9212546348571777
frame1539,116.56443298969072,126.17268041237114,130.8737113402062,244.60677083333334,243.52604166666666,242.54947916666666,2.968362808227539
frame1540,122.21907216494846,130.6597938,135.6262886597938,245.3046875,244.0859375,243.12760416666666,3.0064382553100586
frame1541,124.77835051546391,133.10051546391753,139.16237113402062,171.36458333333334,169.05989583333334,166.40104166666666,2.8809027671813965
frame1542,125.97938144329896,135.11340206185568,140.3556701030928,161.34375,161.17708333333334,154.21875,2.8220365047454834
frame1543,125.78092783505154,134.9097938,140.8298969072165,163,163,156,2.525592088699341
frame1544,126.06443298969072,135.50515463917526,140.97938144329896,167,165,158,1.880022406578064
frame1545,128.1958762886598,136.73969072164948,140.6159793814433,169,167,161,1.3377386331558228
frame1546,146.74742268041237,148.80670103092783,145.5180412371134,171,169,163,0.8205044269561768
frame1547,160.6597938,160.12113402061857,154.33247422680412,173.5078125,172.5078125,165.5625,0.7157841920852661
frame1558,118.18041237113403,128.54123711340208,133.18041237113403,165.84375,165.03645833333334,162.23177083333334,-0.063976586
frame1559,114.0618556701031,123.73453608247422,127.16752577319588,230.50520833333334,229.43229166666666,229.4296875,0.035406202
frame1560,110.78865979381443,121.00515463917526,126.19329896907216,228.625,227.09375,227.0390625,0.5771250128746033
frame1561,111.06958762886597,121.94072164948453,128.25,228.71614583333334,227.17708333333334,227.11979166666666,1.9313691854476929
frame1562,112.3582474226804,122.80412371134021,129.41494845360825,223.44791666666666,222.1015625,221.75520833333334,3.439856767654419
frame1563,114.24226804123711,124.03092783505154,130.06185567010309,219.390625,218.08072916666666,217.77864583333334,4.040384292602539
frame1564,115.75773195876289,125.35309278350516,132.16494845360825,214.86458333333334,212.93229166666666,212.12760416666666,4.023806095123291
frame1565,117.02061855670104,126.55412371134021,133.00515463917526,211.0234375,209.171875,208.23958333333334,4.342895508
frame1566,118.50515463917526,128.18814432989691,134.48453608247422,208.9296875,207.41666666666666,205.9296875,3.473797559738159
frame1567,119.45360824742268,129.87886597938143,135.40463917525773,207.39583333333334,205.08854166666666,203.73177083333334,3.0362184047698975
frame1568,120.62628865979381,131.13144329896906,136.70876288659792,206.73177083333334,205.078125,203.72135416666666,3.0105655193328857
frame1569,121.53865979381443,132.2757731958763,137.59536082474227,207.04947916666666,204.7421875,203.38541666666666,2.9941418170928955
frame1570,122.9201030927835,134.32474226804123,138.91237113402062,205.6171875,203.890625,202.66927083333334,2.9544169902801514
frame1571,123.81701030927834,135.29381443298968,139.77319587628867,204.515625,203.515625,202.20572916666666,2.9097964763641357
frame1572,125.50515463917526,136.41752577319588,141.20618556701032,204.20572916666666,203.20572916666666,201.89583333333334,2.824443817138672
frame1573,127.1417525773196,137.97680412371133,142.69845360824743,204.20572916666666,203.20572916666666,201.85416666666666,2.6105270385742188
frame1574,128.59536082474227,139.08247422680412,144.18556701030928,203.515625,202.515625,201.1640625,2.454469919204712
frame1575,130.55927835051546,140.6443298969072,145.13144329896906,203.20572916666666,201.89583333333334,200.85416666666666,2.291714906692505
frame1576,130.60309278350516,141.32474226804123,145.93556701030928,203.20572916666666,201.89583333333334,200.54427083333334,1.8631845712661743
frame1577,131.85824742268042,142.20103092783506,146.66237113402062,205.07552083333334,204.01302083333334,202.94270833333334,0.9452154636383057
frame1578,133.4020618556701,143.29381443298968,148.35051546391753,205.83333333333334,204.36458333333334,202.5859375,0.968173623
frame1579,133.17268041237114,143.56701030927834,149.33505154639175,207.6015625,206.02083333333334,204.55989583333334,0.9830715656280518
frame1580,132.68298969072166,143.28092783505156,149.30154639175257,209.16927083333334,207.31510416666666,206.125,0.9970229864120483
frame1581,132.98453608247422,143.63659793814432,148.76288659793815,209.16927083333334,207.31510416666666,205.97916666666666,1.0053049325942993
frame1582,134.13144329896906,144.73453608247422,149.26546391752578,207.58333333333334,205.76041666666666,204.40625,1.0127252340316772
frame1583,133.9742268041237,144.77319587628867,149.27319587628867,207.79166666666666,205.98177083333334,204.6015625,0.9999728202819824
frame1584,134.3943298969072,144.89690721649484,149.47938144329896,207.79166666666666,205.98177083333334,203.79166666666666,1.004272222518921
frame1585,134.51288659793815,144.98711340206185,149.54381443298968,207.77864583333334,205.95572916666666,204.58854166666666,1.0072506666183472
frame1586,135.6701030927835,145.7757731958763,150.10309278350516,207.3515625,206.30729166666666,205.1484375,1.0020054578781128
frame1587,135.6597938,145.9020618556701,150.1597938,213.51041666666666,212.09635416666666,210.53125,0.9930819272994995
frame1588,135.64948453608247,146.14175257731958,150.45876288659792,213.58333333333334,212.16927083333334,210.10416666666666,0.9882084131240845
frame1589,135.4201030927835,146.28865979381445,150.36340206185568,218.65625,216.203125,214.859375,0.9831342697143555
frame1590,136.63917525773195,146.73711340206185,151.01546391752578,217.57552083333334,215.85416666666666,214.1328125,0.9807612895965576
frame1591,136.73453608247422,146.79896907216494,151.01030927835052,217.484375,215.75,214.015625,0.9807772636413574
frame1592,137.02319587628867,146.73969072164948,151.06701030927834,217.828125,216.05989583333334,214.05989583333334,0.9833863973617554
frame1593,137.22680412371133,146.79896907216494,150.81958762886597,217.1015625,215.33333333333334,213.56510416666666,0.9896540641784668
frame1594,137.0257731958763,146.58247422680412,150.8943298969072,216.85416666666666,215.80208333333334,213.67708333333334,0.9933886528015137
frame1595,136.59536082474227,146.70103092783506,150.8840206185567,216.85416666666666,215.80208333333334,213.80208333333334,0.9935911893844604
frame1596,136.41494845360825,146.60051546391753,150.8479381443299,216.85416666666666,215.80208333333334,213.67708333333334,0.9926074743270874
frame1597,136.75,146.55154639175257,150.77061855670104,216.85416666666666,215.80208333333334,213.80208333333334,0.9916995763778687
frame1598,137.1159793814433,146.50257731958763,150.59536082474227,217.16145833333334,216.1328125,214.1328125,0.9915831089019775
frame1599,137.10824742268042,146.56185567010309,150.5180412371134,217.16145833333334,216.1328125,214.1328125,0.9915921688079834
frame1600,136.8298969072165,146.32474226804123,150.28092783505156,218.03645833333334,217.0078125,214.92447916666666,0.9902393817901611
frame1601,137.0798969072165,146.60309278350516,150.4097938,218.03645833333334,217.0078125,215.0078125,0.9890481233596802
frame1602,136.82474226804123,146.3840206185567,150.19072164948454,218.0078125,216.97916666666666,214.89583333333334,0.9883875846862793
frame1603,136.78608247422682,146.34278350515464,150.1520618556701,218.04166666666666,217.01041666666666,215.01041666666666,0.9875912666320801
frame1604,136.78608247422682,146.33247422680412,150.14175257731958,217.15625,216.125,214.125,0.9874831438064575
frame1605,136.82731958762886,146.34278350515464,150.1520618556701,217.15625,216.125,214.125,0.9875565767288208
frame1606,136.91494845360825,146.7164948453608,150.87886597938143,218.79947916666666,217.796875,215.796875,0.9889005422592163
frame1607,136.47938144329896,146.72164948453607,150.7164948453608,218.765625,217.765625,215.765625,0.9886868000030518
frame1608,136.8221649484536,146.7577319587629,150.9201030927835,218.765625,217.765625,215.765625,0.9889436960220337
frame1609,136.8221649484536,146.7577319587629,150.9201030927835,218.765625,217.765625,215.765625,0.9885808229446411
frame1610,136.8298969072165,146.75,150.91752577319588,218.765625,217.765625,215.765625,0.9887024164199829
frame1611,136.7757731958763,146.75,150.90463917525773,219.75,218.75,216.75,0.9883224964141846
frame1612,136.93814432989691,146.72164948453607,150.93041237113403,219.75,218.75,216.75,0.9879671335220337
frame1613,136.9458762886598,146.72938144329896,150.93814432989691,219.75,218.75,216.75,0.9879904985427856
frame1614,136.75257731958763,146.72164948453607,150.93041237113403,219.75,218.75,216.734375,0.9879796504974365
frame1615,136.93298969072166,146.72938144329896,150.93814432989691,219.75,218.75,216.75,0.9878071546554565
frame1616,136.9458762886598,146.72938144329896,150.93814432989691,218.765625,217.765625,215.765625,0.9882348775863647
frame1617,136.93298969072166,146.72938144329896,150.93814432989691,219.75,218.75,216.75,0.9882771968841553
frame1618,136.99484536082474,146.80927835051546,150.96391752577318,218.16666666666666,217.16666666666666,215.11458333333334,0.9892457723617554
frame1619,137.05670103092783,146.83762886597938,150.9922680412371,217.6328125,216.6328125,214.6328125,0.9908350706100464
frame1620,137.3840206185567,146.67525773195877,151.19072164948454,217.6328125,216.6328125,214.54166666666666,0.9924209117889404
frame1621,137.4742268041237,146.67525773195877,151.19072164948454,217.6328125,216.6328125,214.6328125,0.9941318035125732
frame1622,137.3840206185567,146.67525773195877,151.19072164948454,217.6328125,216.6328125,214.54166666666666,0.9950909614562988
frame1623,137.48711340206185,146.69072164948454,151.2036082474227,217.6328125,216.6328125,214.54166666666666,0.9956846237182617
frame1624,137.48711340206185,146.69072164948454,151.2036082474227,217.6328125,216.6328125,214.54166666666666,0.9961885213851929
frame1625,137.48711340206185,146.69072164948454,151.2036082474227,217.6328125,216.6328125,214.54166666666666,0.9964770078659058
frame1626,137.39690721649484,146.69072164948454,151.2036082474227,217.6328125,216.6328125,214.54166666666666,0.9965571165084839
frame1627,137.48711340206185,146.69072164948454,151.2036082474227,217.6328125,216.6328125,214.6328125,0.9963845014572144
frame1628,137.48711340206185,146.69072164948454,151.2036082474227,217.6328125,216.6328125,214.54166666666666,0.9964182376861572
frame1629,137.48711340206185,146.69072164948454,151.2036082474227,217.6328125,216.6328125,214.6328125,0.9963611364364624
frame1630,137.10824742268042,146.8659793814433,151,218.25260416666666,217.25,215.19791666666666,0.9950722455978394
frame1631,137.00257731958763,147.12113402061857,151.13659793814432,218.57291666666666,217.5703125,215.47916666666666,0.9935433864593506
frame1632,137.23711340206185,147.08247422680412,151.2036082474227,217.66666666666666,216.6640625,214.57291666666666,0.9932873249053955
frame1633,137.23711340206185,147.08247422680412,151.2036082474227,217.66927083333334,216.66666666666666,214.57552083333334,0.9934241771697998
frame1634,137.02061855670104,147.08247422680412,151.2036082474227,217.66666666666666,216.6640625,214.57291666666666,0.9930731058120728
frame1635,136.84278350515464,147.1701030927835,151.1340206185567,218.54166666666666,216.6328125,215.45052083333334,0.9918472766876221
frame1636,137.1597938,147.1340206185567,151.11340206185568,218.54166666666666,216.6328125,215.45052083333334,0.9909332990646362
frame1637,137.3298969072165,147.18041237113403,151.1597938,218.54166666666666,217.54166666666666,215.45052083333334,0.9905805587768555
frame1638,137.01030927835052,147.14175257731958,151.12113402061857,218.54166666666666,216.6328125,215.45052083333334,0.9902868270874023
frame1639,137.20618556701032,147.18041237113403,151.1597938,218.54166666666666,216.6328125,215.45052083333334,0.989990234
frame1640,136.46907216494844,147.1340206185567,151.11340206185568,217.6328125,216.6328125,215.45052083333334,0.9895588159561157
frame1641,136.7577319587629,146.91237113402062,150.89175257731958,218.54166666666666,216.6328125,215.45052083333334,0.9886658191680908
frame1642,136.03092783505156,145.60309278350516,149.47164948453607,219.16666666666666,218.16666666666666,216.11458333333334,0.986602783
frame1643,133.91494845360825,144.54896907216494,147.93556701030928,218.66666666666666,217.66666666666666,215.66666666666666,0.9856876134872437
frame1644,132.44329896907217,143.54896907216494,146.87113402061857,218.66666666666666,217.66666666666666,215.58333333333334,0.9837377071380615
frame1645,131.1262886597938,142.3479381443299,145.3479381443299,218.66666666666666,216.75,215.66666666666666,0.9823362827301025
frame1646,130.01288659793815,141.3479381443299,144.34278350515464,218.75,216.83333333333334,215.83333333333334,0.9822778701782227
frame1647,129.0180412371134,140.3479381443299,143.33505154639175,218.75,217.75,215.83333333333334,0.9824663400650024
frame1648,127.6340206185567,138.96907216494844,141.96391752577318,218.75,216.83333333333334,215.83333333333334,0.9875959157943726
frame1649,126.62886597938144,137.89690721649484,140.95876288659792,220.61197916666666,217.78125,216.77864583333334,0.9946801662445068
frame1650,126.00257731958763,137.02319587628867,140.33247422680412,226.15625,224.6171875,223.02604166666666,1.0152512788772583
frame1651,124.90463917525773,135.25515463917526,139.2422680412371,226.8515625,224.7734375,223.7421875,1.0612305402755737
frame1652,123.48711340206185,133.80927835051546,137.96391752577318,226.8359375,224.7578125,223.7265625,1.1511632204055786
frame1653,121.52061855670104,132.21907216494844,136.21907216494844,232.5625,230.4296875,228.9453125,1.3552827835083008
frame1654,121.26804123711341,130.90463917525773,136.06701030927834,237.0625,234.61979166666666,233.68229166666666,1.6172877550125122
frame1655,119.91494845360825,129.63659793814432,134.63144329896906,238.0625,236.0625,235.0625,1.960495114326477
frame1656,119.56958762886597,129.19329896907217,134.3298969072165,243.6875,241.69791666666666,240.6875,2.4438488483428955
frame1657,118.54639175257732,128.3041237113402,132.87113402061857,245.13020833333334,242.953125,242.13020833333334,2.838139533996582
frame1658,118.0360824742268,127.51030927835052,132.26030927835052,245.38541666666666,242.9921875,242.38541666666666,2.961141347885132
frame1659,119.59278350515464,129.11082474226805,133.5180412371134,244.9921875,242.9921875,242.9921875,2.9996278285980225
frame1660,123.8479381443299,133.29123711340208,139.1262886597938,197.953125,196.14583333333334,193.75260416666666,2.8954720497131348
frame1661,125.20876288659794,134.29381443298968,140.5257731958763,161.78385416666666,159.08333333333334,156.08333333333334,2.825092077255249
frame1662,125.3582474226804,134.50257731958763,140.60309278350516,161.80989583333334,160.6796875,155.671875,2.6502861976623535
frame1663,125.45618556701031,134.7319587628866,140.8041237113402,163,163,156,2.0252630710601807
frame1680,112.83762886597938,122.3118556701031,125.8659793814433,229.83072916666666,228.19270833333334,227.7421875,1.9398382902145386
frame1681,114.50515463917526,124.0798969072165,127.00257731958763,224.41666666666666,223.01041666666666,222.60416666666666,3.478806495666504
frame1682,116.26804123711341,125.09020618556701,128.52319587628867,219.10677083333334,217.61197916666666,217.1171875,4.166281223297119
frame1683,117.46907216494846,126.28350515463917,129.70618556701032,216.91145833333334,215.42708333333334,214.94270833333334,4.2681732177734375
frame1684,117.8298969072165,126.83505154639175,130.94329896907217,213.5859375,211.7265625,211.125,4.753052711486816
frame1685,119.25,129.0902062,132.18814432989691,210.625,208.625,207.625,4.686533451080322
frame1686,121.32731958762886,130.27061855670104,133.9819587628866,207.63802083333334,205.90104166666666,204.578125,3.3633272647857666
frame1687,122.45618556701031,132.12886597938143,135.0721649484536,206.57291666666666,204.3125,202.99479166666666,3.0571205615997314
frame1688,123.53350515463917,133.37113402061857,136.2680412371134,204.671875,203.671875,202.33854166666666,3.0223116874694824
frame1689,124.5360824742268,134.36855670103094,137.26546391752578,204.671875,203.671875,202.33854166666666,3.002304792404175
frame1690,125.72164948453609,135.41752577319588,138.58247422680412,204.6484375,203.6484375,202.31510416666666,2.9650793075561523
frame1691,126.8659793814433,136.73711340206185,139.78092783505156,204.31510416666666,203.31510416666666,201.98177083333334,2.9228672981262207
frame1692,127.95103092783505,137.96134020618555,141.55670103092783,204.31510416666666,203.31510416666666,201.95833333333334,2.7361130714416504
frame1693,129.02835051546393,139.03608247422682,142.63144329896906,204.31510416666666,203.31510416666666,201.95833333333334,2.6675524711608887
frame1694,130.47164948453607,140.1597938,143.70103092783506,203.1328125,201.7734375,200.390625,2.576941728591919
frame1695,132.27835051546393,141.4458762886598,144.68041237113403,202.73958333333334,201.46354166666666,200.1640625,2.366581916809082
frame1696,132.92525773195877,142.65721649484536,145.63144329896906,202.6484375,201.421875,198.71614583333334,1.613783359527588
frame1697,133.61855670103094,143.22938144329896,146.16494845360825,202.84375,201.56770833333334,199.58333333333334,0.9432730674743652
frame1698,134.10824742268042,143.64175257731958,146.92525773195877,205.49739583333334,203.97135416666666,201.51302083333334,0.9709563255310059
frame1699,134.27835051546393,143.8479381443299,146.93556701030928,205.47916666666666,203.91927083333334,202.01822916666666,0.9805231094360352
frame1700,135.48969072164948,144.58505154639175,148.1597938,207,205.25520833333334,203.72395833333334,0.9885902404785156
frame1701,135.46134020618555,144.75257731958763,148.25515463917526,208.3125,206.47395833333334,204.34114583333334,0.9992388486862183
frame1702,136.80154639175257,145.7036082474227,149.06958762886597,208.21354166666666,206.38020833333334,204.21875,1.0062341690063477
frame1703,136.89690721649484,145.58505154639175,148.88144329896906,208.21354166666666,206.38020833333334,205.04947916666666,1.0066487789154053
frame1704,137.1520618556701,146.0180412371134,149.28608247422682,208.34114583333334,206.453125,204.35416666666666,1.0169837474822998
frame1705,137.25257731958763,145.95618556701032,149.0979381443299,206.640625,205.64583333333334,204.3828125,1.0168451070785522
frame1706,137.9664948453608,146.86855670103094,149.59536082474227,206.61197916666666,205.58854166666666,204.35416666666666,1.0171188116073608
frame1707,137.14948453608247,147.08762886597938,149.46907216494844,215.46354166666666,213.9453125,211.90625,1.0027934312820435
frame1708,138.01288659793815,146.89690721649484,150.53092783505156,214.90364583333334,213.22916666666666,211.22916666666666,0.9969099760055542
frame1709,138.15463917525773,146.89690721649484,150.53092783505156,213.88020833333334,212.22916666666666,210.578125,0.9969414472579956
frame1710,138.68041237113403,146.8737113402062,150.74484536082474,214.92708333333334,213.265625,211.265625,1.002474308013916
frame1711,138.77319587628867,147.01546391752578,150.90721649484536,216.81770833333334,215.04166666666666,213.265625,1.0043405294418335
frame1712,138.79896907216494,147.00257731958763,150.94845360824743,218.11197916666666,216.27083333333334,214.27083333333334,1.0037273168563843
frame1713,138.8943298969072,147.1958762886598,151.18298969072166,218.11197916666666,216.27083333333334,214.4296875,1.0037370920181274
frame1714,139.04123711340208,147.21134020618555,151.21391752577318,218.11197916666666,216.27083333333334,214.4296875,1.0040017366409302
frame1715,138.8762886597938,147.33505154639175,150.82731958762886,217.625,216.58333333333334,214.58333333333334,1.002860426902771
frame1716,139.24742268041237,147.5180412371134,151.2319587628866,217.625,216.58333333333334,214.4921875,1.004444957
frame1717,139.16494845360825,147.48453608247422,151.16494845360825,217.625,216.58333333333334,214.58333333333334,1.0058540105819702
frame1718,138.89690721649484,147.1443298969072,150.91494845360825,216.95833333333334,215.91666666666666,213.78385416666666,1.0062003135681152
frame1719,138.8402062,147.23453608247422,150.86082474226805,217.97916666666666,216.96875,214.96875,1.004643201828003
frame1720,138.1262886597938,147.2422680412371,150.21134020618555,217.04166666666666,216.04166666666666,213.91927083333334,1.0008562803268433
frame1721,137.82731958762886,147.32474226804123,149.86340206185568,217.41666666666666,216.41666666666666,214.41666666666666,0.9961949586868286
frame1722,138.36340206185568,147.33505154639175,150.12886597938143,217.41666666666666,216.41666666666666,214.31770833333334,0.9939650297164917
frame1723,138.36340206185568,147.33505154639175,150.12886597938143,217.41666666666666,216.41666666666666,214.41666666666666,0.9927495718002319
frame1724,138.59278350515464,147.38917525773195,150.31185567010309,217.625,216.625,214.5390625,0.992281437
frame1725,138.59278350515464,147.38917525773195,150.31185567010309,217.625,216.625,214.5390625,0.9922200441360474
frame1726,138.59278350515464,147.38917525773195,150.31185567010309,217.625,216.625,214.5390625,0.9921658039093018
frame1727,138.8556701030928,147.61340206185568,150.44845360824743,217.625,216.625,214.5390625,0.9927594661712646
frame1728,139.16494845360825,147.87113402061857,150.85309278350516,217.625,216.625,214.5390625,0.9952459335327148
frame1729,139.16494845360825,147.87113402061857,150.85309278350516,217.625,216.625,214.625,0.997398853
frame1730,139.28092783505156,147.9458762886598,150.94072164948454,217.625,216.625,214.5390625,0.9996000528335571
frame1731,139.2835051546392,147.94845360824743,150.94329896907217,217.65885416666666,216.65625,214.65625,1.0011838674545288
frame1732,139.12113402061857,148.1701030927835,151.60309278350516,216.37760416666666,215.375,213.19791666666666,1.0057076215744019
frame1733,138.7680412371134,148.14175257731958,151.51546391752578,216.61197916666666,215.609375,213.609375,1.0079199075698853
frame1734,138.90463917525773,148.07731958762886,151.65721649484536,216.61197916666666,215.609375,213.44791666666666,1.0101191997528076
frame1735,138.98453608247422,148.07731958762886,151.65721649484536,216.61197916666666,215.609375,213.609375,1.0122305154800415
frame1736,138.72938144329896,147.93298969072166,151.5257731958763,216.61197916666666,215.609375,213.44791666666666,1.0126286745071411
frame1737,138.82474226804123,147.93298969072166,151.5257731958763,216.61197916666666,215.609375,213.609375,1.0130175352096558
frame1738,138.8221649484536,147.93041237113403,151.52319587628867,216.61197916666666,215.609375,213.44791666666666,1.013607144355774
frame1739,138.61082474226805,148.12113402061857,151.58762886597938,216.61197916666666,215.609375,213.609375,1.0137453079223633
frame1740,138.6443298969072,148.15721649484536,151.62113402061857,216.61197916666666,215.609375,213.44791666666666,1.0135036706924438
frame1741,138.6443298969072,148.15721649484536,151.62113402061857,216.65104166666666,215.6484375,213.48958333333334,1.0118550062179565
frame1742,139.15721649484536,148.21134020618555,151.83505154639175,216.65104166666666,215.6484375,213.48958333333334,1.0067228078842163
frame1743,139.15721649484536,148.21134020618555,151.84536082474227,216.65104166666666,215.6484375,213.6484375,0.9957512617111206
frame1744,139.14175257731958,147.97938144329896,151.34536082474227,218.32291666666666,217.3203125,215.3203125,0.9878919124603271
frame1745,139.05927835051546,147.88917525773195,151.31185567010309,217.58333333333334,216.58333333333334,214.58333333333334,0.9822275638580322
frame1746,139.57731958762886,147.78865979381445,151.5077319587629,217.58333333333334,216.58333333333334,214.58333333333334,0.9782013893127441
frame1747,139.77835051546393,147.98969072164948,151.70618556701032,217.58333333333334,216.58333333333334,214.58333333333334,0.975534201
frame1748,139.57731958762886,147.78865979381445,151.50515463917526,217.58333333333334,216.58333333333334,214.58333333333334,0.974478006
frame1749,139.57731958762886,147.78865979381445,151.50515463917526,217.58333333333334,216.58333333333334,214.58333333333334,0.9732427597045898
frame1750,139.57731958762886,147.78865979381445,151.50515463917526,217.58333333333334,216.58333333333334,214.43229166666666,0.9719692468643188
frame1751,139.55154639175257,147.78865979381445,151.50515463917526,217.58333333333334,216.58333333333334,214.43229166666666,0.9714752435684204
frame1752,139.5902062,147.81958762886597,151.51288659793815,217.58333333333334,216.58333333333334,214.43229166666666,0.9712096452713013
frame1753,139.5979381443299,147.81958762886597,151.51288659793815,217.58333333333334,216.58333333333334,214.43229166666666,0.9708447456359863
frame1754,139.5902062,147.81958762886597,151.51288659793815,217.58333333333334,216.58333333333334,214.43229166666666,0.9708263874053955
frame1755,139.5902062,147.81958762886597,151.51288659793815,217.58333333333334,215.734375,214.43229166666666,0.9703272581100464
frame1756,138.94329896907217,147.80154639175257,151.1597938,219.16666666666666,218.16666666666666,216.11458333333334,0.9729501008987427
frame1757,138.99484536082474,147.80154639175257,151.1597938,218.66666666666666,217.66666666666666,215.58333333333334,0.9744532108306885
frame1758,138.94329896907217,147.80154639175257,151.1597938,218.41666666666666,217.41666666666666,215.31770833333334,0.976294994
frame1759,138.02835051546393,147.68814432989691,150.92525773195877,218.41666666666666,217.41666666666666,215.31770833333334,0.979584813
frame1760,137.8762886597938,147.41494845360825,150.79896907216494,218.41666666666666,217.41666666666666,215.31770833333334,0.9827290773391724
frame1761,137.04123711340208,146.57731958762886,149.83247422680412,218.41666666666666,217.41666666666666,215.41666666666666,0.9843662977218628
frame1762,135.18556701030928,145.46391752577318,148.79123711340208,217.515625,216.515625,215.31770833333334,0.984072208
frame1763,134.70103092783506,144.46391752577318,147.2242268041237,218.41666666666666,216.515625,215.31770833333334,0.9814250469207764
frame1764,133.18298969072166,143.46134020618555,146.22164948453607,218.70052083333334,216.78385416666666,215.69791666666666,0.980725884
frame1765,132.62886597938143,142.3556701030928,145.01546391752578,218.78385416666666,217.78125,215.86458333333334,0.979507327
frame1766,130.8737113402062,141.17525773195877,143.85309278350516,218.75,216.83333333333334,215.83333333333334,0.977685809
frame1767,129.38659793814432,139.9201030927835,142.56443298969072,217.83333333333334,216.83333333333334,215.75,0.9782272577285767
frame1768,129.1159793814433,138.35824742268042,141.43556701030928,220.20052083333334,218.25260416666666,217.19791666666666,0.982689619
frame1769,127.85309278350516,137.12886597938143,140.11082474226805,220.20052083333334,218.25260416666666,217.25,0.9942610263824463
frame1770,126.85309278350516,135.54123711340208,139.11082474226805,222.6796875,220.6953125,219.53125,1.023589015007019
frame1771,125.81701030927834,134.48711340206185,138.06443298969072,227.72916666666666,225.20833333333334,224.19791666666666,1.0843740701675415
frame1772,125.01546391752578,133.39175257731958,137.11082474226805,231.30208333333334,229.30208333333334,227.5703125,1.1917918920516968
frame1773,124.01804123711341,132.3943298969072,136.0979381443299,232.27604166666666,230.171875,228.70572916666666,1.3660773038864136
frame1774,122.35567010309278,130.88144329896906,134.41237113402062,235.05729166666666,233.05729166666666,232.05729166666666,1.6106988191604614
frame1775,121.66237113402062,130.06443298969072,133.7422680412371,243.06510416666666,241.06510416666666,240.07291666666666,1.9438788890838623
frame1776,120.69072164948453,128.86082474226805,132.7680412371134,245.2265625,243.2265625,242.2265625,2.368180751800537
frame1777,119.56701030927834,127.95103092783505,131.61855670103094,245.5,243.484375,242.515625,2.755786657333374
frame1778,120.02577319587628,128.26288659793815,132.06185567010309,245.52604166666666,243.52604166666666,242.7734375,2.909637689590454
frame1779,125.5979381443299,133.53092783505156,138.2963917525773,225.3515625,223.875,223.4296875,2.9312357902526855
frame1780,126.27577319587628,134.60051546391753,139.2757731958763,160.92447916666666,157.95572916666666,155.04427083333334,2.9461793899536133
frame1781,126.21907216494846,134.96134020618555,139.21907216494844,161.63802083333334,160.01822916666666,154.72395833333334,2.7927188873291016
frame1782,127.1417525773196,136.37886597938143,140.14175257731958,162.48177083333334,161.51302083333334,156.0859375,2.1554484367370605
frame1783,127.59536082474227,136.9201030927835,140.59536082474227,165,164,158,1.4512650966644287
frame1784,136.06958762886597,140.30154639175257,141.77061855670104,169,167,161,0.9203888177871704
frame1800,112.6881443298969,123.07731958762886,127.01030927835052,230.89583333333334,228.89583333333334,228.89583333333334,1.9022071361541748
frame1801,113.80412371134021,123.54639175257732,127.00257731958763,222.41145833333334,220.41145833333334,220.2109375,3.472862720489502
frame1802,115.15979381443299,124.76030927835052,128.19329896907217,220.22135416666666,218.71875,218.38541666666666,3.8907840251922607
frame1803,117.67525773195877,126.41752577319588,129.92525773195877,215.703125,214.25,213.78125,4.026720047
frame1804,118.45618556701031,127.49742268041237,132.13917525773195,214.640625,212.6953125,212.09375,4.049887180328369
frame1805,119.6520618556701,128.62886597938143,133.5541237113402,210.23697916666666,208.38020833333334,207.23697916666666,3.278501272201538
frame1806,120.66494845360825,129.55670103092783,134.2164948453608,209.58333333333334,207.76041666666666,206.58333333333334,3.0941340923309326
frame1807,122.22680412371135,132.17525773195877,136.29123711340208,208.17708333333334,206.4375,205.17708333333334,3.046462059020996
frame1808,123.88659793814433,133.17525773195877,135.91752577319588,206.35416666666666,204.80989583333334,203.35416666666666,3.0271072387695312
frame1809,125.00257731958763,134.16752577319588,136.99484536082474,206.35416666666666,204.80989583333334,203.35416666666666,3.0032782554626465
frame1810,126.23711340206185,135.46907216494844,138.31443298969072,205.80989583333334,204.265625,202.80989583333334,2.9627325534820557
frame1811,127.1417525773196,137.52835051546393,140.52061855670104,203.59635416666666,202.59635416666666,201.22916666666666,2.8925788402557373
frame1812,127.92525773195877,138.69845360824743,142.44329896907217,203.50520833333334,202.50520833333334,201.125,2.7660470008850098
frame1813,130.53608247422682,139.60824742268042,143.6340206185567,203.50520833333334,202.50520833333334,201.125,2.598703384399414
frame1814,132.21134020618555,141.19845360824743,145.93814432989691,204.0546875,202.89583333333334,201.84375,2.5260262489318848
frame1815,133.45103092783506,142.59536082474227,146.81185567010309,204.015625,202.9375,201.875,2.388077735900879
frame1816,135.54896907216494,144.27319587628867,148.94845360824743,204.50520833333334,203.42447916666666,201.50520833333334,1.769737720489502
frame1817,137.86340206185568,145.9819587628866,150.86340206185568,208.2265625,206.64583333333334,205.2265625,0.9618687629699707
frame1818,139.31701030927834,147.8221649484536,152.72938144329896,210.59375,208.734375,207.59375,0.9911524057388306
frame1819,140.25257731958763,149.7036082474227,153.3762886597938,210.73958333333334,209.02083333333334,207.73958333333334,1.0209623575210571
frame1820,141.52061855670104,150.25,154.31958762886597,211.96875,210.109375,208.91145833333334,1.0382722616195679
frame1821,143.03865979381445,152.17268041237114,155.75515463917526,217.92708333333334,216.734375,214.97916666666666,1.0414509773254395
frame1822,143.05927835051546,152.30670103092783,155.65721649484536,222.875,220.875,219.68229166666666,1.036818027496338
frame1823,144.20103092783506,153.58505154639175,157.34536082474227,228.33854166666666,226.58333333333334,225.515625,1.025246500968933
frame1824,143.9097938,154.29381443298968,157.77319587628867,233.2890625,232.06770833333334,230.0703125,1.006619930267334
frame1825,143.1159793814433,153.76030927835052,157.20618556701032,233.29166666666666,232.03125,230.33854166666666,0.9817562103271484
frame1826,142.94329896907217,153.5798969072165,157.03865979381445,234.03385416666666,233.03385416666666,231.03645833333334,0.9564188718795776
frame1827,142.73711340206185,153.07731958762886,156.78608247422682,235.82291666666666,234.8203125,232.82291666666666,0.927338719
frame1828,141.22680412371133,152.56443298969072,156.02835051546393,233.0390625,231.97395833333334,230.484375,0.8904809951782227
frame1829,141.29896907216494,152.1262886597938,156.18041237113403,228.3125,227.30989583333334,226.2421875,0.8063434362411499
frame1841,139.4742268041237,147.4201030927835,152.39948453608247,220.9765625,219.4765625,218.03385416666666,0.30753570795059204
frame1842,139.28608247422682,147.26030927835052,152.06701030927834,220.046875,218.32552083333334,217.09635416666666,0.4745895564556122
frame1843,138.4458762886598,147.19845360824743,152.25257731958763,216.9921875,216.546875,214.75,0.6802796125411987
frame1844,138.7422680412371,147.19329896907217,152.27319587628867,215.9921875,214.7890625,213.75,0.8516905307769775
frame1845,138.20103092783506,147.26030927835052,152.00257731958763,215.6953125,214.47916666666666,212.6953125,0.9289857149124146
frame1846,138.2757731958763,147.18041237113403,152.1159793814433,216.35416666666666,215.32291666666666,213.35416666666666,0.9558975696563721
frame1847,136.9097938,147.57731958762886,150.79123711340208,225.06770833333334,224.06770833333334,221.60677083333334,0.9678988456726074
frame1848,136.21134020618555,147.43814432989691,151.04123711340208,223.92708333333334,222.38802083333334,221.03385416666666,0.9717918634414673
frame1849,137.41494845360825,147.50515463917526,151.2242268041237,227.61197916666666,225.88541666666666,223.96614583333334,0.9792771339416504
frame1850,137.23453608247422,147.27319587628867,151.61855670103094,226.05208333333334,224.11197916666666,223.05208333333334,0.9815999269485474
frame1851,138.3221649484536,148.11855670103094,152.23969072164948,223.7265625,222.4921875,220.7265625,0.98414731
frame1852,137.7680412371134,147.8479381443299,152.31701030927834,224.671875,223.48697916666666,221.671875,0.9838974475860596
frame1853,138.73969072164948,148.23711340206185,153.03865979381445,223.671875,222.48697916666666,220.671875,0.9859601259231567
frame1854,138.52319587628867,147.84278350515464,152.53092783505156,222.72395833333334,221.72395833333334,219.84375,0.987657905
frame1855,138.20618556701032,147.6340206185567,151.73711340206185,221.25,220.25,218.25,0.9886245727539062
frame1856,138.01030927835052,147.43814432989691,151.8556701030928,221.69791666666666,219.72135416666666,217.734375,0.9887863397598267
frame1857,138.46391752577318,147.65463917525773,151.7164948453608,224.56770833333334,223.56770833333334,221.56770833333334,0.9875010251998901
frame1858,138.50515463917526,147.81443298969072,152.20618556701032,222.015625,221.5859375,219.44010416666666,0.988746166
frame1859,139.0257731958763,148.43298969072166,152.4536082474227,222.98958333333334,222.27604166666666,219.27604166666666,0.9919695854187012
frame1860,138.99742268041237,149.03092783505156,153.5077319587629,222.4453125,221.71875,218.71875,0.9968043565750122
frame1861,139.5902062,148.63917525773195,152.78092783505156,222.171875,221.171875,218.4453125,1.0001155138015747
frame1862,140.04381443298968,149.1520618556701,153.80154639175257,221.8046875,219.98958333333334,218.01041666666666,1.0069833993911743
frame1863,140.32731958762886,149.08762886597938,154.10824742268042,220.8046875,218.98958333333334,217.01041666666666,1.0150007009506226
frame1864,140.00257731958763,149.1159793814433,153.9922680412371,220.01041666666666,218.1953125,216.21614583333334,1.0216773748397827
frame1865,140.02835051546393,149.12886597938143,154.02061855670104,218.21614583333334,217.1953125,215.21614583333334,1.0265027284622192
frame1866,140.02319587628867,149.12886597938143,154.0077319587629,219.33333333333334,217.33333333333334,215.57291666666666,1.0279593467712402
frame1867,140.1520618556701,149.0979381443299,153.50257731958763,218.71875,216.71875,214.9921875,1.025956630706787
frame1868,139.3840206185567,148.59536082474227,153.45103092783506,218.71875,216.71875,214.9921875,1.018786072731018
frame1869,139.3762886597938,148.59536082474227,152.89690721649484,216.8125,214.8125,213.24479166666666,1.005469560623169
frame1870,139.20876288659792,148.6597938,153.38144329896906,215.5625,213.5625,212.18229166666666,0.9747506380081177
frame1871,139.98969072164948,149.00515463917526,152.36082474226805,213.0625,211.97395833333334,209.97395833333334,0.9445213079452515
frame1872,139.39175257731958,148.97680412371133,152.22164948453607,213.97395833333334,212.88541666666666,210.88541666666666,0.9227482080459595
frame1873,139.71907216494844,148.58505154639175,152.1262886597938,213.97395833333334,212.88541666666666,210.88541666666666,0.8996418714523315
frame1874,139.74484536082474,148.58505154639175,152.1597938,214,213,211,0.8751950263977051
frame1875,139.78608247422682,148.58762886597938,152.1597938,215,213,211,0.8484988212585449
frame1876,139.34278350515464,148.53608247422682,151.98453608247422,216,214,212,0.8129324913024902
frame1877,139.71391752577318,148.45876288659792,152.14175257731958,216,215,212,0.7525467872619629
frame1878,139.05670103092783,148.19072164948454,152.16237113402062,216.21875,215.21875,212.27083333333334,0.6374534368515015
frame1879,138.7242268041237,147.86855670103094,151.38144329896906,216.1640625,215.1640625,212.28645833333334,0.40437015891075134
frame1880,138.7422680412371,147.85824742268042,152.0979381443299,216.1640625,215.1640625,212.28645833333334,0.23308277130126953
frame1881,137.82731958762886,147.0257731958763,150.50515463917526,216.1640625,215.1640625,212.28645833333334,0.2113977074623108
frame1882,136.2680412371134,145.84278350515464,149.4664948453608,216.28645833333334,215.28645833333334,212.40885416666666,0.27902036905288696
frame1883,134.79896907216494,143.87113402061857,147.20618556701032,219.25,218.24739583333334,216.30208333333334,0.4196320176124573
frame1884,133.09536082474227,142.86340206185568,146.12113402061857,221.14322916666666,219.1953125,217.25,0.5987486839294434
frame1885,132.28608247422682,141.99742268041237,145.1443298969072,221.14322916666666,219.1953125,217.24739583333334,0.7794373035430908
frame1886,131.00515463917526,140.9278350515464,143.91752577319588,220.61197916666666,217.78125,216.77864583333334,0.8773729801177979
frame1887,129.8298969072165,139.92268041237114,142.91237113402062,220.58333333333334,217.75,216.75,0.9286941289901733
frame1888,128.39948453608247,138.68041237113403,141.66494845360825,220.58333333333334,217.75,216.75,0.9619852304458618
frame1889,127.17268041237114,137.15721649484536,140.46907216494844,221.5,218.66666666666666,217.66666666666666,0.9905064105987549
frame1890,126.0618556701031,135.33505154639175,139.36082474226805,226.57552083333334,224.05208333333334,222.6171875,1.0406653881072998
frame1891,124.92525773195877,134.14690721649484,138.41237113402062,228.3046875,225.86458333333334,224.32552083333334,1.1059216260910034
frame1892,123.92525773195877,132.7963917525773,137.41237113402062,229.60677083333334,227.15625,225.6171875,1.2008219957351685
frame1893,122.86855670103093,131.63917525773195,136.26030927835052,233.27604166666666,231.27604166666666,229.48958333333334,1.3582006692886353
frame1894,120.8221649484536,129.56958762886597,134.11855670103094,236.7890625,234.671875,233.7890625,1.5808675289154053
frame1895,120.15463917525773,129.10309278350516,133.34278350515464,240.72135416666666,239.1171875,237.72135416666666,1.8884682655334473
frame1896,118.97164948453609,128.08247422680412,132.22164948453607,243.546875,242.546875,240.54947916666666,2.2997562885284424
frame1897,118.61855670103093,127.57474226804123,131.99484536082474,244.96354166666666,243.953125,242.26041666666666,2.7189695835113525
frame1898,119.26804123711341,127.8118556701031,132.18556701030928,246.28385416666666,244.81510416666666,243.56770833333334,2.906388759613037
frame1899,124.13659793814433,132.4020618556701,136.05670103092783,241.109375,238.89583333333334,238.03645833333334,2.968258857727051
frame1900,125.93298969072166,133.73711340206185,139.8402062,170.06770833333334,167.41145833333334,164.82291666666666,2.8855621814727783
frame1901,126.95103092783505,134.73969072164948,140.83247422680412,160.81510416666666,160.625,154.01302083333334,2.8437557220458984
frame1902,126.82474226804123,134.86340206185568,140.71907216494844,163.65625,163.484375,156.828125,2.423644781112671
frame1903,127.25515463917526,135.80154639175257,141.1159793814433,167.3984375,165.3984375,159.65625,1.7380977869033813
frame1904,128.89948453608247,137.93041237113403,139.06958762886597,169.3125,167.3125,161.65625,1.2585235834121704
frame1905,151.91494845360825,153.0541237113402,148.40463917525773,171.96875,169.96875,164.42708333333334,0.8347970247268677
frame1919,111.48969072164948,123.01804123711341,127.27835051546391,224.15104166666666,221.86458333333334,221.86458333333334,0.3385499119758606
frame1920,112.89432989690722,122.51030927835052,127.3298969072165,221.97395833333334,219.88541666666666,219.88541666666666,1.511613130569458
frame1921,114.77319587628865,123.90721649484536,128.84536082474227,222,219,219,3.012658119
frame1922,115.63659793814433,124.72680412371135,129.67268041237114,222,219,219,3.501023530960083
frame1923,116.7860824742268,125.82731958762886,130.96391752577318,216.6796875,215.6796875,214.6796875,3.355957269668579
frame1924,118.19072164948453,127.23969072164948,132.38144329896906,216.0546875,214.31770833333334,214.0546875,3.483686923980713
frame1925,119.29639175257732,129.70103092783506,133.54381443298968,210.22135416666666,209.16927083333334,207.796875,3.0916972160339355
frame1926,119.99742268041237,130.7757731958763,134.44329896907217,210.31770833333334,208.69010416666666,207.31770833333334,3.0490622520446777
frame1927,121.21907216494846,131.77319587628867,135.81701030927834,206.9375,205.04166666666666,203.9375,3.019733190536499
frame1928,122.36082474226804,132.81958762886597,136.78608247422682,206.22916666666666,204.33333333333334,203.22916666666666,3.0122997760772705
frame1929,123.3659793814433,133.80154639175257,137.92268041237114,204.015625,202.03125,201.015625,2.9859225749969482
frame1930,124.47164948453609,134.93814432989691,139.19329896907217,204.015625,202.03125,201.015625,2.9530577659606934
frame1931,125.98453608247422,136.27061855670104,140.47680412371133,202.390625,200.984375,199.96875,2.8856778144836426
frame1932,127.72164948453609,137.6443298969072,141.4664948453608,202.54166666666666,200.54166666666666,199.54166666666666,2.201340913772583
frame1933,129.8298969072165,138.9201030927835,143.10051546391753,202.54166666666666,201.109375,199.54166666666666,2.368298292160034
frame1934,131.3041237113402,140.3402062,144.23453608247422,202.54166666666666,200.54166666666666,199.54166666666666,2.506148338317871
frame1935,132.79123711340208,141.51546391752578,145.5541237113402,201.97395833333334,200.54166666666666,199.109375,2.472872495651245
frame1936,133.25257731958763,142.0463917525773,146.06443298969072,202.54166666666666,200.54166666666666,199.109375,0.933242679
frame1937,133.76030927835052,143.5541237113402,147.98711340206185,203.03125,201.80989583333334,200.53385416666666,0.9581328630447388
frame1938,133.05927835051546,143.68814432989691,147.51030927835052,203.03385416666666,201.8125,199.8125,0.9758292436599731
frame1939,133.46907216494844,143.8840206185567,147.8659793814433,204.7421875,203.72916666666666,201.72916666666666,0.9842120409011841
frame1940,134.06443298969072,143.88144329896906,146.8840206185567,206.96614583333334,205.94791666666666,203.94791666666666,0.9929790496826172
frame1941,134.80154639175257,144.44072164948454,147.6237113402062,210.6875,209.67447916666666,207.16666666666666,0.9993562698364258
frame1942,134.91752577319588,144.5257731958763,147.64175257731958,213.1640625,212.1484375,209.78125,0.9907989501953125
frame1943,135.79381443298968,144.85824742268042,148.3556701030928,215.3515625,214.3359375,212.11458333333334,0.9910781383514404
frame1944,135.79123711340208,145.1340206185567,148.60051546391753,215.3515625,214.3359375,212.11458333333334,0.9913192987442017
frame1945,136.25,145.27319587628867,148.80927835051546,215.0390625,214.0234375,211.78125,0.9858099222183228
frame1946,135.73453608247422,145.38144329896906,148.6778350515464,214.9609375,213.9453125,211.69791666666666,0.9834256172180176
frame1947,136.3221649484536,145.65463917525773,149.35824742268042,214.9609375,213.9453125,211.69791666666666,0.9820730686187744
frame1948,136.21907216494844,145.7757731958763,149.08762886597938,214.9609375,213.9453125,211.69791666666666,0.9807115793228149
frame1949,137.12113402061857,146.25515463917526,149.73453608247422,214.390625,213.33854166666666,211.10416666666666,0.9806571006774902
frame1950,136.1597938,146.20103092783506,149.2757731958763,214.390625,213.33854166666666,211.10416666666666,0.980824351
frame1951,136.49742268041237,146.15721649484536,149.3298969072165,214.390625,213.33854166666666,211.10416666666666,0.981106162
frame1952,136.53865979381445,146.19845360824743,149.37113402061857,215.3984375,214.36458333333334,212.171875,0.9816086292266846
frame1953,137.16237113402062,146.4922680412371,149.82474226804123,216.875,215.84635416666666,213.74479166666666,0.9825954437255859
frame1954,136.82731958762886,146.51030927835052,149.68298969072166,216.875,215.84635416666666,213.74479166666666,0.9831786155700684
frame1955,137.1701030927835,146.5,149.77319587628867,216.875,215.84635416666666,213.74479166666666,0.9835623502731323
frame1956,137.2242268041237,146.5,149.77319587628867,216.875,215.84635416666666,213.74479166666666,0.9839601516723633
frame1957,137.3659793814433,146.4278350515464,149.77061855670104,216.875,215.84635416666666,213.74479166666666,0.9848804473876953
frame1958,137.49484536082474,146.51546391752578,149.83762886597938,216.875,215.84635416666666,213.74479166666666,0.9858219623565674
frame1959,137.45876288659792,146.51546391752578,149.83762886597938,216.7578125,215.72916666666666,213.61979166666666,0.9871747493743896
frame1960,137.2835051546392,146.68814432989691,149.82474226804123,216.7578125,215.72916666666666,213.61979166666666,0.9882868528366089
frame1961,136.95876288659792,146,149.36082474226805,215.8984375,214.8984375,212.8984375,0.988108754
frame1962,136.26546391752578,145.98969072164948,149.19845360824743,217.3828125,216.3828125,214.55729166666666,0.9867792129516602
frame1963,136.83247422680412,146.03092783505156,149.4819587628866,217.3828125,216.3828125,214.3828125,0.9851803779602051
frame1964,136.87886597938143,146,149.44329896907217,217.3828125,216.3828125,214.55729166666666,0.984351635
frame1965,137.0257731958763,145.97680412371133,149.52319587628867,217.3828125,216.3828125,214.3828125,0.9840478897094727
frame1966,137.09536082474227,145.97680412371133,149.52319587628867,217.3828125,216.3828125,214.55729166666666,0.9834307432174683
frame1967,137.02319587628867,145.9458762886598,149.5257731958763,217.3828125,216.3828125,214.3828125,0.9831284284591675
frame1968,137.02319587628867,145.9458762886598,149.5257731958763,217.3828125,216.3828125,214.3828125,0.9823250770568848
frame1969,137.02319587628867,145.9458762886598,149.5257731958763,217.3828125,216.3828125,214.3828125,0.9823150634765625
frame1970,137.02319587628867,145.9458762886598,149.5257731958763,217.3828125,216.3828125,214.3828125,0.9818497896194458
frame1971,137.1520618556701,145.89690721649484,149.53865979381445,216.7421875,215.7265625,213.7265625,0.9819191694259644
frame1972,137.29123711340208,145.91237113402062,149.55927835051546,216.7421875,215.7265625,213.7265625,0.9821645021438599
frame1973,136.44845360824743,146.08247422680412,150.1701030927835,217.03125,215.97916666666666,213.97916666666666,0.9827449321746826
frame1974,135.89948453608247,146.12886597938143,149.83505154639175,217.6796875,216.796875,214.6640625,0.9819248914718628
frame1975,136.0257731958763,146.0798969072165,149.82731958762886,217.6796875,216.6640625,214.6640625,0.9807898998260498
frame1976,135.9278350515464,146.14948453608247,149.8221649484536,219.3828125,217.515625,215.515625,0.9801188707351685
frame1977,135.70103092783506,146.14948453608247,149.8221649484536,219.3828125,217.515625,215.515625,0.9793705940246582
frame1978,135.9664948453608,146.02835051546393,149.8041237113402,219.3828125,217.515625,215.515625,0.9787472486495972
frame1979,136.24742268041237,145.97938144329896,150.02061855670104,217.6796875,216.6640625,214.6640625,0.9787379503250122
frame1980,136.68814432989691,146.44329896907217,150.48711340206185,219.3828125,217.515625,215.515625,0.9796820878982544
frame1981,136.21391752577318,145.94329896907217,149.98711340206185,217.6796875,216.6640625,214.6640625,0.9803149700164795
frame1982,136.64948453608247,146.46391752577318,150.4097938,219.3828125,217.515625,215.515625,0.9805260896682739
frame1983,136.68556701030928,146.4742268041237,150.4201030927835,217.6796875,216.6640625,214.6640625,0.9810959100723267
frame1984,136.68556701030928,146.4742268041237,150.4201030927835,217.6796875,216.796875,214.796875,0.9818940162658691
frame1985,137.6958762886598,147.01546391752578,150.1056701030928,218.98958333333334,217.16666666666666,215.16666666666666,0.9827512502670288
frame1986,137.47164948453607,147.09536082474227,150.08762886597938,219.08333333333334,217.265625,215.265625,0.9836779832839966
frame1987,137.64175257731958,147.00515463917526,150.21134020618555,219.08333333333334,217.265625,215.265625,0.9846229553222656
frame1988,137.7422680412371,147.00515463917526,150.21134020618555,219.08333333333334,217.265625,215.265625,0.9859447479248047
frame1989,137.92525773195877,146.94329896907217,150.30670103092783,219.08333333333334,217.265625,215.265625,0.9874359369277954
frame1990,137.9742268041237,146.94329896907217,150.30670103092783,219.08333333333334,217.265625,215.265625,0.9888007640838623
frame1991,137.9742268041237,146.94329896907217,150.30670103092783,219.08333333333334,217.265625,215.265625,0.9899709224700928
frame1992,137.93556701030928,146.9020618556701,150.26546391752578,219,217.1875,215.1875,0.9909292459487915
frame1993,138.0257731958763,146.89175257731958,150.26546391752578,219,217.375,215.1875,0.9917066097259521
frame1994,137.23969072164948,147.03865979381445,149.8840206185567,219,217.1875,215.1875,0.9911689758300781
frame1995,137.12113402061857,147.03865979381445,149.8840206185567,219,217.1875,215.1875,0.9900598526000977
frame1996,136.93814432989691,147.21391752577318,149.78608247422682,219,217.1875,215.1875,0.9891794919967651
frame1997,137.96134020618555,146.60824742268042,150.4020618556701,219.67708333333334,217.85416666666666,215.80208333333334,0.9887396097183228
frame1998,137.42525773195877,146.43814432989691,150.0077319587629,220.609375,218.75,216.75,0.9882299900054932
frame1999,136.9742268041237,145.98969072164948,149.61340206185568,220.609375,218.75,216.75,0.9863615036010742
frame2000,135.71907216494844,145.47938144329896,148.7577319587629,220.29427083333334,218.44791666666666,216.43229166666666,0.9839839935302734
frame2001,135.13144329896906,144.52835051546393,147.64948453608247,220.27864583333334,218.41666666666666,216.41666666666666,0.9803061485290527
frame2002,134.11340206185568,143.52835051546393,146.44072164948454,220.5,218.625,216.625,0.9787447452545166
frame2003,133.06958762886597,142.48453608247422,145.30670103092783,220.5,218.625,216.75,0.9793469905853271
frame2004,131.00257731958763,141.23969072164948,144.30927835051546,220.640625,217.921875,216.765625,0.9808938503265381
frame2005,129.54381443298968,139.59278350515464,142.77835051546393,221.41666666666666,218.61458333333334,217.515625,0.9822452068328857
frame2006,128.5335051546392,138.42525773195877,141.7680412371134,221.41666666666666,218.61458333333334,217.515625,0.9871162176132202
frame2007,127.53350515463917,137.1958762886598,140.7680412371134,221.44791666666666,218.65104166666666,217.546875,0.995141864
frame2008,125.51804123711341,135.01546391752578,138.96907216494844,221.44791666666666,218.65104166666666,217.546875,1.0218381881713867
frame2009,125.27577319587628,134.74742268041237,139.56958762886597,223.0625,220.16666666666666,219.11458333333334,1.054154872894287
frame2010,123.45103092783505,133.63659793814432,137.97164948453607,224.78125,223.69270833333334,221.69270833333334,1.161522388458252
frame2011,121.58247422680412,131.77835051546393,136.20618556701032,224.15104166666666,222.15104166666666,221.0625,1.3305937051773071
frame2012,120.4201030927835,130.61855670103094,135.0335051546392,230.9296875,228.9296875,226.953125,1.5760756731033325
frame2013,119.13144329896907,129.27835051546393,133.81701030927834,234.30729166666666,232.60677083333334,230.60677083333334,1.9202269315719604
frame2014,117.98969072164948,127.97164948453609,132.32474226804123,235.85677083333334,233.86458333333334,232.65625,2.3884735107421875
frame2015,118.72422680412372,127.86082474226804,133.08505154639175,242.33333333333334,240.421875,239.33333333333334,2.781661272
frame2016,117.40721649484536,126.53865979381443,131.92268041237114,244.79427083333334,242.79427083333334,242.109375,2.935943841934204
frame2017,116.35051546391753,125.35567010309278,130.97164948453607,245.0625,243.0625,242.4296875,2.9771156311035156
frame2018,120.30927835051547,129.0463917525773,132.38917525773195,245.93489583333334,244.08072916666666,243.02604166666666,2.978148937225342
frame2019,123.33247422680412,132.65721649484536,137.87113402061857,184.2734375,182.86458333333334,180.84114583333334,2.890040636062622
frame2020,124.27835051546391,133.42525773195877,139.30670103092783,162.71354166666666,159.67708333333334,156.33333333333334,2.7841782569885254
frame2021,124.57731958762886,134.05670103092783,139.54896907216494,162.4609375,162.2109375,155.29947916666666,2.453301191329956
frame2022,125.35309278350516,134.54123711340208,139.03865979381445,164.0234375,163.9921875,157,1.8304483890533447
frame2037,118.05670103092784,127.41752577319588,132.79381443298968,157.34114583333334,156.52083333333334,154.04166666666666,-0.074842989
frame2038,115.65721649484536,124.25515463917526,128.31185567010309,226.82291666666666,225.19270833333334,224.2265625,0.06434375
frame2039,110.5618556701031,121.06701030927834,126.11340206185567,229.34375,227.64583333333334,227.34375,1.1467616558074951
frame2040,111.01288659793815,121.6701030927835,127.44587628865979,225.48697916666666,223.328125,222.48697916666666,3.318671703338623
frame2041,112.22680412371135,122.68298969072166,127.97422680412372,218.953125,217.36979166666666,216.53645833333334,4.532209873199463
frame2042,114.25773195876289,124.17525773195877,129.46134020618555,215.04166666666666,213.39583333333334,212.39583333333334,4.866909980773926
frame2043,115.44845360824742,125.30154639175258,130.72938144329896,213.35416666666666,211.44270833333334,210.61197916666666,4.970799922943115
frame2044,117.0721649484536,126.67525773195877,132.3221649484536,208.8671875,207.1953125,205.921875,4.947376251220703
frame2045,118.10051546391753,127.8479381443299,132.85824742268042,209.08854166666666,206.74479166666666,205.41927083333334,4.798965930938721
frame2046,119.56443298969072,130.0979381443299,134.55670103092783,207.453125,205.34375,203.921875,3.9636566638946533
frame2047,120.71134020618557,131.15721649484536,135.37886597938143,204.03125,202.3828125,200.796875,3.025305986404419
frame2048,122.46907216494846,132.67525773195877,136.75257731958763,203.6171875,201.96875,200.3828125,3.0048532485961914
frame2049,123.39432989690722,133.58762886597938,137.40721649484536,203.54166666666666,202.12239583333334,200.30989583333334,2.9908270835876465
frame2050,125.26030927835052,135.19329896907217,138.51288659793815,202.72916666666666,201.30989583333334,199.54166666666666,2.9611868858337402
frame2051,126.34536082474227,136.3479381443299,139.25,202.72916666666666,201.30989583333334,199.72916666666666,2.9373559951782227
frame2052,127.42525773195877,137.0979381443299,140.1237113402062,202.80989583333334,201.39583333333334,199.39583333333334,2.572044849395752
frame2053,129.2319587628866,138.3762886597938,141.22164948453607,203.14322916666666,201.72916666666666,199.72916666666666,2.3856911659240723
frame2054,130.0902062,139.50257731958763,142.88659793814432,201.90104166666666,200.90104166666666,198.92708333333334,2.065565586090088
frame2055,131.93041237113403,140.70618556701032,144.17268041237114,201.75260416666666,200.75260416666666,198.72395833333334,1.600882649421692
frame2056,132.78865979381445,141.8737113402062,145.65463917525773,203.22395833333334,202.8515625,200.546875,1.0253117084503174
frame2057,133.60824742268042,142.82474226804123,146.2319587628866,203.66927083333334,202.44791666666666,201.17447916666666,0.9597793817520142
frame2058,134.40463917525773,143.6056701030928,146.9664948453608,202.69010416666666,201.48177083333334,199.47916666666666,0.9748564958572388
frame2059,134.7680412371134,143.93298969072166,146.89175257731958,206.58072916666666,205.125,203.08333333333334,0.9803513288497925
frame2060,134.95103092783506,144.32731958762886,146.9201030927835,207.38020833333334,205.94270833333334,203.38020833333334,0.989162803
frame2061,134.70876288659792,144.27319587628867,146.81701030927834,207.38020833333334,205.52864583333334,203.38020833333334,0.9981659650802612
frame2062,135.26030927835052,145.21134020618555,147.5979381443299,206.06770833333334,204.625,202.48177083333334,1.007188320159912
frame2063,135.70103092783506,145.77061855670104,147.3943298969072,206.0390625,204.59635416666666,202.453125,0.998764157
frame2064,135.5541237113402,145.10309278350516,148.40721649484536,208.0390625,206.20052083333334,204.0390625,1.0015896558761597
frame2065,135.46391752577318,145.25257731958763,148.9201030927835,213.84635416666666,212.3984375,210.2421875,0.9952442646026611
frame2066,136.3479381443299,145.21391752577318,149.22938144329896,207.04166666666666,205.203125,203.828125,0.9922052621841431
frame2067,136.27319587628867,145.16752577319588,149.13659793814432,213.29166666666666,211.84375,209.6875,0.9878518581390381
frame2068,136.72680412371133,145.52835051546393,149.4097938,213.05729166666666,211.59635416666666,209.05729166666666,0.9854446649551392
frame2069,136.94072164948454,145.54123711340208,149.43298969072166,213.328125,211.83333333333334,209.7734375,0.9838259220123291
frame2070,137.3556701030928,145.6958762886598,149.7242268041237,213.328125,211.83333333333334,209.7734375,0.9842573404312134
frame2071,137.81185567010309,146.39690721649484,149.97938144329896,216.71875,215.33333333333334,213.078125,0.9847922325134277
frame2072,138.30927835051546,146.84536082474227,150.42268041237114,217.10677083333334,215.15625,213.44010416666666,0.9888335466384888
frame2073,138.41752577319588,147.06443298969072,150.66752577319588,217.69791666666666,216.33854166666666,214.03125,0.9949123859405518
frame2074,138.41752577319588,147.06443298969072,150.66752577319588,217.45833333333334,215.5078125,213.76822916666666,0.9978152513504028
frame2075,138.52319587628867,147.1701030927835,150.95618556701032,218.07291666666666,216.73697916666666,214.3828125,0.9985731840133667
frame2076,138.7242268041237,147.77319587628867,150.9020618556701,220.20833333333334,218.98697916666666,216.4296875,0.9973863363265991
frame2077,138.3298969072165,147.88917525773195,150.8659793814433,219.89583333333334,218.71354166666666,216.078125,0.9955493211746216
frame2078,138.40721649484536,147.90463917525773,150.88144329896906,219.89583333333334,218.71354166666666,216.078125,0.9946117401123047
frame2079,138.42525773195877,147.90463917525773,150.88144329896906,219.89583333333334,218.71354166666666,216.078125,0.9937777519226074
frame2080,138.43814432989691,147.8737113402062,151.03865979381445,219.89583333333334,218.71354166666666,216.078125,0.9933804273605347
frame2081,138.5077319587629,147.8737113402062,151.03865979381445,219.89583333333334,218.71354166666666,216.078125,0.9929080009460449
frame2082,138.4458762886598,147.8737113402062,151.03865979381445,221.5,220.3671875,217.6328125,0.9917913675308228
frame2083,138.64948453608247,147.92525773195877,151.1056701030928,221.5,220.3671875,217.69010416666666,0.9913115501403809
frame2084,139.33762886597938,147.97680412371133,151.54123711340208,221.39583333333334,220.26041666666666,217.53125,0.9930651187896729
frame2085,139.38917525773195,148.11082474226805,151.5180412371134,221.39583333333334,220.26041666666666,217.59114583333334,0.994314432
frame2086,139.45876288659792,148.1701030927835,151.63659793814432,221.39583333333334,220.26041666666666,217.53125,0.9965839385986328
frame2087,139.39175257731958,148.06443298969072,151.56443298969072,221.39583333333334,220.26041666666666,217.59114583333334,0.9971566200256348
frame2088,139.67525773195877,148.04123711340208,152.18814432989691,221.69791666666666,220.57291666666666,217.82291666666666,0.999484658
frame2089,139.65463917525773,148.0902062,152.25257731958763,222.20833333333334,220.22395833333334,218.359375,1.0011965036392212
frame2090,139.65463917525773,148.0902062,152.25257731958763,223.06770833333334,221.97135416666666,219.1640625,1.0013444423675537
frame2091,139.70103092783506,148.0902062,152.25257731958763,223.06770833333334,221.97135416666666,219.1640625,1.0013463497161865
frame2092,140.1056701030928,148.21391752577318,152.6262886597938,221.98697916666666,220.09895833333334,218.1953125,1.0047850608825684
frame2093,140.1056701030928,148.21391752577318,152.6262886597938,221.98697916666666,220.09895833333334,218.1953125,1.0078400373458862
frame2094,140.07474226804123,148.21391752577318,152.47680412371133,221.98697916666666,220.09895833333334,218.1796875,1.0095727443695068
frame2095,139.78865979381445,147.94072164948454,152.3479381443299,221.98697916666666,220.09895833333334,218.1953125,1.0094778537750244
frame2096,140.0180412371134,148.0541237113402,152.45876288659792,221.98697916666666,220.09895833333334,218.1796875,1.0104787349700928
frame2097,140.01546391752578,148.05154639175257,152.4922680412371,221.98697916666666,220.09895833333334,218.1953125,1.0115673542022705
frame2098,140.0257731958763,148.24742268041237,152.55154639175257,221.98697916666666,220.09895833333334,218.1796875,1.012785792350769
frame2099,140.0541237113402,148.24742268041237,152.60051546391753,221.98697916666666,220.09895833333334,218.1953125,1.0138522386550903
frame2100,139.67268041237114,148.85824742268042,152.78865979381445,220.91927083333334,219.04166666666666,217.1640625,1.0160588026046753
frame2101,139.0335051546392,148.8556701030928,152.5798969072165,221.49479166666666,219.58333333333334,217.671875,1.013925313949585
frame2102,139.11340206185568,148.8737113402062,152.25,221.49479166666666,219.58333333333334,217.671875,1.0109063386917114
frame2103,139.2036082474227,148.8737113402062,152.2577319587629,221.49479166666666,219.58333333333334,217.671875,1.0089857578277588
frame2104,139.02061855670104,148.8737113402062,152.25,221.49479166666666,219.58333333333334,217.671875,1.0071754455566406
frame2105,139.2036082474227,148.8737113402062,152.25257731958763,221.49479166666666,219.58333333333334,217.671875,1.0059778690338135
frame2106,139.14948453608247,148.9097938,152.29381443298968,221.49479166666666,219.58333333333334,217.671875,1.0049209594726562
frame2107,138.91237113402062,148.93556701030928,152.23711340206185,221.49479166666666,219.58333333333334,217.671875,1.0033586025238037
frame2108,139.16752577319588,148.95103092783506,152.29896907216494,221.49479166666666,219.58333333333334,217.671875,1.0023504495620728
frame2109,139.24742268041237,148.95103092783506,152.29896907216494,221.49479166666666,219.58333333333334,217.671875,1.000748872756958
frame2110,139.0979381443299,148.95103092783506,152.29896907216494,221.49479166666666,219.58333333333334,217.58333333333334,0.9989687204360962
frame2111,139.16752577319588,148.95103092783506,152.29896907216494,221.49479166666666,219.58333333333334,217.671875,0.999382734
frame2112,140.11855670103094,149.03092783505156,152.17268041237114,218.98958333333334,217.16666666666666,215.16666666666666,0.9992125034332275
frame2113,139.48453608247422,148.94845360824743,151.79123711340208,218.76822916666666,216.95833333333334,214.95833333333334,0.9970933198928833
frame2114,139.28092783505156,148.94845360824743,151.79123711340208,217.95833333333334,216.95833333333334,214.95833333333334,0.9918817281723022
frame2115,139.29896907216494,148.88144329896906,151.7242268041237,218.76822916666666,216.95833333333334,214.95833333333334,0.9882625341415405
frame2116,139.29896907216494,148.88144329896906,151.7242268041237,218.76822916666666,216.95833333333334,214.95833333333334,0.9851040840148926
frame2117,139.29896907216494,148.88144329896906,151.7242268041237,218.76822916666666,216.95833333333334,214.95833333333334,0.9827183485031128
frame2118,139.20103092783506,148.88144329896906,151.7242268041237,218.76822916666666,216.95833333333334,214.95833333333334,0.9812532663345337
frame2119,139.41752577319588,148.88144329896906,151.7242268041237,218.76822916666666,216.95833333333334,214.95833333333334,0.9804025888442993
frame2120,138.4097938,147.87886597938143,150.75,218.76822916666666,216.95833333333334,214.95833333333334,0.9814275503158569
frame2121,137.82474226804123,147.56443298969072,150.4201030927835,218.76822916666666,216.95833333333334,214.95833333333334,0.9812290668487549
frame2122,135.91494845360825,146.1520618556701,149.0077319587629,219.69791666666666,216.96875,215.83333333333334,0.9814532995223999
frame2123,133.66237113402062,144.8479381443299,146.75515463917526,219.69791666666666,217.83333333333334,215.83333333333334,0.9830245971679688
frame2124,133.28865979381445,143.1958762886598,145.61340206185568,221.16666666666666,219.21875,217.27083333333334,0.9815026521682739
frame2125,132.2757731958763,142.18298969072166,144.58247422680412,221.45052083333334,218.6328125,217.6328125,0.9822292327880859
frame2126,131.23453608247422,141.16494845360825,143.56443298969072,221.45052083333334,218.6328125,217.54166666666666,0.9789754152297974
frame2127,129.34278350515464,139.96134020618555,143.2036082474227,221.45052083333334,218.6328125,217.54166666666666,0.9798227548599243
frame2128,128.3298969072165,138.79123711340208,142.21907216494844,221.875,219,217.9375,0.9846583604812622
frame2129,127.37113402061856,137.83505154639175,141.26288659793815,222.27864583333334,219.36458333333334,218.36197916666666,0.9935479164123535
frame2130,126.36855670103093,136.8298969072165,140.2577319587629,223.234375,220.3203125,219.31770833333334,1.0137474536895752
frame2131,125.28865979381443,134.88917525773195,139.18298969072166,229.5,227,225.5,1.067253589630127
frame2132,124.18298969072166,133.8402062,138.1340206185567,233.27083333333334,231.27083333333334,229.41927083333334,1.181241512298584
frame2133,122.66237113402062,132.45103092783506,136.44072164948454,233.3125,231.3125,230.3125,1.3646470308303833
frame2134,121.55412371134021,131.34278350515464,135.33247422680412,239.734375,237.79166666666666,236.734375,1.6103476285934448
frame2135,120.09278350515464,130.49742268041237,133.99484536082474,242.375,240.375,239.375,1.9666210412979126
frame2136,120.03865979381443,128.9819587628866,132.6159793814433,243.47916666666666,242.0390625,240.47916666666666,2.435270309448242
frame2137,118.6340206185567,128.0902062,131.56701030927834,244.05208333333334,242.5859375,241.48958333333334,2.7937424182891846
frame2138,119.8659793814433,128.92268041237114,132.3943298969072,247.53125,245.22135416666666,244.74479166666666,2.9271647930145264
frame2139,125.14690721649484,132.84278350515464,137.31185567010309,217.60677083333334,216.84114583333334,215.17708333333334,2.940652609
frame2140,126.05154639175258,133.7680412371134,138.54381443298968,161.03125,158.25,155.1796875,2.940901995
frame2141,126.07474226804123,133.94845360824743,138.6778350515464,161.703125,160.78125,155.4453125,2.845656156539917
frame2142,126.95618556701031,135.7835051546392,139.67525773195877,163,163,156,2.320633888244629
frame2143,128.03865979381445,137.11855670103094,140.71907216494844,167,165,159,1.6129474639892578
frame2144,134.67525773195877,140.82474226804123,141.49484536082474,169,167,161,1.016039490699768
frame2145,156.94845360824743,157.38659793814432,153.12886597938143,172,171,164,0.7741367816925049
frame2146,164.72938144329896,164.11340206185568,159.99484536082474,174,173,166,0.7011147737503052
frame2147,163,162,156,174.7265625,173.6875,166.84375,0.5687202215194702
frame2148,164.98969072164948,163.39175257731958,157.39175257731958,175.703125,175.3203125,167.703125,0.3526177406311035
frame2159,113.52835051546391,122.63659793814433,126.47422680412372,231.16666666666666,228.70833333333334,228.70833333333334,0.30299413204193115
frame2160,113.60309278350516,122.96907216494846,126.58762886597938,232.24479166666666,229.78125,229.60416666666666,1.673527717590332
frame2161,115.30154639175258,124.11340206185567,127.69329896907216,228.921875,226.4765625,226.31770833333334,3.237516403198242
frame2162,116.97680412371135,125.72938144329896,128.9742268041237,219.79947916666666,217.79947916666666,217.38020833333334,3.6906206607818604
frame2163,118.1159793814433,126.85567010309278,130.11082474226805,215.9609375,213.9609375,212.9609375,3.7395503520965576
frame2164,118.9639175257732,127.74484536082474,130.95876288659792,212.44270833333334,210.44270833333334,209.22135416666666,3.8646836280822754