Frame,Red channel,Green channel,Blue Channel,Red_back,Green_back,Blue_back,Pressure
frame0,154.09727626459144,156.00389105058366,150.00389105058366,209.21960784313725,208.7450980392157,208.27058823529413,-0.040848881006240845
frame1,153.78599221789884,155.70038910505838,149.70038910505838,208.22745098039215,207.84313725490196,207.45882352941177,-0.040676623582839966
frame2,154.14785992217898,156.1011673151751,150.1011673151751,207.66666666666666,207.33333333333334,207.0,-0.03649851679801941
frame3,154.16342412451363,156.11673151750972,150.11673151750972,208.22745098039215,207.84313725490196,207.45882352941177,-0.0358525812625885
frame4,154.3112840466926,156.30350194552528,150.30350194552528,208.7019607843137,208.27450980392157,207.8470588235294,-0.03553289175033569
frame5,154.24513618677042,156.2295719844358,150.2295719844358,209.478431372549,208.98039215686273,208.48235294117646,-0.03325656056404114
frame6,154.23346303501947,156.22568093385215,150.22568093385215,209.29019607843136,208.8392156862745,208.45882352941177,-0.029939204454421997
frame7,154.14396887159532,156.14396887159532,150.14396887159532,209.57647058823528,209.07450980392156,208.5843137254902,-0.026545792818069458
frame8,154.23346303501947,156.22568093385215,150.22568093385215,209.29019607843136,208.8392156862745,208.45882352941177,-0.023157864809036255
frame9,154.14396887159532,156.14396887159532,150.14396887159532,209.57647058823528,209.07450980392156,208.5843137254902,-0.0201987624168396
frame10,154.23346303501947,156.22568093385215,150.22568093385215,209.29019607843136,208.8392156862745,208.45882352941177,-0.01762092113494873
frame11,154.75486381322958,156.66536964980546,149.57976653696497,206.65098039215687,205.65490196078431,205.49803921568628,-0.014724969863891602
frame12,155.12062256809338,157.18677042801556,150.13229571984436,206.86666666666667,205.89019607843136,205.75294117647059,-0.009929805994033813
frame13,155.06225680933852,157.17509727626458,150.13229571984436,206.65098039215687,205.65490196078431,205.49803921568628,-0.007464170455932617
frame14,155.19844357976655,157.3385214007782,150.28015564202335,206.86666666666667,205.89019607843136,205.86666666666667,-0.00620877742767334
frame15,155.06225680933852,157.22178988326849,150.13229571984436,206.65098039215687,205.65490196078431,205.49803921568628,-0.005569756031036377
frame16,155.19844357976655,157.3385214007782,150.28015564202335,206.86666666666667,205.89019607843136,205.75294117647059,-0.005054891109466553
frame17,155.06225680933852,157.1945525291829,150.13229571984436,206.65098039215687,205.65490196078431,205.49803921568628,-0.004922211170196533
frame18,155.19844357976655,156.44747081712063,150.28015564202335,206.00392156862745,205.86666666666667,205.75294117647059,-0.005714774131774902
frame19,154.99610894941634,156.60311284046693,150.06614785992218,205.8078431372549,205.65098039215687,205.49803921568628,-0.006630450487136841
frame20,155.08949416342412,156.715953307393,150.17120622568095,206.86666666666667,205.86666666666667,205.75294117647059,-0.006369352340698242
frame21,155.06225680933852,157.1945525291829,150.13229571984436,206.65098039215687,205.65490196078431,205.49803921568628,-0.0057156383991241455
frame22,155.19844357976655,157.3112840466926,150.28015564202335,206.00392156862745,205.89019607843136,205.75294117647059,-0.005401313304901123
frame23,155.66536964980546,156.44357976653697,149.77821011673151,205.65490196078431,205.49803921568628,205.34509803921569,-0.0077710747718811035
frame24,155.31517509727627,157.24124513618676,149.90661478599222,206.86666666666667,205.89019607843136,205.75294117647059,-0.0068909525871276855
frame25,155.39688715953307,157.34241245136187,149.96498054474708,206.49803921568628,205.50196078431372,205.34509803921569,-0.006317079067230225
frame26,155.5058365758755,157.47470817120623,150.08560311284046,206.75294117647059,205.7764705882353,205.6392156862745,-0.0059494078159332275
frame27,155.39688715953307,157.2295719844358,149.96498054474708,205.65490196078431,205.50196078431372,205.34509803921569,-0.006554782390594482
frame28,155.5058365758755,157.47470817120623,150.08560311284046,206.75294117647059,205.7764705882353,205.6392156862745,-0.006423056125640869
frame29,155.39688715953307,157.3774319066148,149.96498054474708,206.49803921568628,205.50196078431372,205.34509803921569,-0.0070497989654541016
frame30,155.29961089494162,157.1011673151751,150.03112840466926,206.75294117647059,205.7764705882353,205.6392156862745,-0.007918119430541992
frame31,155.21789883268482,156.26070038910507,149.93774319066148,205.65490196078431,205.49803921568628,205.34509803921569,-0.009553194046020508
frame32,155.29961089494162,157.1011673151751,150.03112840466926,205.89019607843136,205.7764705882353,205.6392156862745,-0.00884440541267395
frame33,155.31906614785993,156.3501945525292,149.96887159533074,205.65490196078431,205.49803921568628,205.34509803921569,-0.0095786452293396
frame34,155.4124513618677,157.22568093385215,150.0739299610895,205.89019607843136,205.7764705882353,205.6392156862745,-0.008747279644012451
frame35,155.69260700389106,156.40856031128405,149.8054474708171,205.8078431372549,205.65098039215687,205.49803921568628,-0.010503917932510376
frame36,155.4785992217899,156.431906614786,150.07003891050584,206.00392156862745,205.86666666666667,205.75294117647059,-0.010123729705810547
frame37,155.33463035019454,156.36186770428014,150.00778210116732,205.8078431372549,205.65098039215687,205.49803921568628,-0.01028531789779663
frame38,155.4396887159533,156.4513618677043,150.11284046692606,205.02745098039216,204.89019607843136,204.7764705882353,-0.00954526662826538
frame39,155.33463035019454,156.36964980544747,150.00778210116732,204.81176470588235,204.65490196078431,204.50196078431372,-0.00966566801071167
frame40,155.46303501945525,156.5603112840467,150.13618677042803,205.02745098039216,204.89019607843136,204.7764705882353,-0.009742558002471924
frame41,155.3501945525292,156.93774319066148,150.02334630350194,204.8078431372549,204.65098039215687,204.49803921568628,-0.00962015986442566
frame42,155.46303501945525,156.4669260700389,150.13618677042803,205.00392156862745,204.86666666666667,204.75294117647059,-0.010114222764968872
frame43,155.3501945525292,156.3774319066148,150.02334630350194,204.65098039215687,204.49411764705883,204.34117647058824,-0.010168969631195068
frame44,155.46303501945525,157.24902723735408,150.13618677042803,204.00392156862745,203.86666666666667,203.75294117647059,-0.008854955434799194
frame45,155.3501945525292,156.3774319066148,150.02334630350194,203.8078431372549,203.65098039215687,203.49803921568628,-0.009489208459854126
frame46,155.3112840466926,156.3579766536965,150.11284046692606,203.89019607843136,203.86666666666667,203.75294117647059,-0.009862452745437622
frame47,155.11673151750972,156.19844357976655,150.19844357976655,206.83529411764707,206.8078431372549,205.8078431372549,-0.01052585244178772
frame48,155.25291828793775,156.28015564202335,150.28015564202335,207.30588235294118,207.25882352941176,206.25882352941176,-0.01054370403289795
frame49,155.295719844358,156.3774319066148,150.3774319066148,206.83529411764707,206.8078431372549,205.8078431372549,-0.009365260601043701
frame50,155.46303501945525,156.49027237354085,150.49027237354085,207.30588235294118,207.25882352941176,206.25882352941176,-0.009027451276779175
frame51,155.295719844358,156.3774319066148,150.3774319066148,206.83529411764707,206.8078431372549,205.8078431372549,-0.008995503187179565
frame52,155.33463035019454,156.50972762645915,150.50972762645915,207.30588235294118,207.25882352941176,206.25882352941176,-0.008687704801559448
frame53,155.17509727626458,156.38910505836577,150.38910505836577,206.31764705882352,206.29019607843136,205.29019607843136,-0.008389264345169067
frame54,155.31906614785993,156.4941634241245,150.4941634241245,206.78823529411764,206.74117647058824,205.74117647058824,-0.008208364248275757
frame55,155.17509727626458,156.3579766536965,150.30739299610894,206.31764705882352,206.29019607843136,205.29019607843136,-0.008385628461837769
frame56,155.30350194552528,156.47081712062257,150.47081712062257,206.78823529411764,206.74117647058824,205.74117647058824,-0.008205056190490723
frame57,155.17509727626458,156.3579766536965,150.3579766536965,206.31764705882352,206.29019607843136,205.29019607843136,-0.008259207010269165
frame58,155.30350194552528,156.47081712062257,150.47081712062257,206.74117647058824,206.69411764705882,205.69411764705882,-0.008107930421829224
frame59,155.25291828793775,156.33463035019454,150.12062256809338,205.31764705882352,204.8,204.29019607843136,-0.008224904537200928
frame60,155.43579766536965,156.46303501945525,150.32684824902725,205.78823529411764,205.27058823529413,204.74117647058824,-0.00783035159111023
frame61,155.0739299610895,156.1556420233463,149.05836575875486,205.31764705882352,204.8,203.8078431372549,-0.01077049970626831
frame62,155.43579766536965,156.46303501945525,150.35408560311285,205.78823529411764,205.27058823529413,204.74117647058824,-0.007729649543762207
frame63,155.27626459143968,156.3501945525292,150.30350194552528,205.78039215686275,204.77254901960785,204.29019607843136,-0.006937742233276367
frame64,155.44747081712063,156.47470817120623,150.4591439688716,206.21176470588236,205.2235294117647,204.74117647058824,-0.006900697946548462
frame65,155.27626459143968,156.3501945525292,150.30350194552528,205.78039215686275,204.77254901960785,204.29019607843136,-0.007000982761383057
frame66,155.44747081712063,156.47470817120623,150.4591439688716,203.72941176470587,202.72941176470587,201.75294117647059,-0.005855292081832886
frame67,155.40856031128405,157.24513618677042,150.12451361867704,202.64313725490197,201.6392156862745,200.64705882352942,-0.005371779203414917
frame68,156.4591439688716,157.41634241245137,150.27626459143968,203.1529411764706,202.1529411764706,201.2235294117647,-0.006106704473495483
frame69,155.40856031128405,156.29961089494162,150.13618677042803,203.6392156862745,202.63529411764705,202.58039215686276,-0.00710335373878479
frame70,155.4669260700389,156.80933852140078,149.59143968871595,203.18823529411765,202.18823529411765,202.18039215686275,-0.008884698152542114
frame71,156.82101167315176,156.94163424124514,148.27626459143968,203.30196078431374,202.30196078431374,202.27450980392157,-0.013108313083648682
frame72,156.568093385214,156.295719844358,148.39688715953307,204.47058823529412,203.47058823529412,203.42352941176472,-0.01481926441192627
frame73,156.34241245136187,156.73540856031127,148.44357976653697,204.27450980392157,203.27450980392157,203.24705882352941,-0.014783352613449097
frame74,156.0466926070039,156.16342412451363,147.84824902723736,204.51764705882354,203.51764705882354,203.47058823529412,-0.017909735441207886
frame75,154.54474708171207,154.704280155642,147.44357976653697,205.27450980392157,204.27450980392157,204.24705882352941,-0.02546253800392151
frame76,153.94941634241246,153.75097276264592,146.39688715953307,205.47058823529412,204.47058823529412,204.42352941176472,-0.04078632593154907
frame77,152.59922178988327,152.63813229571986,145.3774319066148,205.27450980392157,204.27450980392157,204.24705882352941,-0.05518600344657898
frame78,150.66536964980546,151.28015564202335,143.8326848249027,207.42352941176472,205.47058823529412,205.47058823529412,-0.06488469243049622
frame79,149.17898832684824,149.96498054474708,142.59143968871595,207.24705882352941,205.27450980392157,205.27450980392157,-0.06083694100379944
frame80,148.2101167315175,149.00389105058366,141.42023346303503,207.42352941176472,205.47058823529412,205.47058823529412,-0.05098375678062439
frame81,146.98054474708172,147.99221789883268,139.9182879377432,207.24705882352941,205.27450980392157,205.27450980392157,-0.04761272668838501
frame82,145.57587548638134,146.5136186770428,137.715953307393,207.42352941176472,206.42352941176472,206.42352941176472,-0.05020326375961304
frame83,144.92217898832683,144.88326848249028,136.3229571984436,211.16470588235293,209.47058823529412,209.44313725490196,-0.051859915256500244
frame84,144.92217898832683,144.59143968871595,135.6225680933852,212.41960784313724,210.75294117647059,210.7058823529412,-0.05315622687339783
frame85,143.66926070038912,143.6498054474708,134.73540856031127,211.74901960784314,210.47058823529412,210.44313725490196,-0.052842140197753906
frame86,142.57198443579767,142.32684824902725,133.18677042801556,212.1450980392157,210.79607843137254,210.7843137254902,-0.05152121186256409
frame87,140.2295719844358,140.21789883268482,131.3112840466926,217.86666666666667,216.86666666666667,216.86666666666667,-0.047709524631500244
frame88,140.3229571984436,140.13229571984436,131.77431906614785,222.8,221.8,221.96470588235294,-0.04434889554977417
frame89,139.06225680933852,139.70817120622567,132.85214007782102,223.45882352941177,221.65098039215687,222.65098039215687,-0.03884348273277283
frame90,139.88715953307394,140.3852140077821,135.27626459143968,218.0,217.0,218.0,-0.032495319843292236
frame91,137.14785992217898,139.96108949416342,132.57587548638134,219.0,218.0,218.0,-0.018933624029159546
frame92,142.13618677042803,143.73540856031127,136.46303501945525,200.27450980392157,200.1607843137255,199.27450980392157,0.04468566179275513
frame93,143.10505836575877,144.64591439688715,137.85214007782102,199.7450980392157,199.6078431372549,198.7450980392157,0.8689751625061035
frame94,143.63035019455253,145.36964980544747,138.43579766536965,200.37254901960785,200.20392156862746,199.37254901960785,1.0066641569137573
frame95,144.8171206225681,146.6887159533074,139.75097276264592,201.17254901960786,200.95294117647057,200.17254901960786,1.076946496963501
frame96,146.22178988326849,148.1284046692607,141.0739299610895,203.10980392156864,203.10980392156864,202.4313725490196,1.1038005352020264
frame97,147.94941634241246,149.82101167315176,143.53696498054475,202.1529411764706,202.1529411764706,201.4392156862745,1.0427249670028687
frame98,148.80933852140078,150.72762645914398,144.58365758754863,202.4313725490196,201.75294117647059,201.75294117647059,0.9948410987854004
frame99,150.91439688715954,151.6614785992218,145.62645914396887,199.2941176470588,198.2941176470588,198.2941176470588,0.9837758541107178
frame100,152.24124513618676,153.56420233463035,147.57976653696497,198.66666666666666,197.66666666666666,197.66666666666666,0.9935358762741089
frame101,153.3657587548638,154.83657587548637,148.8988326848249,199.31764705882352,198.50196078431372,198.31764705882352,0.9754389524459839
frame102,154.17898832684824,155.55252918287937,149.55252918287937,199.88235294117646,199.09803921568627,198.88235294117646,0.9559582471847534
frame103,154.28015564202335,155.9455252918288,149.99221789883268,201.25882352941176,200.25882352941176,199.9294117647059,0.9194127321243286
frame104,154.62645914396887,156.24902723735408,150.24124513618676,200.29019607843136,199.29019607843136,199.01176470588234,0.7999236583709717
frame105,154.47470817120623,156.21400778210116,150.22568093385215,200.14117647058825,199.14117647058825,198.87058823529412,0.5713409781455994
frame106,154.40856031128405,156.2373540856031,150.2373540856031,199.5686274509804,198.5686274509804,198.29019607843136,0.34269288182258606
frame107,154.6498054474708,156.50972762645915,150.5058365758755,199.14117647058825,198.41176470588235,197.41176470588235,0.16991297900676727
frame108,154.70038910505838,156.5214007782101,150.5058365758755,199.29019607843136,198.29019607843136,198.01176470588234,0.07484926283359528
frame109,154.86381322957197,156.69649805447472,150.6887159533074,212.0,212.0,211.0,0.021015852689743042
frame110,154.6614785992218,156.38132295719845,150.19844357976655,212.0,212.0,211.0,-0.001544564962387085
frame111,154.94163424124514,156.30739299610894,149.80155642023345,212.0,212.0,211.0,-0.010950922966003418
frame112,155.00389105058366,156.5330739299611,150.5486381322957,212.0,212.0,211.0,-0.012737959623336792
frame113,154.5330739299611,155.90272373540856,149.90272373540856,212.0,212.0,211.0,-0.017362773418426514
frame114,155.1673151750973,156.4513618677043,150.4513618677043,212.0,212.0,211.0,-0.01712450385093689
frame115,155.1828793774319,156.5408560311284,150.45525291828793,212.0,212.0,211.0,-0.015715301036834717
frame116,155.26848249027236,156.53696498054475,150.42801556420233,212.0,212.0,211.0,-0.01515623927116394
frame117,154.82490272373542,155.85603112840468,149.69260700389106,212.0,212.0,211.0,-0.019624173641204834
frame118,154.92996108949416,155.90661478599222,149.7431906614786,211.0,211.0,210.0,-0.020853430032730103
frame119,154.82490272373542,155.85603112840468,149.69260700389106,211.0,211.0,210.0,-0.02142953872680664
frame120,154.7704280155642,155.9182879377432,149.84824902723736,211.0,211.0,210.0,-0.021068811416625977
frame121,154.71206225680933,155.94163424124514,149.8171206225681,211.0,211.0,210.0,-0.021101683378219604
frame122,154.86381322957197,156.01167315175098,149.87937743190662,211.0,211.0,210.0,-0.020782947540283203
frame123,154.71206225680933,155.94163424124514,149.8171206225681,211.0,211.0,210.0,-0.020943164825439453
frame124,154.65369649805447,155.9533073929961,149.90661478599222,211.25882352941176,211.25882352941176,210.25882352941176,-0.021100938320159912
frame125,154.96498054474708,156.04280155642024,150.0466926070039,210.25882352941176,210.21176470588236,209.23529411764707,-0.018979012966156006
frame126,154.9260700389105,156.20622568093384,150.2101167315175,210.47450980392156,210.47450980392156,209.47450980392156,-0.016600847244262695
frame127,155.3112840466926,156.30739299610894,150.17509727626458,210.27450980392157,210.24705882352941,209.27450980392157,-0.015393972396850586
frame128,155.4513618677043,156.36964980544747,150.2101167315175,210.47450980392156,210.38823529411764,209.4313725490196,-0.014923155307769775
frame129,155.3112840466926,156.30739299610894,150.17509727626458,210.30196078431374,210.24705882352941,209.27450980392157,-0.014546781778335571
frame130,155.4513618677043,156.36964980544747,150.2101167315175,210.47450980392156,210.38823529411764,209.4313725490196,-0.014341503381729126
frame131,155.3112840466926,156.30739299610894,150.17509727626458,210.30196078431374,210.24705882352941,209.27450980392157,-0.014114618301391602
frame132,155.4513618677043,156.36964980544747,150.2101167315175,210.47450980392156,210.38823529411764,209.4313725490196,-0.01405438780784607
frame133,155.3112840466926,156.30739299610894,150.17509727626458,210.30196078431374,210.24705882352941,209.27450980392157,-0.01386985182762146
frame134,155.21400778210116,156.3112840466926,150.21789883268482,210.4313725490196,210.38823529411764,209.4313725490196,-0.013821810483932495
frame135,155.0739299610895,156.2373540856031,150.15175097276264,210.27450980392157,210.24705882352941,209.27450980392157,-0.014134407043457031
frame136,155.2101167315175,156.30739299610894,150.21400778210116,210.4313725490196,210.38823529411764,209.4313725490196,-0.014246821403503418
frame137,154.5875486381323,155.88715953307394,149.79377431906616,210.0,210.0,209.0,-0.016150057315826416
frame138,155.17120622568095,156.38910505836577,150.26070038910507,210.04313725490195,210.03529411764706,209.0392156862745,-0.014361381530761719
frame139,154.5058365758755,155.82101167315176,149.6770428015564,210.0,210.0,209.0,-0.016661345958709717
frame140,154.57198443579767,156.02334630350194,149.83657587548637,210.03529411764706,210.0313725490196,209.03529411764706,-0.017242640256881714
frame141,154.39688715953307,155.96887159533074,149.7898832684825,210.0,210.0,209.0,-0.017399191856384277
frame142,155.06614785992218,156.51750972762645,150.3579766536965,210.03529411764706,210.0313725490196,209.03529411764706,-0.014530688524246216
frame143,154.42412451361866,156.00389105058366,149.84046692607004,210.0,210.0,209.0,-0.015361487865447998
frame144,155.30350194552528,156.77821011673151,150.6147859922179,210.03529411764706,210.0313725490196,209.03529411764706,-0.01267966628074646
frame145,155.05058365758754,156.63035019455253,150.4513618677043,210.0,210.0,209.0,-0.011073410511016846
frame146,155.28015564202335,156.75486381322958,150.56420233463035,210.03529411764706,210.0313725490196,209.03529411764706,-0.010462701320648193
frame147,154.40077821011673,155.98054474708172,149.715953307393,210.0,210.0,209.0,-0.013653874397277832
frame148,155.10894941634243,156.58365758754863,150.3579766536965,210.03529411764706,210.0313725490196,209.03529411764706,-0.012341409921646118
frame149,154.715953307393,155.90272373540856,149.53696498054475,209.0,208.0,208.0,-0.01386973261833191
frame150,155.50972762645915,156.6147859922179,150.2568093385214,210.03529411764706,210.0313725490196,209.03529411764706,-0.01208406686782837
frame151,154.82879377431905,156.03891050583658,149.71984435797665,209.0,208.0,208.0,-0.01257467269897461
frame152,155.5875486381323,156.69260700389106,150.33463035019454,210.03529411764706,210.0313725490196,209.03529411764706,-0.01110813021659851
frame153,155.41634241245137,156.5875486381323,149.98832684824902,210.0,210.0,209.0,-0.01182439923286438
frame154,155.57587548638134,156.68093385214007,149.3385214007782,210.03529411764706,210.0313725490196,209.03529411764706,-0.015580356121063232
frame155,155.41634241245137,156.5875486381323,149.26848249027236,210.0,210.0,209.0,-0.017306506633758545
frame156,155.4591439688716,156.5953307392996,149.31517509727627,210.03529411764706,209.03529411764706,208.0392156862745,-0.01602509617805481
frame157,154.69260700389106,155.88326848249028,148.60311284046693,210.0,210.0,209.0,-0.02413734793663025
frame158,154.0739299610895,155.48249027237355,148.3112840466926,210.03529411764706,210.0313725490196,209.03529411764706,-0.032758355140686035
frame159,152.9455252918288,154.40856031128405,148.2101167315175,210.0,210.0,209.0,-0.040453046560287476
frame160,151.8326848249027,153.48249027237355,146.40077821011673,210.42352941176472,209.42352941176472,209.42352941176472,-0.05608975887298584
frame161,150.44357976653697,151.68093385214007,144.82879377431905,209.27450980392157,208.27450980392157,208.27450980392157,-0.07057636976242065
frame162,149.14785992217898,150.6342412451362,143.7704280155642,209.47058823529412,208.47058823529412,208.47058823529412,-0.06543037295341492
frame163,148.2568093385214,149.59143968871595,142.75097276264592,209.27450980392157,208.27450980392157,208.27450980392157,-0.04734155535697937
frame164,147.3929961089494,148.59922178988327,141.05836575875486,209.54117647058823,207.54509803921567,208.54117647058823,-0.031371235847473145
frame165,145.75875486381324,147.09338521400778,139.31517509727627,209.27450980392157,207.27450980392157,208.27450980392157,-0.020943552255630493
frame166,145.3385214007782,146.49805447470817,138.77821011673151,209.4078431372549,207.45882352941177,208.4078431372549,-0.01441425085067749
frame167,143.22178988326849,145.50972762645915,137.74708171206225,209.93725490196078,207.9921568627451,208.01176470588234,-0.007866054773330688
frame168,142.3385214007782,144.49805447470817,136.77821011673151,212.89803921568628,210.94509803921568,211.31764705882352,-0.0006994903087615967
frame169,137.3112840466926,140.10894941634243,132.31517509727627,219.0,217.0,218.0,0.0032426416873931885
frame170,137.8715953307393,140.57587548638134,132.98443579766536,219.0,217.0,218.0,0.013004422187805176
frame171,138.73929961089493,141.5330739299611,133.7898832684825,220.0,218.0,219.0,0.029245227575302124
frame172,140.29961089494162,143.03112840466926,135.4941634241245,219.0,217.0,218.0,0.18873317539691925
frame173,140.8054474708171,143.2101167315175,135.57976653696497,218.0,217.0,217.0,0.6395670175552368
frame174,142.22568093385215,144.08949416342412,136.53696498054475,218.0,217.0,217.0,0.8523297309875488
frame175,143.31517509727627,145.14785992217898,137.85214007782102,201.68627450980392,201.50196078431372,200.68627450980392,0.9812159538269043
frame176,144.54474708171207,145.93774319066148,138.42801556420233,200.4,200.4,199.53333333333333,1.0066102743148804
frame177,145.04280155642024,146.90661478599222,138.98832684824902,201.31764705882352,201.31764705882352,200.50196078431372,1.0148587226867676
frame178,146.52918287937743,147.94163424124514,140.47081712062257,200.26666666666668,200.26666666666668,199.4,1.0245517492294312
frame179,147.5603112840467,149.10505836575877,142.45525291828793,201.31764705882352,201.31764705882352,200.50196078431372,1.030655860900879
frame180,148.8443579766537,150.11284046692606,144.13618677042803,198.11764705882354,198.05882352941177,197.11764705882354,1.0027251243591309
frame181,150.3501945525292,151.5330739299611,145.86770428015564,200.50196078431372,200.50196078431372,199.68627450980392,1.0031450986862183
frame182,151.91050583657588,152.4941634241245,147.2023346303502,199.4,199.4,198.53333333333333,1.0135225057601929
frame183,152.78210116731518,153.47081712062257,147.47081712062257,199.50196078431372,197.87058823529412,197.87058823529412,1.0085400342941284
frame184,154.59922178988327,154.63813229571986,149.61867704280155,198.4,196.66666666666666,197.4,0.9730203151702881
frame185,155.36964980544747,155.62645914396887,150.06225680933852,198.50196078431372,196.68627450980392,196.68627450980392,0.946819543838501
frame186,156.14785992217898,155.67315175097275,150.91050583657588,197.4,196.53333333333333,196.4,0.8813343048095703
frame187,156.00778210116732,155.6887159533074,150.84824902723736,198.31764705882352,197.50196078431372,197.31764705882352,0.6578721404075623
frame188,155.01556420233464,156.29961089494162,150.29961089494162,199.01176470588234,198.29019607843136,197.29019607843136,0.42402371764183044
frame189,154.61089494163423,156.27626459143968,150.27626459143968,198.87058823529412,198.14117647058825,197.87058823529412,0.21536655724048615
frame190,154.73540856031127,156.4396887159533,150.40856031128405,204.65882352941176,203.84313725490196,203.25098039215686,0.10455869138240814
frame191,154.46303501945525,156.431906614786,150.41634241245137,203.65490196078431,202.7764705882353,202.2156862745098,0.0408206582069397
frame192,153.96498054474708,155.94941634241246,149.94941634241246,203.65882352941176,203.25098039215686,202.25098039215686,0.014164507389068604
frame193,153.96108949416342,155.9455252918288,149.9455252918288,207.54117647058823,207.34901960784313,206.34901960784313,-0.0030522942543029785
frame194,153.99221789883268,155.97665369649806,149.96108949416342,207.79607843137254,207.62745098039215,206.62745098039215,-0.00950285792350769
frame195,154.0466926070039,156.04280155642024,150.0466926070039,207.34901960784313,207.15686274509804,206.15686274509804,-0.011531949043273926
frame196,154.49805447470817,156.49805447470817,150.49805447470817,206.96470588235294,206.79607843137254,205.79607843137254,-0.010612398386001587
frame197,154.48249027237355,156.4785992217899,150.48249027237355,210.0,210.0,209.0,-0.010943710803985596
frame198,154.3579766536965,156.3579766536965,150.17898832684824,210.0,210.0,209.0,-0.012453645467758179
frame199,154.31906614785993,156.31517509727627,150.31906614785993,210.0,210.0,209.0,-0.011892229318618774
frame200,154.65758754863813,155.93385214007782,149.93385214007782,209.0,208.0,208.0,-0.012320935726165771
frame201,154.98832684824902,156.3112840466926,150.3112840466926,209.0,208.0,208.0,-0.010290563106536865
frame202,154.65758754863813,155.93385214007782,149.93385214007782,209.0,208.0,208.0,-0.010844588279724121
frame203,154.5330739299611,155.85603112840468,149.85603112840468,209.0,208.0,208.0,-0.011937499046325684
frame204,154.65758754863813,155.93385214007782,149.93385214007782,209.4313725490196,208.38823529411764,208.38823529411764,-0.012251824140548706
frame205,154.57976653696497,155.90272373540856,149.90272373540856,209.24705882352941,208.24705882352941,208.24705882352941,-0.0123881995677948
frame206,154.68482490272373,155.96108949416342,149.96108949416342,209.0,208.0,208.0,-0.011984407901763916
frame207,154.57976653696497,155.90272373540856,149.90272373540856,209.0,208.0,208.0,-0.012031912803649902
frame208,154.68482490272373,155.96108949416342,149.96108949416342,209.0,208.0,208.0,-0.011982589960098267
frame209,154.40856031128405,155.94163424124514,149.94163424124514,209.0,208.0,208.0,-0.01196831464767456
frame210,154.57587548638134,156.08560311284046,150.08560311284046,209.0,208.0,208.0,-0.01156526803970337
frame211,154.4785992217899,156.03891050583658,150.04280155642024,209.0,208.0,208.0,-0.011496514081954956
frame212,155.01945525291828,155.95719844357976,149.5136186770428,208.0,207.0,207.0,-0.013062089681625366
frame213,154.7704280155642,156.06225680933852,149.75097276264592,209.0,208.0,208.0,-0.012742400169372559
frame214,154.89494163424123,156.08560311284046,149.75875486381324,209.0,207.0,207.0,-0.011713504791259766
frame215,154.57587548638134,156.2373540856031,150.0739299610895,209.0,208.0,208.0,-0.01061984896659851
frame216,154.6614785992218,156.1556420233463,149.93774319066148,209.0,208.0,208.0,-0.011326640844345093
frame217,154.4513618677043,156.0272373540856,149.84824902723736,209.0,208.0,208.0,-0.01195216178894043
frame218,154.73540856031127,156.1011673151751,149.82879377431905,208.0,207.0,207.0,-0.011328190565109253
frame219,154.68482490272373,156.28015564202335,150.07782101167317,209.0,208.0,208.0,-0.01032346487045288
frame220,154.85214007782102,156.34630350194553,150.09727626459144,209.0,208.0,208.0,-0.010148316621780396
frame221,154.68482490272373,156.28015564202335,150.07782101167317,209.0,208.0,208.0,-0.010039955377578735
frame222,154.84824902723736,156.34241245136187,150.09338521400778,209.0,208.0,208.0,-0.01001766324043274
frame223,154.71984435797665,156.31517509727627,150.11284046692606,209.0,208.0,208.0,-0.009693562984466553
frame224,154.86770428015564,155.9455252918288,149.5330739299611,209.04313725490195,208.0392156862745,208.0392156862745,-0.012761890888214111
frame225,154.66926070038912,156.06614785992218,149.80933852140078,209.0,208.0,208.0,-0.012224256992340088
frame226,155.12062256809338,156.27626459143968,149.89494163424123,209.04313725490195,208.0392156862745,208.0392156862745,-0.01149052381515503
frame227,154.9455252918288,156.2101167315175,149.87548638132296,209.0,208.0,208.0,-0.011136859655380249
frame228,155.12062256809338,156.27626459143968,149.89494163424123,209.0,208.0,208.0,-0.01108241081237793
frame229,154.89494163424123,156.1011673151751,149.77431906614785,210.0,210.0,209.0,-0.013327687978744507
frame230,155.08949416342412,156.1945525291829,149.83657587548637,209.0,208.0,208.0,-0.012515902519226074
frame231,154.63813229571986,156.14785992217898,149.92996108949416,210.0,210.0,209.0,-0.012916535139083862
frame232,154.8443579766537,156.24902723735408,149.99221789883268,209.0,208.0,208.0,-0.011962592601776123
frame233,154.25291828793775,156.21400778210116,150.19844357976655,210.0,210.0,209.0,-0.011472523212432861
frame234,154.3657587548638,156.29182879377433,150.25291828793775,209.0,208.0,208.0,-0.010997623205184937
frame235,154.25291828793775,156.21400778210116,150.10505836575877,210.0,210.0,209.0,-0.012053906917572021
frame236,155.16342412451363,156.17120622568095,149.66536964980546,209.51764705882354,208.47058823529412,208.47058823529412,-0.014309614896774292
frame237,155.01167315175098,156.1284046692607,149.35408560311285,209.27450980392157,208.27450980392157,208.27450980392157,-0.015392005443572998
frame238,155.16342412451363,156.17120622568095,149.07782101167317,209.47058823529412,208.47058823529412,208.47058823529412,-0.01774635910987854
frame239,154.68482490272373,155.9455252918288,148.57976653696497,209.27450980392157,208.27450980392157,208.27450980392157,-0.022187113761901855
frame240,154.86770428015564,156.05058365758754,148.68482490272373,209.47058823529412,208.47058823529412,208.47058823529412,-0.024398893117904663
frame241,154.68482490272373,155.96498054474708,148.63813229571986,210.24705882352941,210.21960784313725,209.24705882352941,-0.028491079807281494
frame242,154.86770428015564,156.05058365758754,148.68482490272373,210.42352941176472,210.3764705882353,208.47058823529412,-0.029931575059890747
frame243,154.68482490272373,155.96498054474708,148.63813229571986,210.24705882352941,210.21960784313725,209.24705882352941,-0.03172522783279419
frame244,154.86770428015564,156.05058365758754,148.68482490272373,210.42352941176472,210.3764705882353,209.42352941176472,-0.03284519910812378
frame245,154.6498054474708,155.8715953307393,148.4863813229572,210.24705882352941,210.21960784313725,209.24705882352941,-0.03507590293884277
frame246,154.91439688715954,156.1400778210117,148.7976653696498,210.42352941176472,210.3764705882353,208.47058823529412,-0.03265345096588135
frame247,154.72762645914398,156.05058365758754,148.74708171206225,210.24705882352941,210.21960784313725,209.24705882352941,-0.03147333860397339
frame248,154.8988326848249,155.93774319066148,148.56420233463035,210.03529411764706,210.0313725490196,209.03529411764706,-0.03274396061897278
frame249,154.43579766536965,155.7704280155642,149.3852140077821,210.0,210.0,209.0,-0.028452306985855103
frame250,153.7976653696498,155.01167315175098,148.47081712062257,210.03529411764706,210.0313725490196,209.03529411764706,-0.03369602560997009
frame251,152.61867704280155,153.9533073929961,147.44747081712063,210.0,210.0,209.0,-0.04896959662437439
frame252,151.6614785992218,152.86381322957197,145.6342412451362,210.03529411764706,210.0313725490196,209.03529411764706,-0.0691463053226471
frame253,150.43579766536965,151.50972762645915,144.52918287937743,210.0,209.0,209.0,-0.0704328715801239
frame254,149.61867704280155,150.43579766536965,143.57198443579767,210.47058823529412,209.42352941176472,209.47058823529412,-0.050526827573776245
frame255,148.36186770428014,149.3579766536965,142.17509727626458,210.27450980392157,209.24705882352941,209.27450980392157,-0.028122931718826294
frame256,146.99610894941634,147.6770428015564,140.25291828793775,210.42352941176472,209.3764705882353,209.42352941176472,-0.012900948524475098
frame257,144.66926070038912,146.57198443579767,138.99221789883268,210.24705882352941,209.21960784313725,208.24705882352941,0.003429800271987915
frame258,144.5136186770428,145.6770428015564,138.2373540856031,209.47058823529412,207.47058823529412,207.51764705882354,0.026275545358657837
frame259,143.49027237354085,145.26459143968873,137.6770428015564,211.1137254901961,209.14117647058825,209.16862745098038,0.0567626953125
frame260,136.96887159533074,137.49805447470817,132.05836575875486,220.0,218.0,219.0,0.152587890625
frame261,137.3657587548638,138.33073929961088,132.32684824902725,220.0,218.0,219.0,0.2696287930011749
frame262,138.11284046692606,139.46303501945525,131.77431906614785,219.0,217.0,218.0,0.5007165670394897
frame263,139.06614785992218,141.32684824902725,133.3657587548638,219.0,217.0,218.0,0.6933397650718689
frame264,140.25291828793775,142.32684824902725,134.55642023346303,212.80392156862746,211.80392156862746,211.80392156862746,0.8219525814056396
frame265,141.36964980544747,143.51750972762645,135.96108949416342,206.1529411764706,204.7764705882353,205.1529411764706,0.8614464998245239
frame266,142.72762645914398,143.7704280155642,136.43579766536965,201.53333333333333,201.4,200.53333333333333,0.9484385251998901
frame267,143.5875486381323,144.8599221789883,137.6614785992218,200.8,200.8,199.90588235294118,0.9838485717773438
frame268,144.9533073929961,145.6770428015564,139.69260700389106,200.69411764705882,200.6,199.69411764705882,1.0076193809509277
frame269,145.72762645914398,146.7704280155642,140.5330739299611,200.8,200.8,199.90588235294118,1.0232170820236206
frame270,146.89494163424123,147.704280155642,141.69260700389106,199.69411764705882,199.69411764705882,198.78823529411764,1.0276437997817993
frame271,147.7431906614786,148.7704280155642,142.88326848249028,199.90588235294118,199.90588235294118,199.01176470588234,1.0308990478515625
frame272,149.00389105058366,150.02334630350194,144.5136186770428,199.69411764705882,199.69411764705882,198.78823529411764,1.0072888135910034
frame273,150.66536964980546,152.08949416342412,146.07782101167317,199.90588235294118,199.01176470588234,199.01176470588234,1.00603187084198
frame274,151.71206225680933,152.96108949416342,145.87937743190662,197.04313725490195,195.1529411764706,195.1529411764706,1.0052119493484497
frame275,152.54474708171207,153.89105058365757,147.6498054474708,196.8470588235294,194.94117647058823,194.89411764705883,0.9851261377334595
frame276,153.9260700389105,155.22178988326849,149.20622568093384,196.98823529411766,196.04313725490195,195.98823529411766,0.9619002342224121
frame277,154.60311284046693,156.0544747081712,149.94163424124514,196.8470588235294,194.94117647058823,194.89411764705883,0.9271726608276367
frame278,155.29961089494162,156.42801556420233,150.42801556420233,196.05882352941177,195.11764705882354,194.11764705882354,0.8224680423736572
frame279,155.14785992217898,156.36964980544747,150.36964980544747,200.64705882352942,199.9607843137255,198.9607843137255,0.5882605314254761
frame280,155.4591439688716,156.52529182879377,150.1673151750973,201.28235294117647,199.98039215686273,199.6313725490196,0.3521695137023926
frame281,155.2023346303502,156.51750972762645,150.51750972762645,204.09411764705882,203.65490196078431,203.09411764705882,0.1736171841621399
frame282,155.44357976653697,156.61867704280155,150.568093385214,204.65882352941176,204.25098039215686,203.25098039215686,0.08328290283679962
frame283,155.29182879377433,156.6070038910506,149.6070038910506,212.0,212.0,211.0,0.020147621631622314
frame284,155.57976653696497,156.68482490272373,150.68482490272373,211.0,211.0,210.0,0.0047567784786224365
frame285,155.4785992217899,156.69260700389106,150.69260700389106,211.0,211.0,210.0,-0.005395561456680298
frame286,138.4941634241245,140.9260700389105,134.35408560311285,220.0,219.0,219.0,-0.04070645570755005
frame287,140.3774319066148,142.03501945525292,136.38132295719845,214.2313725490196,213.48235294117646,213.2313725490196,-0.047314971685409546
frame288,141.11284046692606,142.8715953307393,136.63035019455253,208.1764705882353,207.25882352941176,206.71764705882353,-0.03787118196487427
frame289,141.96498054474708,143.6342412451362,137.55252918287937,206.78039215686275,206.06666666666666,205.42352941176472,-0.027832835912704468
frame290,143.1011673151751,144.8171206225681,138.47470817120623,202.13333333333333,202.0078431372549,201.13333333333333,-0.022992193698883057
frame291,144.0,145.85214007782102,139.26070038910507,201.47058823529412,201.33333333333334,200.47058823529412,-0.015257000923156738
frame292,146.28015564202335,146.8171206225681,140.4124513618677,199.98823529411766,199.93333333333334,198.98823529411766,-0.006010651588439941
frame293,147.0466926070039,147.82490272373542,140.8443579766537,199.8470588235294,199.8,198.8470588235294,0.005927771329879761
frame294,148.28015564202335,148.85603112840468,143.06225680933852,199.04313725490195,198.98823529411766,198.04313725490195,0.030666977167129517
frame295,149.07782101167317,149.8715953307393,144.31517509727627,198.89411764705883,198.8470588235294,197.89411764705883,0.06308536231517792
frame296,150.79377431906616,151.26848249027236,145.85214007782102,199.04313725490195,198.98823529411766,198.04313725490195,0.1152815967798233
frame297,151.65369649805447,152.5136186770428,146.93385214007782,198.89411764705883,198.8470588235294,197.89411764705883,0.2151530534029007
frame298,153.00778210116732,153.58365758754863,148.06614785992218,197.98823529411766,197.98823529411766,197.04313725490195,0.3673359751701355
frame299,153.8443579766537,154.57976653696497,149.05836575875486,197.8470588235294,197.8470588235294,196.89411764705883,0.4430299401283264
frame300,155.4941634241245,155.71206225680933,150.32684824902725,197.34117647058824,196.4156862745098,196.34117647058824,0.48116815090179443
frame301,155.38910505836577,155.78210116731518,150.3774319066148,197.5529411764706,196.6392156862745,196.5529411764706,0.4339835047721863
frame302,155.83657587548637,155.86770428015564,150.63813229571986,196.4156862745098,195.4156862745098,195.34117647058824,0.43703168630599976
frame303,155.568093385214,155.8054474708171,150.5875486381323,198.31764705882352,197.50196078431372,197.31764705882352,0.27877673506736755
frame304,154.7431906614786,156.0272373540856,150.0272373540856,203.83529411764707,202.83529411764707,202.31764705882352,0.17875170707702637
frame305,154.5486381322957,156.0272373540856,150.0272373540856,209.34901960784313,208.34901960784313,207.54117647058823,0.0934448093175888
frame306,154.67315175097275,157.2373540856031,150.2373540856031,209.79607843137254,208.79607843137254,207.96470588235294,0.03313341736793518
frame307,154.5214007782101,157.17120622568095,150.17120622568095,209.34901960784313,208.34901960784313,207.54117647058823,0.010609030723571777
frame308,154.77431906614785,156.3385214007782,150.3385214007782,208.79607843137254,208.62745098039215,207.79607843137254,-0.003943145275115967
frame309,154.431906614786,156.25291828793775,150.25291828793775,208.34901960784313,208.15686274509804,207.34901960784313,-0.00876656174659729
frame310,154.5136186770428,157.26459143968873,150.26459143968873,208.79607843137254,207.79607843137254,206.96470588235294,-0.010001778602600098
frame311,154.37354085603113,157.3112840466926,150.3112840466926,208.62745098039215,207.62745098039215,206.79607843137254,-0.009410202503204346
frame312,154.568093385214,156.48249027237355,150.48249027237355,208.62745098039215,207.62745098039215,206.79607843137254,-0.00917842984199524
frame313,154.5330739299611,157.47081712062257,150.47081712062257,208.62745098039215,207.62745098039215,206.79607843137254,-0.008125394582748413
frame314,154.59922178988327,157.42412451361866,150.5136186770428,208.62745098039215,207.62745098039215,206.79607843137254,-0.006870865821838379
frame315,154.51750972762645,157.45525291828793,150.45525291828793,208.62745098039215,207.62745098039215,206.79607843137254,-0.006279349327087402
frame316,154.8988326848249,156.97665369649806,149.56420233463035,211.0,210.0,209.0,-0.009802103042602539
frame317,154.67315175097275,157.07003891050584,149.81322957198444,211.0,210.0,209.0,-0.01053890585899353
frame318,154.84824902723736,157.1400778210117,149.8443579766537,211.0,211.0,209.0,-0.01077166199684143
frame319,154.4046692607004,157.07782101167317,149.93774319066148,211.0,210.0,209.0,-0.010349661111831665
frame320,154.38132295719845,157.1945525291829,150.1011673151751,211.0,211.0,209.0,-0.010439187288284302
frame321,154.284046692607,157.14396887159532,150.0817120622568,211.0,211.0,210.0,-0.011657416820526123
frame322,154.38132295719845,157.1945525291829,150.1011673151751,211.0313725490196,210.02745098039216,209.03529411764706,-0.011982738971710205
frame323,154.25291828793775,157.14396887159532,150.0817120622568,211.0,210.0,209.0,-0.012396544218063354
frame324,154.38132295719845,157.1945525291829,150.1011673151751,211.03529411764706,211.0313725490196,210.03529411764706,-0.014043301343917847
frame325,154.25291828793775,157.14396887159532,150.0817120622568,211.0,210.0,209.0,-0.014232367277145386
frame326,154.38132295719845,157.1945525291829,150.1011673151751,211.03529411764706,211.0313725490196,210.03529411764706,-0.015133857727050781
frame327,154.25291828793775,157.14396887159532,150.0817120622568,211.0,211.0,210.0,-0.015818387269973755
frame328,155.33073929961088,157.40856031128405,149.99610894941634,211.34509803921569,210.34509803921569,210.34509803921569,-0.016333311796188354
frame329,155.17509727626458,157.36186770428014,149.99610894941634,211.21960784313725,211.1921568627451,210.21960784313725,-0.015024691820144653
frame330,155.24124513618676,157.33073929961088,149.95719844357976,211.34509803921569,210.34509803921569,210.34509803921569,-0.014366388320922852
frame331,155.0739299610895,157.2373540856031,149.91439688715954,211.21960784313725,211.1921568627451,210.21960784313725,-0.013924211263656616
frame332,155.24124513618676,157.33073929961088,149.95719844357976,211.34509803921569,211.30196078431374,210.34509803921569,-0.013565301895141602
frame333,155.0739299610895,157.2373540856031,149.91439688715954,211.24705882352941,211.21960784313725,210.24705882352941,-0.013193249702453613
frame334,155.24124513618676,157.33073929961088,149.95719844357976,211.38823529411764,211.34509803921569,210.38823529411764,-0.012964069843292236
frame335,155.90272373540856,158.06614785992218,150.7431906614786,211.24705882352941,211.21960784313725,210.24705882352941,-0.008490324020385742
frame336,156.10894941634243,158.19844357976655,151.80155642023345,211.42352941176472,211.3764705882353,210.42352941176472,-0.0035322904586791992
frame337,156.0739299610895,158.2373540856031,151.91439688715954,211.24705882352941,212.1921568627451,211.21960784313725,-0.0033291876316070557
frame338,156.24124513618676,158.33073929961088,151.95719844357976,211.42352941176472,212.3294117647059,211.3764705882353,-0.004064738750457764
frame339,156.90661478599222,159.06614785992218,152.7431906614786,211.21960784313725,212.1921568627451,211.24705882352941,-0.00380823016166687
frame340,156.40077821011673,159.30739299610894,153.30739299610894,211.03529411764706,212.02745098039216,212.0313725490196,-0.0026425421237945557
frame341,156.45525291828793,159.3929961089494,153.3929961089494,211.0,212.0,212.0,-0.0030126869678497314
frame342,157.49027237354085,159.9533073929961,153.9533073929961,211.0313725490196,212.02745098039216,212.0313725490196,-0.0036862194538116455
frame343,157.73151750972764,160.22568093385215,154.22568093385215,211.0,212.0,212.0,-0.0033389627933502197
frame344,157.8443579766537,160.30350194552528,154.30350194552528,211.0313725490196,212.02745098039216,212.0313725490196,-0.0035305917263031006
frame345,158.34241245136187,160.83657587548637,154.83657587548637,211.0,212.0,212.0,-0.0045098960399627686
frame346,159.17509727626458,161.28015564202335,155.28015564202335,211.0313725490196,212.02745098039216,212.0313725490196,-0.006168574094772339
frame347,159.12062256809338,161.22568093385215,155.22568093385215,211.0,212.0,212.0,-0.007865577936172485
frame348,159.17509727626458,161.28015564202335,155.77431906614785,211.0313725490196,212.02745098039216,212.03529411764706,-0.01027446985244751
frame349,159.38910505836577,161.3774319066148,156.3774319066148,211.0,212.0,212.0,-0.013207554817199707
frame350,159.94941634241246,161.9260700389105,156.9260700389105,211.0313725490196,212.02745098039216,213.0313725490196,-0.01634085178375244
frame351,160.2373540856031,162.22568093385215,157.22568093385215,211.0,212.0,213.0,-0.019337087869644165
frame352,160.6887159533074,162.07003891050584,156.62645914396887,211.0,212.0,212.0,-0.02143573760986328
frame353,161.12451361867704,162.55642023346303,157.15953307392996,211.0,212.0,213.0,-0.024883747100830078
frame354,161.28015564202335,162.63813229571986,157.1945525291829,211.0,212.0,213.0,-0.027799129486083984
frame355,161.17509727626458,163.17898832684824,157.70817120622567,211.0,212.0,213.0,-0.031126022338867188
frame356,161.82101167315176,164.09727626459144,158.28793774319067,211.0313725490196,212.02745098039216,213.0313725490196,-0.03381592035293579
frame357,161.61089494163423,163.6147859922179,158.14396887159532,211.0,212.0,213.0,-0.033516913652420044
frame358,161.82101167315176,164.09727626459144,158.28793774319067,210.03529411764706,212.02745098039216,213.0313725490196,-0.03464764356613159
frame359,161.43579766536965,163.91439688715954,158.22178988326849,211.0,212.0,213.0,-0.03429171442985535
frame360,161.62645914396887,164.73151750972764,158.3657587548638,211.0313725490196,212.0313725490196,213.0313725490196,-0.035715341567993164
frame361,161.43579766536965,164.59143968871595,158.22178988326849,211.0,212.0,213.0,-0.036310672760009766
frame362,161.14785992217898,164.34630350194553,158.08560311284046,210.03529411764706,212.0313725490196,213.03529411764706,-0.036312609910964966
frame363,159.38132295719845,162.6770428015564,157.22568093385215,210.0,212.0,213.0,-0.03339183330535889
frame364,158.89494163424123,161.30739299610894,155.86381322957197,210.0,212.0,214.0,-0.031236112117767334
frame365,157.43579766536965,160.1828793774319,154.78599221789884,211.0,213.0,215.0,-0.0299435555934906
frame366,156.03501945525292,158.55252918287937,153.03112840466926,211.0,213.0,215.0,-0.03028729557991028
frame367,154.51750972762645,157.27626459143968,151.79377431906616,210.0,212.0,214.0,-0.030308812856674194
frame368,153.75486381322958,156.27626459143968,150.76653696498053,210.0,212.0,214.0,-0.02941027283668518
frame369,151.52918287937743,154.24513618677042,148.81322957198444,210.0,212.0,214.0,-0.03314530849456787
frame370,150.77821011673151,153.1556420233463,147.75486381322958,209.0,211.0,213.0,-0.04552236199378967
frame371,149.44357976653697,152.14785992217898,147.09338521400778,209.21960784313725,211.1921568627451,213.21960784313725,-0.059215247631073
frame372,147.59143968871595,149.99610894941634,144.6887159533074,209.3764705882353,211.3294117647059,213.3764705882353,-0.0725763738155365
frame373,146.3385214007782,148.9533073929961,143.2023346303502,208.24705882352941,209.24705882352941,212.24705882352941,-0.06912553310394287
frame374,145.568093385214,147.90272373540856,142.31517509727627,209.2235294117647,210.31764705882352,213.27058823529413,-0.046855628490448
frame375,144.2295719844358,146.87548638132296,141.10894941634243,209.08627450980393,210.9764705882353,213.94901960784313,-0.014343440532684326
frame376,134.24902723735408,137.59143968871595,134.27237354085602,217.4470588235294,219.25882352941176,223.25882352941176,-0.00578579306602478
frame377,134.3774319066148,137.75875486381324,133.56420233463035,215.10196078431372,217.10196078431372,221.09411764705882,-0.008698076009750366
frame378,135.14396887159532,138.31517509727627,134.29961089494162,215.10196078431372,217.10196078431372,221.10196078431372,-0.01307031512260437
frame379,136.568093385214,140.21789883268482,134.98054474708172,217.07843137254903,218.08627450980393,222.07843137254903,-0.014588981866836548
frame380,138.19066147859922,141.1400778210117,135.4046692607004,199.26666666666668,201.26666666666668,203.4,-0.00878143310546875
frame381,138.77821011673151,142.21789883268482,136.30739299610894,199.13333333333333,201.31764705882352,203.31764705882352,0.014616847038269043
frame382,140.0466926070039,143.33463035019454,137.46303501945525,198.26666666666668,200.26666666666668,202.26666666666668,0.08592207729816437
frame383,139.73540856031127,143.4396887159533,137.36964980544747,198.8,200.8,202.8,0.34386059641838074
frame384,140.80933852140078,144.44357976653697,138.4396887159533,196.93333333333334,198.93333333333334,199.98823529411766,0.8377492427825928
frame385,141.56420233463035,145.26848249027236,139.19844357976655,195.8470588235294,196.89411764705883,198.89411764705883,0.9963926076889038
frame386,143.6147859922179,147.31906614785993,141.38910505836577,194.98823529411766,196.04313725490195,198.04313725490195,0.9996471405029297
frame387,144.5214007782101,148.31906614785993,142.3501945525292,193.89411764705883,194.94117647058823,196.94117647058823,0.9923198223114014
frame388,146.2295719844358,149.77821011673151,144.33073929961088,192.89411764705883,193.94117647058823,195.89411764705883,0.9785617589950562
frame389,146.96887159533074,150.9533073929961,145.6070038910506,192.521568627451,192.57647058823528,194.54901960784315,0.9795384407043457
frame390,148.19844357976655,152.1556420233463,146.8988326848249,191.94117647058823,192.03529411764706,193.98823529411766,0.991797685623169
frame391,149.62645914396887,153.29182879377433,148.37354085603113,189.57647058823528,190.60392156862744,192.57647058823528,0.9751945734024048
frame392,150.56420233463035,154.20622568093384,148.17120622568095,188.03529411764706,189.08235294117648,190.98823529411766,0.9544603824615479
frame393,150.8443579766537,154.5875486381323,148.57587548638134,187.57647058823528,188.54901960784315,189.57647058823528,0.9233032464981079
frame394,151.0739299610895,154.5214007782101,148.9727626459144,187.03529411764706,187.98823529411766,188.08235294117648,0.8192923069000244
frame395,151.01167315175098,153.75875486381324,148.94941634241246,187.0705882352941,187.9764705882353,188.16470588235293,0.5916746854782104
frame396,151.30350194552528,153.84824902723736,149.295719844358,186.38039215686274,187.31764705882352,187.38039215686274,0.354114830493927
frame397,151.431906614786,154.00389105058366,148.431906614786,188.05882352941177,188.88235294117646,188.23529411764707,0.17182791233062744
frame398,152.73540856031127,155.06614785992218,149.73540856031127,195.38823529411764,195.38823529411764,195.38823529411764,0.06966714560985565
frame399,139.71984435797665,141.24124513618676,134.295719844358,200.31764705882352,200.1921568627451,199.2549019607843,-0.007550865411758423
frame400,140.1673151750973,141.8171206225681,134.77431906614785,199.7843137254902,199.7058823529412,198.7450980392157,0.004743665456771851
frame401,141.15953307392996,142.80933852140078,135.9260700389105,200.12941176470588,200.06666666666666,199.1921568627451,0.038135528564453125
frame402,142.5875486381323,144.2373540856031,137.35408560311285,199.21176470588236,199.2,198.21176470588236,0.07106021046638489
frame403,143.21789883268482,144.83657587548637,138.0,199.21176470588236,199.2,198.21176470588236,0.09377032518386841
frame404,144.31517509727627,145.89494163424123,139.11673151750972,199.21176470588236,199.2,198.21176470588236,0.09858125448226929
frame405,145.96108949416342,148.29961089494162,140.92996108949416,198.8470588235294,198.8,197.8470588235294,0.0938117653131485
frame406,147.07003891050584,148.92217898832683,142.5136186770428,198.98823529411766,198.93333333333334,197.98823529411766,0.09913192689418793
frame407,148.34630350194553,150.26070038910507,144.18677042801556,198.8470588235294,198.8,197.8470588235294,0.14431224763393402
frame408,149.57976653696497,151.33463035019454,145.568093385214,198.04313725490195,197.98823529411766,197.04313725490195,0.2552735209465027
frame409,150.7626459143969,152.40856031128405,146.7626459143969,197.89411764705883,197.8470588235294,196.89411764705883,0.3680448532104492
frame410,151.82101167315176,153.4591439688716,147.82101167315176,197.04313725490195,196.04313725490195,195.98823529411766,0.350468248128891
frame411,152.7626459143969,154.33073929961088,148.7626459143969,196.89411764705883,195.89411764705883,195.8470588235294,0.21087470650672913
frame412,153.80155642023345,155.3579766536965,149.80155642023345,196.9764705882353,196.08627450980393,195.9764705882353,0.09794367849826813
frame413,154.14396887159532,155.5136186770428,150.14396887159532,197.3843137254902,196.3843137254902,196.25882352941176,0.06154853105545044
frame414,154.1673151750973,155.54474708171207,150.1673151750973,198.91764705882352,198.1764705882353,197.91764705882352,0.06092977523803711
frame415,154.3579766536965,155.5875486381323,150.3579766536965,198.39607843137256,197.62745098039215,196.62745098039215,0.06644009053707123
frame416,153.68482490272373,155.01945525291828,149.68482490272373,204.65882352941176,204.25098039215686,203.65882352941176,0.059190958738327026
frame417,139.19844357976655,140.98054474708172,134.52529182879377,212.86274509803923,211.57647058823528,211.86274509803923,0.013103306293487549
frame418,140.88715953307394,141.67315175097275,134.90661478599222,199.7058823529412,199.66666666666666,198.7450980392157,0.13322122395038605
frame419,141.81322957198444,143.00389105058366,136.19844357976655,201.46666666666667,200.46666666666667,199.6392156862745,0.17816248536109924
frame420,143.08560311284046,143.95719844357976,137.3385214007782,200.93333333333334,199.93333333333334,199.04313725490195,0.20058920979499817
frame421,143.5136186770428,144.53696498054475,137.8171206225681,199.8470588235294,199.8,198.8470588235294,0.19511467218399048
frame422,144.71206225680933,145.3774319066148,139.25291828793775,199.93333333333334,198.93333333333334,198.04313725490195,0.1942795217037201
frame423,146.14785992217898,148.03112840466926,140.68093385214007,199.8,198.8,197.89411764705883,0.21818409860134125
frame424,147.5953307392996,148.2295719844358,142.30350194552528,198.98823529411766,198.93333333333334,197.98823529411766,0.250245600938797
frame425,148.5136186770428,149.5330739299611,143.83657587548637,198.8470588235294,198.8,197.8470588235294,0.28658443689346313
frame426,149.97665369649806,150.50194552529183,145.19844357976655,198.04313725490195,197.98823529411766,197.04313725490195,0.3698490560054779
frame427,150.9533073929961,151.74708171206225,146.28793774319067,197.8470588235294,197.8470588235294,196.89411764705883,0.4931732416152954
frame428,152.29182879377433,152.93385214007782,147.5058365758755,197.09803921568627,196.09803921568627,196.09803921568627,0.5468575954437256
frame429,153.2023346303502,154.1011673151751,148.73540856031127,196.8470588235294,195.89411764705883,195.8470588235294,0.3391921818256378
frame430,153.94941634241246,155.2295719844358,149.24124513618676,196.27450980392157,195.27450980392157,195.1607843137255,0.12893666326999664
frame431,154.17898832684824,155.79377431906616,149.8054474708171,196.75686274509803,195.75686274509803,195.61176470588236,0.06677524745464325
frame432,153.6614785992218,155.39688715953307,149.44357976653697,196.4,195.53333333333333,195.4,0.08735349774360657
frame433,153.38132295719845,155.30739299610894,149.31906614785993,197.50196078431372,196.50196078431372,196.31764705882352,0.11518144607543945
frame434,153.6614785992218,155.5603112840467,149.5603112840467,204.25098039215686,203.25098039215686,202.65882352941176,0.11062586307525635
frame435,153.57976653696497,155.5058365758755,149.51750972762645,203.65490196078431,202.65490196078431,202.09411764705882,0.09607942402362823
frame436,153.8326848249027,155.73151750972764,149.73151750972764,204.25098039215686,203.25098039215686,202.65882352941176,0.04959368705749512
frame437,139.25291828793775,141.21789883268482,134.24124513618676,214.19607843137254,212.7764705882353,213.19607843137254,-0.015142589807510376
frame438,140.34241245136187,142.28015564202335,135.37354085603113,206.45098039215685,205.7058823529412,205.07843137254903,-0.012779802083969116
frame439,140.82490272373542,142.7898832684825,135.81322957198444,204.1764705882353,203.65882352941176,202.91764705882352,0.00836983323097229
frame440,142.4863813229572,144.30739299610894,137.57587548638134,201.04313725490195,200.93333333333334,200.04313725490195,0.02751949429512024
frame441,142.95719844357976,144.73929961089493,138.1945525291829,200.8,199.8,198.89411764705883,0.04169726371765137
frame442,144.01167315175098,145.70817120622567,139.24513618677042,199.98823529411766,199.93333333333334,198.98823529411766,0.04917067289352417
frame443,145.01167315175098,146.79377431906616,140.24902723735408,198.89411764705883,198.8470588235294,197.89411764705883,0.05255544185638428
frame444,146.13618677042803,147.8443579766537,141.33073929961088,199.98823529411766,199.93333333333334,198.98823529411766,0.06548970937728882
frame445,147.29182879377433,149.1828793774319,142.6070038910506,198.0,198.0,197.0,0.10434271395206451
frame446,149.14785992217898,151.03112840466926,144.98832684824902,198.0705882352941,198.06666666666666,197.0705882352941,0.18632525205612183
frame447,150.34630350194553,151.9182879377432,146.57198443579767,198.0,198.0,197.0,0.2545595169067383
frame448,151.3229571984436,152.90661478599222,147.4785992217899,197.07450980392156,197.0705882352941,196.07450980392156,0.2999385893344879
frame449,152.74708171206225,153.9260700389105,148.99221789883268,196.521568627451,195.521568627451,195.49411764705883,0.23183104395866394
frame450,152.94163424124514,154.14785992217898,149.12062256809338,196.8470588235294,195.8470588235294,195.8,0.16455605626106262
frame451,154.0,155.05836575875486,150.2101167315175,195.49411764705883,194.521568627451,194.49411764705883,0.18332387506961823
frame452,154.05058365758754,155.1673151750973,150.24513618677042,195.8470588235294,194.89411764705883,194.8470588235294,0.21388188004493713
frame453,154.1284046692607,155.15175097276264,150.25291828793775,194.521568627451,193.521568627451,193.49411764705883,0.21430650353431702
frame454,154.22568093385215,155.23346303501947,150.3501945525292,198.72941176470587,197.9921568627451,197.72941176470587,0.1609318107366562
frame455,154.01167315175098,155.01167315175098,150.0817120622568,199.7450980392157,198.7450980392157,198.4078431372549,0.1177491694688797
frame456,154.0466926070039,156.03891050583658,150.13229571984436,205.96470588235294,204.96470588235294,204.28235294117647,0.06486102938652039
frame457,136.0,136.8443579766537,132.19066147859922,219.0,218.0,218.0,-0.005670338869094849
frame458,137.22178988326849,137.9455252918288,133.37354085603113,203.47058823529412,203.0235294117647,202.47058823529412,0.00997135043144226
frame459,138.72373540856032,139.40856031128405,135.295719844358,203.0,202.6,202.0,0.04981830716133118
frame460,140.19844357976655,141.33073929961088,137.2295719844358,199.98823529411766,199.93333333333334,199.04313725490195,0.09615777432918549
frame461,141.1673151750973,142.1400778210117,137.86381322957197,199.8470588235294,199.8,198.8470588235294,0.13194312155246735
frame462,141.6498054474708,142.55252918287937,138.77821011673151,199.04313725490195,198.98823529411766,198.09803921568627,0.12931761145591736
frame463,142.99610894941634,143.75486381322958,140.1284046692607,198.89411764705883,198.8470588235294,197.94117647058823,0.09588350355625153
frame464,144.6147859922179,146.00389105058366,142.05836575875486,199.04313725490195,198.98823529411766,198.04313725490195,0.09181173145771027
frame465,145.7976653696498,147.284046692607,143.13618677042803,198.89411764705883,198.8470588235294,197.89411764705883,0.11248408257961273
frame466,147.17898832684824,148.4513618677043,144.47470817120623,198.98823529411766,198.93333333333334,197.98823529411766,0.1856609284877777
frame467,148.4591439688716,149.47470817120623,145.8443579766537,197.89411764705883,197.8470588235294,196.89411764705883,0.2784337103366852
frame468,149.63035019455253,151.2568093385214,147.42412451361866,198.04313725490195,197.98823529411766,197.04313725490195,0.3691607117652893
frame469,150.77821011673151,152.15953307392996,148.4941634241245,196.89411764705883,195.89411764705883,195.8470588235294,0.5437409281730652
frame470,152.3112840466926,153.3501945525292,149.43579766536965,197.04313725490195,196.04313725490195,195.98823529411766,0.5371954441070557
frame471,152.65369649805447,153.68482490272373,149.96887159533074,196.2,195.26666666666668,195.2,0.5301219820976257
frame472,152.59922178988327,153.88715953307394,149.51750972762645,195.53333333333333,194.66666666666666,193.66666666666666,0.5094681978225708
frame473,152.704280155642,154.1011673151751,149.27237354085602,196.50196078431372,195.68627450980392,194.68627450980392,0.4789256453514099
frame474,153.03891050583658,154.36964980544747,149.67315175097275,195.53333333333333,194.53333333333333,194.4,0.3880137503147125
frame475,152.88715953307394,154.18677042801556,149.68482490272373,196.50196078431372,195.50196078431372,195.31764705882352,0.2812240421772003
frame476,153.24902723735408,154.42023346303503,150.01167315175098,195.4,194.53333333333333,193.53333333333333,0.184331476688385
frame477,153.13618677042803,154.26848249027236,150.0739299610895,202.65490196078431,202.2156862745098,201.65490196078431,0.07300224900245667
frame478,153.24902723735408,154.42023346303503,150.01167315175098,202.65882352941176,202.25098039215686,201.65882352941176,0.02354779839515686
frame479,153.3579766536965,154.50972762645915,149.94941634241246,211.0,211.0,210.0,-0.00342676043510437
frame480,130.2295719844358,131.49805447470817,130.44747081712063,220.0,218.0,219.0,-0.032763898372650146
frame481,130.13229571984436,132.11673151750972,130.40077821011673,209.4313725490196,208.90980392156862,208.4313725490196,-0.03254386782646179
frame482,132.7626459143969,133.7976653696498,132.80933852140078,206.37254901960785,205.63529411764705,205.37254901960785,-0.016696512699127197
frame483,134.1284046692607,135.35408560311285,134.7898832684825,203.12941176470588,202.8,202.12941176470588,-0.002918034791946411
frame484,135.66536964980546,137.27237354085602,136.01945525291828,200.86666666666667,199.86666666666667,198.9686274509804,0.005317986011505127
frame485,136.00778210116732,138.32684824902725,137.30350194552528,200.8,199.8,198.89411764705883,0.01264268159866333
frame486,137.76653696498053,140.4785992217899,139.82101167315176,199.91764705882352,199.86666666666667,198.9686274509804,0.020819008350372314
frame487,138.7704280155642,141.17509727626458,140.82879377431905,199.49411764705883,199.46666666666667,198.49411764705883,0.030149847269058228
frame488,140.33463035019454,142.6770428015564,142.4863813229572,199.8470588235294,199.8,198.8470588235294,0.03652963042259216
frame489,141.05058365758754,143.83657587548637,143.57587548638134,198.521568627451,198.49411764705883,197.54901960784315,0.04106932878494263
frame490,143.30739299610894,145.05058365758754,144.6770428015564,198.07450980392156,198.0705882352941,197.07450980392156,0.05205455422401428
frame491,144.07782101167317,146.04280155642024,145.70038910505838,198.0,198.0,197.0,0.07631328701972961
frame492,145.6147859922179,147.60311284046693,147.71984435797665,198.07450980392156,198.0705882352941,197.07450980392156,0.17006798088550568
frame493,146.284046692607,148.72762645914398,148.55642023346303,197.521568627451,197.49411764705883,196.521568627451,0.448530912399292
frame494,147.11673151750972,149.18677042801556,149.3385214007782,196.89411764705883,195.94117647058823,195.94117647058823,0.891399621963501
frame495,148.44357976653697,150.01945525291828,150.45525291828793,197.26666666666668,196.26666666666668,196.2,0.9541072845458984
frame496,149.42023346303503,150.09727626459144,150.50972762645915,197.2,196.26666666666668,196.2,0.9822076559066772
frame497,148.99610894941634,150.01167315175098,150.09727626459144,196.2,195.26666666666668,195.2,0.9918018579483032
frame498,150.50972762645915,150.87548638132296,151.25291828793775,196.53333333333333,195.66666666666666,195.53333333333333,0.9943170547485352
frame499,150.27237354085602,150.99610894941634,151.03501945525292,197.50196078431372,195.87058823529412,195.68627450980392,0.9789705276489258
frame500,150.7626459143969,151.2023346303502,151.49027237354085,196.53333333333333,194.8,194.66666666666666,0.9489068984985352
frame501,150.3229571984436,151.26070038910507,151.3112840466926,212.0,211.0,211.0,0.9317516088485718
frame502,150.88326848249028,152.07003891050584,152.4863813229572,207.79607843137254,206.62745098039215,206.62745098039215,0.858428955078125
frame503,150.1828793774319,152.2568093385214,151.31517509727627,207.15686274509804,206.15686274509804,206.15686274509804,0.7369993925094604
frame504,150.36186770428014,152.31906614785993,151.77821011673151,211.0,210.0,210.0,0.5851253271102905
frame505,150.50972762645915,151.98054474708172,152.4941634241245,211.0,211.0,210.0,0.2827640175819397
frame506,150.69649805447472,151.55252918287937,152.44747081712063,210.0,210.0,209.0,0.03572368621826172
frame507,150.31517509727627,151.5214007782101,152.4591439688716,210.0,209.0,209.0,-0.015521317720413208
frame508,151.08949416342412,151.29961089494162,152.3852140077821,209.0,208.0,208.0,-0.028107643127441406
frame509,150.98832684824902,152.52918287937743,153.38132295719845,209.0,208.0,208.0,-0.03438028693199158
frame510,150.51750972762645,151.8054474708171,153.01167315175098,209.0,208.0,208.0,-0.03517916798591614
frame511,150.16342412451363,152.05058365758754,153.01945525291828,209.0,208.0,208.0,-0.03730234503746033
frame512,150.50194552529183,151.84046692607004,153.05836575875486,208.0,207.0,207.0,-0.039045095443725586
frame513,150.4513618677043,152.03891050583658,153.36964980544747,208.0,207.0,207.0,-0.04008924961090088
frame514,151.3229571984436,152.68482490272373,152.94941634241246,207.42352941176472,206.42352941176472,206.42352941176472,-0.04149883985519409
frame515,151.04280155642024,152.60311284046693,153.0466926070039,207.24705882352941,206.24705882352941,206.24705882352941,-0.041381627321243286
frame516,151.3229571984436,152.68482490272373,152.94941634241246,206.47058823529412,205.47058823529412,205.47058823529412,-0.04231470823287964
frame517,151.04280155642024,152.60311284046693,153.0466926070039,207.21960784313725,206.24705882352941,206.24705882352941,-0.04244157671928406
frame518,151.37354085603113,152.71206225680933,152.97665369649806,206.42352941176472,205.47058823529412,205.47058823529412,-0.04352566599845886
frame519,151.11284046692606,152.6498054474708,153.09338521400778,207.21960784313725,206.24705882352941,206.24705882352941,-0.04257705807685852
frame520,151.50194552529183,152.84046692607004,152.6420233463035,207.3764705882353,206.42352941176472,206.42352941176472,-0.0401950478553772
frame521,151.22178988326849,152.75875486381324,153.2023346303502,207.21960784313725,206.24705882352941,206.24705882352941,-0.04303905367851257
frame522,151.7898832684825,153.1284046692607,153.2101167315175,207.42352941176472,206.47058823529412,206.47058823529412,-0.04282146692276001
frame523,151.51750972762645,153.04280155642024,153.54474708171207,207.30196078431374,206.30196078431374,206.30196078431374,-0.04260683059692383
frame524,151.7898832684825,153.1284046692607,153.44747081712063,207.56470588235294,206.56470588235294,206.56470588235294,-0.04279109835624695
frame525,151.26070038910507,152.78599221789884,153.28793774319067,208.3294117647059,207.3294117647059,207.3294117647059,-0.04201653599739075
frame526,151.14785992217898,152.73929961089493,152.97665369649806,208.65882352941176,207.65882352941176,207.61176470588236,-0.04249921441078186
frame527,150.3929961089494,152.80933852140078,152.6614785992218,209.35686274509803,208.35686274509803,208.3294117647059,-0.04217377305030823
frame528,150.66536964980546,152.9260700389105,152.64591439688715,209.56470588235294,208.61176470588236,208.56470588235294,-0.043161749839782715
frame529,150.3929961089494,152.80933852140078,152.6614785992218,209.3843137254902,208.3843137254902,208.35686274509803,-0.04272398352622986
frame530,150.82101167315176,152.6342412451362,152.68093385214007,210.5607843137255,210.51764705882354,209.51764705882354,-0.04225403070449829
frame531,150.5408560311284,152.46303501945525,152.6887159533074,210.35686274509803,210.3294117647059,209.3294117647059,-0.04250970482826233
frame532,150.82101167315176,152.6342412451362,152.68093385214007,210.5607843137255,210.51764705882354,209.51764705882354,-0.042689889669418335
frame533,150.3385214007782,152.26070038910507,152.4863813229572,210.3294117647059,210.3294117647059,209.3294117647059,-0.041878968477249146
frame534,150.30350194552528,152.11673151750972,152.17509727626458,210.51764705882354,210.51764705882354,209.51764705882354,-0.04136595129966736
frame535,150.06225680933852,151.98443579766536,152.2101167315175,210.35686274509803,210.35686274509803,209.35686274509803,-0.04092898964881897
frame536,150.30350194552528,152.11673151750972,152.17509727626458,210.60392156862744,210.5607843137255,209.5607843137255,-0.04099756479263306
frame537,150.06225680933852,151.98443579766536,152.2101167315175,211.3294117647059,211.3294117647059,210.3294117647059,-0.04129645228385925
frame538,149.8326848249027,151.44747081712063,151.89105058365757,211.0,211.0,210.0,-0.041614025831222534
frame539,149.37354085603113,151.15953307392996,151.568093385214,211.0,211.0,210.0,-0.041931211948394775
frame540,150.8443579766537,151.25291828793775,151.71984435797665,211.0,211.0,210.0,-0.04120582342147827
frame541,150.52529182879377,150.95719844357976,151.44357976653697,211.0,211.0,210.0,-0.040311187505722046
frame542,150.70817120622567,150.92217898832683,151.44357976653697,211.0,211.0,210.0,-0.039640992879867554
frame543,150.26070038910507,150.57198443579767,151.01945525291828,211.0,211.0,210.0,-0.03680756688117981
frame544,150.53696498054475,150.78599221789884,151.21789883268482,211.0,211.0,210.0,-0.018901914358139038
frame545,150.26070038910507,150.57198443579767,151.01945525291828,211.0,211.0,210.0,0.022377222776412964
frame546,150.53696498054475,150.78599221789884,151.26070038910507,211.0,211.0,210.0,0.13058049976825714
frame547,150.26070038910507,150.57198443579767,151.01945525291828,211.0,211.0,210.0,0.30092570185661316
frame548,150.57976653696497,150.8715953307393,151.30350194552528,211.0,211.0,210.0,0.551055371761322
frame549,149.30350194552528,149.87548638132296,149.77821011673151,211.0,211.0,210.0,0.8648998737335205
frame550,147.8599221789883,150.3385214007782,151.8988326848249,211.0,211.0,210.0,0.9460757970809937
frame551,147.6225680933852,150.01945525291828,152.07782101167317,211.0,211.0,210.0,0.9627138376235962
frame552,147.86381322957197,150.33073929961088,151.89494163424123,211.0,211.0,210.0,0.9673120975494385
frame553,147.6420233463035,149.98054474708172,152.05836575875486,211.0,211.0,210.0,0.9692443609237671
frame554,147.86381322957197,150.33073929961088,151.8715953307393,211.0,211.0,210.0,0.9699109792709351
frame555,147.5330739299611,149.89494163424123,151.73540856031127,211.0,211.0,210.0,0.9703177213668823
frame556,147.75875486381324,150.23346303501947,151.77821011673151,211.0,210.0,209.0,0.9715046882629395
frame557,147.0466926070039,149.4785992217899,151.03501945525292,211.0,210.0,209.0,0.9715026617050171
frame558,146.30739299610894,148.84824902723736,150.06614785992218,210.04313725490195,208.04313725490195,208.04313725490195,0.971387505531311
frame559,145.0466926070039,147.4785992217899,149.03501945525292,209.30196078431374,208.27450980392157,208.27450980392157,0.9720898866653442
frame560,144.30739299610894,146.84046692607004,148.06614785992218,209.51764705882354,208.47058823529412,208.47058823529412,0.9740265607833862
frame561,143.00778210116732,145.4785992217899,146.9533073929961,209.27450980392157,208.24705882352941,208.24705882352941,0.9784011840820312
frame562,142.6147859922179,145.0272373540856,146.71206225680933,207.49411764705883,206.49411764705883,206.49411764705883,0.978367805480957
frame563,141.17120622568095,143.6147859922179,145.4124513618677,207.3764705882353,206.42352941176472,206.42352941176472,0.9868892431259155
frame564,139.4941634241245,142.1673151750973,143.4941634241245,207.5607843137255,206.5607843137255,206.5607843137255,1.0004831552505493
frame565,138.431906614786,140.88326848249028,142.5214007782101,207.3294117647059,206.3764705882353,206.3294117647059,1.0081536769866943
frame566,137.46303501945525,140.13618677042803,141.3852140077821,207.9294117647059,207.01176470588234,206.9294117647059,1.0156291723251343
frame567,136.30739299610894,139.12062256809338,140.70038910505838,207.65882352941176,207.6313725490196,207.31764705882352,1.021347165107727
frame568,135.0,137.90661478599222,139.1556420233463,207.4313725490196,207.3843137254902,207.08235294117648,1.0298115015029907
frame569,132.65369649805447,136.41634241245137,137.65369649805447,213.94117647058823,213.89411764705883,212.89411764705883,1.0450241565704346
frame570,119.88715953307393,124.12451361867704,125.06614785992218,220.14117647058825,219.1529411764706,219.1529411764706,1.094401240348816
frame571,120.6964980544747,124.98054474708171,125.92996108949416,220.0,219.0,219.0,1.1830805540084839
frame572,121.95719844357977,126.13618677042801,127.1011673151751,220.0,219.0,219.0,1.3642714023590088
frame573,123.03501945525292,126.98054474708171,128.85214007782102,212.94117647058823,212.2941176470588,211.94117647058823,1.6021207571029663
frame574,124.8171206225681,129.0,130.57587548638134,202.98039215686273,201.98039215686273,201.98039215686273,1.8049250841140747
frame575,125.54863813229572,130.0,132.3229571984436,200.63529411764705,200.6,199.63529411764705,1.9373178482055664
frame576,127.44747081712062,131.704280155642,133.12062256809338,200.89411764705883,200.8,199.8470588235294,1.967727541923523
frame577,128.5136186770428,131.9533073929961,133.89105058365757,200.8,200.75294117647059,199.8,2.0050535202026367
frame578,129.63035019455253,133.1556420233463,134.76653696498053,199.98823529411766,199.93333333333334,198.98823529411766,2.044142246246338
frame579,130.26070038910507,133.77821011673151,135.37354085603113,199.8470588235294,199.8,198.8470588235294,2.075407028198242
frame580,133.1945525291829,136.5953307392996,138.03112840466926,199.98823529411766,199.93333333333334,198.98823529411766,2.148378849029541
frame581,133.75097276264592,137.30350194552528,138.99610894941634,198.89411764705883,198.8470588235294,197.89411764705883,2.9010519981384277
frame582,135.1945525291829,138.8054474708171,140.05058365758754,199.04313725490195,198.98823529411766,198.04313725490195,3.1633670330047607
frame583,136.2373540856031,139.75486381322958,141.27626459143968,198.521568627451,198.49411764705883,197.521568627451,3.162219524383545
frame584,138.33073929961088,141.78599221789884,142.6342412451362,197.89411764705883,197.8470588235294,196.89411764705883,3.1050729751586914
frame585,139.28015564202335,142.50194552529183,143.84046692607004,197.49411764705883,197.49411764705883,196.521568627451,2.7975962162017822
frame586,140.3657587548638,143.9727626459144,145.12451361867704,196.8470588235294,195.89411764705883,195.8470588235294,1.9622488021850586
frame587,140.33463035019454,144.27626459143968,146.17509727626458,196.49411764705883,195.521568627451,195.49411764705883,1.186296820640564
frame588,141.24902723735408,145.21400778210116,146.7976653696498,198.6,197.8,197.6,0.9544229507446289
frame589,141.09338521400778,144.6887159533074,145.90272373540856,198.14117647058825,197.41176470588235,196.41176470588235,0.9506052732467651
frame590,141.4863813229572,145.33073929961088,146.27237354085602,198.29019607843136,197.5686274509804,197.29019607843136,0.9707378149032593
frame591,141.3579766536965,145.21400778210116,146.431906614786,203.65490196078431,203.2156862745098,202.65490196078431,0.979517936706543
frame592,141.82490272373542,145.61089494163423,146.6225680933852,204.25098039215686,203.25098039215686,202.65882352941176,0.9810866117477417
frame593,142.3501945525292,146.0739299610895,147.295719844358,203.09411764705882,202.65490196078431,202.09411764705882,0.9830107688903809
frame594,142.73929961089493,146.36964980544747,147.4046692607004,203.65882352941176,203.25098039215686,202.65882352941176,0.9837732315063477
frame595,142.0272373540856,145.78210116731518,147.57976653696497,202.65490196078431,202.2156862745098,201.65490196078431,0.9841630458831787
frame596,142.64591439688715,146.27626459143968,147.50194552529183,203.25098039215686,202.84313725490196,201.84313725490196,0.9845324754714966
frame597,142.72762645914398,146.43579766536965,147.55642023346303,210.0,210.0,209.0,0.9865280389785767
frame598,143.27626459143968,146.90661478599222,148.2568093385214,211.0,210.0,209.0,0.9859071969985962
frame599,143.65758754863813,147.11673151750972,148.9260700389105,210.0,210.0,209.0,0.9885553121566772
frame600,144.30350194552528,147.73151750972764,149.3112840466926,210.0,210.0,209.0,0.9901795387268066
frame601,143.5330739299611,147.21400778210116,148.50194552529183,210.0,208.0,208.0,0.9905798435211182
frame602,142.6614785992218,146.51750972762645,147.49027237354085,209.0,208.0,208.0,0.9901413917541504
frame603,142.34241245136187,146.29961089494162,147.49805447470817,209.0,208.0,208.0,0.9881433248519897
frame604,142.71984435797665,146.57587548638134,147.5486381322957,209.0,208.0,208.0,0.9868490695953369
frame605,142.34241245136187,146.29961089494162,147.50972762645915,208.0,207.0,207.0,0.9852685928344727
frame606,142.72373540856032,146.57587548638134,147.5408560311284,208.0,207.0,207.0,0.9843177795410156
frame607,142.36186770428014,146.29961089494162,147.50194552529183,209.0,207.0,207.0,0.9847023487091064
frame608,142.79377431906616,146.68093385214007,147.7976653696498,209.0,207.0,207.0,0.9845725297927856
frame609,142.47081712062257,146.4396887159533,147.7704280155642,209.0,207.0,207.0,0.9850363731384277
frame610,142.83657587548637,146.73540856031127,147.87937743190662,209.0,207.0,207.0,0.9851585626602173
frame611,142.47081712062257,146.4396887159533,147.7704280155642,209.0,207.0,207.0,0.985210657119751
frame612,142.8326848249027,146.73151750972764,147.87548638132296,209.0,207.0,207.0,0.9844704866409302
frame613,142.89105058365757,146.56420233463035,147.91050583657588,208.0,206.0,206.0,0.9843975305557251
frame614,143.10894941634243,146.67315175097275,147.80933852140078,209.0,207.0,207.0,0.9844262599945068
frame615,142.89105058365757,146.56420233463035,147.91050583657588,209.0,207.0,207.0,0.9845480918884277
frame616,143.10894941634243,146.67315175097275,147.80933852140078,209.0,207.0,207.0,0.9852824211120605
frame617,142.89105058365757,146.56420233463035,147.91050583657588,209.0,207.0,207.0,0.9846776723861694
frame618,143.10894941634243,146.67315175097275,147.80933852140078,208.0,207.0,207.0,0.9841369390487671
frame619,142.89105058365757,146.56420233463035,147.91050583657588,208.0,207.0,207.0,0.9841724634170532
frame620,143.1284046692607,146.67315175097275,147.7704280155642,208.0,207.0,207.0,0.9846020936965942
frame621,142.92217898832683,146.56420233463035,147.84824902723736,208.0,207.0,207.0,0.9851844310760498
frame622,143.1284046692607,146.67315175097275,147.7704280155642,208.0,207.0,207.0,0.9849703311920166
frame623,142.92217898832683,146.56420233463035,147.84824902723736,208.0,207.0,207.0,0.9847431182861328
frame624,143.1284046692607,146.67315175097275,147.7704280155642,208.0,207.0,207.0,0.9844224452972412
frame625,142.98443579766536,146.68093385214007,148.03891050583658,209.0313725490196,207.03529411764706,207.03529411764706,0.9846105575561523
frame626,143.3112840466926,146.9533073929961,148.12062256809338,209.09411764705882,207.10588235294117,207.10588235294117,0.9846937656402588
frame627,142.98443579766536,146.68093385214007,148.03891050583658,209.0313725490196,207.03529411764706,207.03529411764706,0.9845733642578125
frame628,143.3112840466926,146.99221789883268,148.12062256809338,209.09411764705882,207.10588235294117,207.10588235294117,0.9845649003982544
frame629,142.98443579766536,146.68093385214007,148.03891050583658,209.0313725490196,207.03529411764706,207.03529411764706,0.9847092628479004
frame630,143.3112840466926,146.9533073929961,148.12062256809338,209.09411764705882,207.10588235294117,207.10588235294117,0.984688401222229
frame631,142.98443579766536,146.68093385214007,148.03891050583658,209.0313725490196,207.03529411764706,207.03529411764706,0.9848496913909912
frame632,143.3501945525292,146.9533073929961,148.04280155642024,209.09411764705882,207.10588235294117,207.10588235294117,0.9846264123916626
frame633,143.0544747081712,146.68093385214007,147.8988326848249,208.03529411764706,207.03529411764706,207.03529411764706,0.9846839904785156
frame634,143.3501945525292,146.9533073929961,148.04280155642024,208.10588235294117,207.10588235294117,207.10588235294117,0.9844070672988892
frame635,143.0544747081712,146.68093385214007,147.8988326848249,208.03529411764706,207.03529411764706,207.03529411764706,0.9846231937408447
frame636,143.3501945525292,146.9533073929961,148.04280155642024,208.10588235294117,207.10588235294117,207.10588235294117,0.9843286275863647
frame637,142.98443579766536,146.65758754863813,148.01556420233464,209.0313725490196,207.03529411764706,207.03529411764706,0.9849005937576294
frame638,143.3929961089494,146.97665369649806,148.06614785992218,209.09411764705882,207.10588235294117,207.10588235294117,0.9846631288528442
frame639,143.07782101167317,146.73151750972764,148.01556420233464,209.0313725490196,207.03529411764706,207.03529411764706,0.9849010705947876
frame640,143.3929961089494,146.93774319066148,148.06614785992218,209.09411764705882,207.10588235294117,207.10588235294117,0.984599232673645
frame641,143.07782101167317,146.71984435797665,148.01556420233464,209.0313725490196,207.03529411764706,207.03529411764706,0.9847636222839355
frame642,143.3929961089494,146.93774319066148,148.06614785992218,209.11764705882354,207.11764705882354,207.11764705882354,0.9844605922698975
frame643,143.03891050583658,146.74708171206225,148.2023346303502,209.0313725490196,207.03529411764706,207.03529411764706,0.9846310615539551
frame644,143.31517509727627,146.9182879377432,148.19066147859922,209.09411764705882,207.10588235294117,207.10588235294117,0.98431396484375
frame645,143.0466926070039,146.704280155642,148.24902723735408,209.0392156862745,207.0392156862745,207.0392156862745,0.9843195676803589
frame646,143.3112840466926,146.88715953307394,148.21400778210116,209.11764705882354,207.11764705882354,207.11764705882354,0.9843013286590576
frame647,143.0466926070039,146.704280155642,148.24902723735408,209.0392156862745,207.0392156862745,207.0392156862745,0.9843446016311646
frame648,143.3112840466926,146.88715953307394,148.21400778210116,209.11764705882354,207.11764705882354,207.11764705882354,0.9843432903289795
frame649,141.92996108949416,145.59143968871595,146.69260700389106,209.0,208.0,208.0,0.9873155355453491
frame650,141.30350194552528,144.84824902723736,145.87548638132296,209.0,208.0,208.0,0.9889856576919556
frame651,139.87937743190662,143.5214007782101,143.8054474708171,209.0,208.0,208.0,0.9955302476882935
frame652,139.30350194552528,142.78599221789884,143.25291828793775,209.11764705882354,208.10588235294117,208.10588235294117,0.9990686178207397
frame653,137.87937743190662,141.5214007782101,141.8054474708171,209.0392156862745,208.03529411764706,208.03529411764706,1.0042554140090942
frame654,137.01556420233464,140.78599221789884,140.93774319066148,209.10588235294117,208.10588235294117,208.10588235294117,1.0104933977127075
frame655,135.87937743190662,139.5214007782101,139.8054474708171,209.0392156862745,208.03529411764706,208.03529411764706,1.0177571773529053
frame656,135.29961089494162,138.38910505836577,138.93774319066148,209.11764705882354,208.10588235294117,208.10588235294117,1.0250790119171143
frame657,133.4124513618677,137.0544747081712,137.3929961089494,209.0392156862745,208.03529411764706,208.03529411764706,1.0376574993133545
frame658,131.7898832684825,136.21400778210116,136.96108949416342,209.10588235294117,208.10588235294117,208.10588235294117,1.0585025548934937
frame659,131.4124513618677,135.67315175097275,136.01167315175098,209.9607843137255,208.9607843137255,208.9607843137255,1.0934247970581055
frame660,130.26070038910507,134.34241245136187,135.03891050583658,209.5686274509804,207.72549019607843,208.5686274509804,1.1602803468704224
frame661,128.52529182879377,132.4785992217899,133.03112840466926,211.34509803921569,210.29019607843136,210.81176470588235,1.298451542854309
frame662,118.12062256809338,123.28015564202335,123.85992217898833,220.0,218.0,219.0,1.4595047235488892
frame663,118.95719844357977,124.2023346303502,124.65758754863813,220.0,219.0,220.0,1.647916555404663
frame664,119.91439688715953,125.2023346303502,125.42412451361868,218.58823529411765,217.65882352941176,217.58823529411765,1.8155665397644043
frame665,120.83657587548637,126.2295719844358,126.42412451361868,213.85882352941175,213.12941176470588,212.85882352941175,1.9266287088394165
frame666,122.60311284046692,127.8249027237354,128.22568093385215,206.63529411764705,206.26666666666668,205.63529411764705,1.9993617534637451
frame667,123.45136186770428,128.47470817120623,129.08949416342412,203.50196078431372,203.13333333333333,202.31764705882352,2.087127208709717
frame668,124.77431906614785,129.89105058365757,130.42023346303503,200.81960784313725,200.73333333333332,199.7764705882353,2.9095284938812256
frame669,126.42801556420234,131.4124513618677,133.0,201.78823529411764,201.6,200.69411764705882,3.094451665878296
frame670,127.91828793774319,132.19066147859922,134.0739299610895,200.6235294117647,200.53333333333333,199.6235294117647,3.109591245651245
frame671,128.93774319066148,133.31517509727627,136.14785992217898,200.69411764705882,200.6,199.69411764705882,3.0921757221221924
frame672,129.4124513618677,134.33463035019454,136.91050583657588,200.53333333333333,200.53333333333333,199.6235294117647,3.0904300212860107
frame673,131.07782101167317,135.33463035019454,138.75486381322958,199.78823529411764,199.69411764705882,198.78823529411764,3.1231985092163086
frame674,133.0466926070039,136.75097276264592,140.50972762645915,199.6235294117647,199.6235294117647,198.71372549019608,3.1247317790985107
frame675,133.63035019455253,137.19066147859922,140.83657587548637,199.69411764705882,199.69411764705882,198.78823529411764,3.0871033668518066
frame676,136.84046692607004,142.06614785992218,146.77821011673151,196.8470588235294,195.89411764705883,195.8470588235294,2.66117000579834
frame677,119.98832684824903,126.06225680933852,128.98832684824902,206.13725490196077,205.42352941176472,205.13725490196077,2.1502065658569336
frame678,121.24513618677042,127.31906614785993,131.28015564202335,202.09803921568627,201.88235294117646,201.31372549019608,1.856712818145752
frame679,123.2568093385214,128.9533073929961,132.97665369649806,204.1529411764706,203.86666666666667,203.4392156862745,1.8530975580215454
frame680,124.19844357976653,129.99610894941634,133.69649805447472,201.8235294117647,201.66666666666666,200.8235294117647,1.9360309839248657
frame681,125.26070038910505,130.9533073929961,134.97665369649806,198.2235294117647,198.21176470588236,197.23529411764707,2.073866367340088
frame682,126.87937743190662,131.704280155642,135.57198443579767,197.89411764705883,197.8470588235294,196.89411764705883,2.2235679626464844
frame683,127.36186770428016,132.57198443579767,136.31517509727627,198.49411764705883,198.46666666666667,197.49411764705883,2.35579514503479
frame684,128.85214007782102,133.73540856031127,137.57198443579767,197.89411764705883,197.8470588235294,196.89411764705883,2.509167194366455
frame685,131.02334630350194,135.31517509727627,138.68482490272373,197.521568627451,197.49411764705883,196.521568627451,2.6787078380584717
frame686,132.73151750972764,136.7431906614786,141.10894941634243,197.8470588235294,197.8,196.8,2.656623125076294
frame687,133.66926070038912,137.9727626459144,142.05058365758754,196.521568627451,195.521568627451,195.49411764705883,2.613121271133423
frame688,134.94163424124514,139.08560311284046,143.6498054474708,196.89411764705883,195.89411764705883,195.8470588235294,2.4959986209869385
frame689,136.44357976653697,140.85603112840468,145.4591439688716,197.61176470588236,196.75686274509803,196.61176470588236,2.316051721572876
frame690,136.87548638132296,141.4046692607004,145.48249027237355,196.30980392156863,194.5529411764706,194.4313725490196,2.182178497314453
frame691,137.2295719844358,141.70038910505838,146.22178988326849,197.50196078431372,196.50196078431372,196.31764705882352,1.9736931324005127
frame692,137.6147859922179,142.04280155642024,146.69649805447472,196.4,195.53333333333333,195.4,1.6691677570343018
frame693,137.40856031128405,141.73151750972764,145.7704280155642,196.50196078431372,195.68627450980392,195.50196078431372,1.3211302757263184
frame694,137.86381322957197,142.96108949416342,146.9727626459144,206.96470588235294,206.79607843137254,205.79607843137254,1.0503309965133667
frame695,137.76653696498053,143.5408560311284,148.9533073929961,207.34901960784313,206.34901960784313,205.54117647058823,0.9723045825958252
frame696,138.00778210116732,143.48249027237355,148.38910505836577,211.0,210.0,209.0,0.9767739772796631
frame697,137.84046692607004,143.46303501945525,148.568093385214,210.0,208.0,208.0,0.9779845476150513
frame698,138.2023346303502,143.66536964980546,148.56420233463035,209.0,208.0,208.0,0.9798951148986816
frame699,138.1828793774319,143.47470817120623,148.22178988326849,209.0,208.0,208.0,0.9807685613632202
frame700,138.96108949416342,143.97665369649806,148.67315175097275,209.0,208.0,208.0,0.9809126853942871
frame701,138.76653696498053,143.6498054474708,148.3657587548638,209.0,207.0,207.0,0.9819134473800659
frame702,139.61089494163423,144.13229571984436,149.10894941634243,209.0,207.0,207.0,0.9840140342712402
frame703,138.96887159533074,143.63035019455253,148.3112840466926,209.0,207.0,207.0,0.986600399017334
frame704,135.58365758754863,139.32684824902725,141.94163424124514,207.09411764705882,206.10588235294117,206.10588235294117,1.001357913017273
frame705,133.7431906614786,137.9260700389105,140.25291828793775,207.0313725490196,206.03529411764706,206.03529411764706,1.0119740962982178
frame706,133.36186770428014,137.10505836575877,139.68093385214007,207.10588235294117,206.10588235294117,206.10588235294117,1.016990303993225
frame707,131.6070038910506,135.7898832684825,137.99610894941634,207.0313725490196,206.03529411764706,206.03529411764706,1.0279556512832642
frame708,130.77431906614785,135.10505836575877,137.3852140077821,207.09411764705882,205.11764705882354,206.10588235294117,1.0430409908294678
frame709,128.99221789883268,133.9260700389105,136.13229571984436,207.10588235294117,205.10980392156864,205.10588235294117,1.079067349433899
frame710,128.45525291828793,133.19844357976655,135.4785992217899,208.24705882352941,206.47058823529412,206.6705882352941,1.149755835533142
frame711,119.32295719844358,124.08171206225681,125.44357976653697,217.66666666666666,216.73333333333332,217.6,1.2684671878814697
frame712,120.77431906614785,125.80933852140078,126.1556420233463,205.57647058823528,204.8549019607843,204.57647058823528,1.4170442819595337
frame713,121.54863813229572,126.715953307393,127.16731517509727,203.72941176470587,203.46666666666667,202.72941176470587,1.582443118095398
frame714,124.1284046692607,128.17898832684824,129.6614785992218,202.74117647058824,202.53333333333333,201.74117647058824,1.7440687417984009
frame715,125.3307392996109,129.36186770428014,131.00778210116732,200.83529411764707,200.73333333333332,199.93725490196078,1.8643394708633423
frame716,126.1556420233463,130.3385214007782,131.99221789883268,199.2,198.2,197.2235294117647,1.9521379470825195
frame717,127.1011673151751,131.15175097276264,132.8171206225681,199.06666666666666,198.06666666666666,197.07450980392156,2.0102789402008057
frame718,128.63813229571986,132.68093385214007,134.74708171206225,198.21176470588236,198.2,197.21176470588236,2.056391477584839
frame719,129.92217898832683,134.1673151750973,136.48249027237355,197.521568627451,197.49411764705883,196.521568627451,2.1073639392852783
frame720,130.88326848249028,135.18677042801556,136.99610894941634,197.2235294117647,197.21176470588236,196.2235294117647,2.2120819091796875
frame721,131.88326848249028,136.1556420233463,137.89105058365757,197.07450980392156,197.0705882352941,196.07450980392156,2.8019328117370605
frame722,133.78210116731518,138.0466926070039,140.0739299610895,196.23529411764707,195.23529411764707,195.23529411764707,3.114480495452881
frame723,134.84046692607004,139.09338521400778,141.59922178988327,196.07450980392156,195.07450980392156,195.0705882352941,3.1462020874023438
frame724,136.9182879377432,141.99221789883268,145.6147859922179,196.04705882352943,195.1607843137255,194.1607843137255,2.904926061630249
frame725,137.15953307392996,142.5875486381323,145.83657587548637,196.61176470588236,194.90196078431373,194.75686274509803,2.572329044342041
frame726,138.6420233463035,143.32684824902725,146.1673151750973,195.53333333333333,194.66666666666666,193.66666666666666,1.8046050071716309
frame727,138.4591439688716,143.1011673151751,146.29961089494162,196.31764705882352,195.50196078431372,195.31764705882352,1.1284244060516357
frame728,139.19844357976655,143.6887159533074,146.17120622568095,194.53333333333333,193.66666666666666,192.66666666666666,0.9382922649383545
frame729,139.19844357976655,143.53696498054475,145.3229571984436,202.65490196078431,202.2156862745098,201.2156862745098,0.9542909860610962
frame730,139.59143968871595,143.86381322957197,146.40856031128405,202.65882352941176,202.25098039215686,201.65882352941176,0.9683429002761841
frame731,139.36964980544747,143.57976653696497,146.46303501945525,202.09411764705882,201.65490196078431,200.65490196078431,0.9789978265762329
frame732,120.78210116731518,125.70428015564202,127.80544747081711,212.96470588235294,212.28235294117647,211.96470588235294,1.025803565979004
frame733,121.73929961089495,127.12451361867704,129.295719844358,202.05882352941177,201.75294117647059,200.90588235294118,1.0320243835449219
frame734,122.89105058365759,128.10505836575877,130.5875486381323,201.04313725490195,200.93333333333334,199.98823529411766,1.0419145822525024
frame735,124.27626459143968,129.50972762645915,131.70817120622567,199.7843137254902,199.7058823529412,198.7450980392157,1.058417558670044
frame736,126.21011673151752,130.6147859922179,133.30739299610894,199.63529411764705,199.6,198.63529411764705,1.0911647081375122
frame737,126.57976653696498,131.704280155642,134.42412451361866,199.53333333333333,199.53333333333333,198.56470588235294,1.1580796241760254
frame738,129.0739299610895,133.4669260700389,137.22178988326849,198.6705882352941,198.63529411764705,197.6705882352941,1.2638773918151855
frame739,129.30350194552528,135.23346303501947,137.55642023346303,197.0705882352941,197.0705882352941,196.07450980392156,1.3810327053070068
frame740,131.28793774319067,136.9455252918288,139.02334630350194,197.21176470588236,197.21176470588236,196.2235294117647,1.471648097038269
frame741,132.14785992217898,138.12062256809338,140.17509727626458,197.49411764705883,196.521568627451,196.521568627451,1.5326097011566162
frame742,133.73929961089493,139.62645914396887,142.82879377431905,196.89411764705883,194.94117647058823,195.94117647058823,1.5768563747406006
frame743,134.92996108949416,140.5603112840467,143.75486381322958,197.45882352941177,195.71764705882353,196.45882352941177,1.6125301122665405
frame744,137.2101167315175,142.4785992217899,145.13229571984436,196.50980392156862,194.76078431372548,195.50980392156862,1.5016734600067139
frame745,139.3929961089494,143.42801556420233,145.87548638132296,199.27450980392157,198.58823529411765,198.27450980392157,1.3450043201446533
frame746,141.0817120622568,145.7431906614786,148.01167315175098,213.0,212.0,212.0,1.2638834714889526
frame747,145.4046692607004,150.66536964980546,151.17120622568095,224.8235294117647,223.8235294117647,223.8235294117647,1.0890381336212158
frame748,146.1556420233463,150.5058365758755,151.96498054474708,229.18823529411765,228.74117647058824,228.18823529411765,1.0769546031951904
frame749,144.73929961089493,150.11673151750972,150.5486381322957,223.75294117647059,222.38823529411764,223.38823529411764,0.9877471923828125
frame750,144.82879377431905,150.1011673151751,150.64591439688715,224.2941176470588,223.2941176470588,223.2941176470588,0.9772530794143677
frame751,144.31517509727627,149.52918287937743,150.75097276264592,223.07450980392156,222.07843137254903,222.07450980392156,0.9813311100006104
frame752,144.22568093385215,149.46303501945525,150.05058365758754,225.0,224.0,225.0,0.98773193359375
frame753,143.91050583657588,149.10894941634243,149.40856031128405,225.0,224.0,225.0,0.9900727272033691
frame754,143.88326848249028,149.10894941634243,150.27237354085602,224.0,223.0,223.0,0.9875525236129761
frame755,143.75486381322958,148.9533073929961,150.17509727626458,223.0,223.0,222.0,0.9901618957519531
frame756,143.75097276264592,148.9727626459144,150.14396887159532,222.0,222.0,221.0,0.9903727769851685
frame757,143.56420233463035,148.75097276264592,149.88326848249028,220.0,219.0,219.0,0.9921435117721558
frame758,143.75097276264592,148.9727626459144,149.98832684824902,218.07843137254903,216.08235294117648,217.07843137254903,0.9924801588058472
frame759,141.25291828793775,146.04280155642024,149.5408560311284,208.79607843137254,207.79607843137254,207.79607843137254,0.9916632175445557
frame760,141.57198443579767,146.2568093385214,149.57976653696497,211.33333333333334,210.33333333333334,211.0,0.9911974668502808
frame761,142.0817120622568,145.89105058365757,149.6420233463035,209.2156862745098,209.2156862745098,209.2156862745098,0.9893842935562134
frame762,142.45525291828793,146.23346303501947,150.01556420233464,216.6156862745098,216.6156862745098,215.6156862745098,0.9876106977462769
frame763,141.88326848249028,145.62645914396887,149.37354085603113,214.66666666666666,214.66666666666666,213.66666666666666,0.9863519668579102
frame764,142.52918287937743,146.4046692607004,149.9182879377432,212.02745098039216,211.61960784313726,211.02745098039216,0.9876532554626465
frame765,141.704280155642,145.61867704280155,149.0817120622568,210.7764705882353,210.2156862745098,210.3372549019608,0.9871004819869995
frame766,122.73540856031128,127.5408560311284,130.85603112840468,208.0,206.0,206.0,1.0199861526489258
frame767,123.36964980544747,129.00778210116732,133.67315175097275,208.0,206.0,206.0,1.0247907638549805
frame768,124.52529182879377,130.19066147859922,134.9455252918288,208.0,206.0,206.0,1.030437707901001
frame769,125.31906614785993,131.0272373540856,135.71206225680933,208.0,206.0,206.0,1.037629246711731
frame770,126.50972762645914,132.20622568093384,136.81322957198444,208.0,206.0,206.0,1.0502355098724365
frame771,128.11284046692606,133.69649805447472,138.01556420233464,208.0,206.0,206.0,1.0732759237289429
frame772,129.86381322957197,135.5214007782101,140.36964980544747,209.0,207.0,207.0,1.0931183099746704
frame773,130.63035019455253,136.295719844358,141.17898832684824,209.0,207.0,207.0,1.123152494430542
frame774,132.6420233463035,138.21789883268482,142.80933852140078,209.0,207.0,207.0,1.128296971321106
frame775,133.93385214007782,139.62645914396887,144.46303501945525,209.0,207.0,207.0,1.1347733736038208
frame776,135.18677042801556,140.70817120622567,145.57198443579767,209.0,207.0,207.0,1.1416876316070557
frame777,136.26070038910507,141.29961089494162,146.03891050583658,200.4,199.2,198.8,1.0761579275131226
frame778,136.47470817120623,141.3385214007782,146.02334630350194,201.47058823529412,200.2235294117647,199.8470588235294,1.041068196296692
frame779,136.72762645914398,141.36964980544747,146.24513618677042,200.4,199.2,198.8,1.0022881031036377
frame780,136.99610894941634,141.40077821011673,146.21789883268482,200.8470588235294,199.6,199.2235294117647,0.9821882247924805
frame781,137.38910505836577,142.59143968871595,147.6147859922179,208.0,206.0,206.0,0.9743030071258545
frame782,137.53696498054475,142.54474708171207,146.91439688715954,208.0,206.0,206.0,0.9762376546859741
frame783,137.77821011673151,142.7704280155642,148.2568093385214,208.0,206.0,206.0,0.9689961671829224
frame784,137.92996108949416,142.71984435797665,147.95719844357976,208.0,206.0,206.0,0.972111701965332
frame785,137.99221789883268,142.65369649805447,147.75875486381324,208.0,206.0,206.0,0.9733967781066895
frame786,138.3385214007782,142.69649805447472,147.24124513618676,207.0,206.0,206.0,0.9764543771743774
frame787,138.29961089494162,142.63813229571986,148.21789883268482,207.0,205.0,205.0,0.9759759902954102
frame788,138.41634241245137,142.42801556420233,147.81322957198444,207.0,205.0,205.0,0.9775528907775879
frame789,138.26848249027236,142.21400778210116,144.27237354085602,207.0,205.0,205.0,0.9881683588027954
frame790,138.5214007782101,142.37354085603113,144.44357976653697,208.0,206.0,206.0,0.9920743703842163
frame791,138.4513618677043,142.39688715953307,144.73929961089493,208.0,206.0,206.0,0.9972368478775024
frame792,138.69260700389106,142.54474708171207,144.94163424124514,207.0,205.0,205.0,0.9981637001037598
frame793,138.66926070038912,142.57976653696497,145.0817120622568,207.0,205.0,205.0,0.9986691474914551
frame794,138.97665369649806,142.77821011673151,145.38910505836577,207.0,205.0,205.0,0.9964193105697632
frame795,138.66926070038912,142.57976653696497,145.0817120622568,207.0,205.0,205.0,0.9966925382614136
frame796,138.49027237354085,142.31906614785993,144.87937743190662,208.0,206.0,206.0,0.9964296817779541
frame797,138.4863813229572,142.33073929961088,144.94941634241246,208.0,206.0,206.0,0.9961966276168823
frame798,138.87937743190662,142.61089494163423,145.3929961089494,208.0,206.0,206.0,0.9938499927520752
frame799,138.4863813229572,142.33073929961088,144.96498054474708,208.0,206.0,206.0,0.9951629638671875
frame800,138.87937743190662,142.61089494163423,145.3929961089494,208.0,206.0,206.0,0.9929085969924927
frame801,139.3385214007782,143.65369649805447,145.05836575875486,208.0,206.0,206.0,0.9948939085006714
frame802,139.5408560311284,144.01945525291828,144.98443579766536,208.0,206.0,206.0,0.9948102235794067
frame803,139.30350194552528,143.715953307393,144.98443579766536,208.0,206.0,206.0,0.9956079721450806
frame804,139.77431906614785,144.19066147859922,145.28015564202335,208.0,206.0,206.0,0.9948397874832153
frame805,139.30350194552528,143.715953307393,144.98443579766536,208.0,206.0,206.0,0.9961140155792236
frame806,139.77431906614785,144.19066147859922,145.28015564202335,208.0,206.0,206.0,0.9949567317962646
frame807,139.30350194552528,143.715953307393,144.98443579766536,208.0,206.0,206.0,0.9971990585327148
frame808,139.77431906614785,144.19066147859922,145.28015564202335,208.0,206.0,206.0,0.9972796440124512
frame809,139.30350194552528,143.715953307393,144.98443579766536,208.0,206.0,206.0,0.9981920719146729
frame810,139.81322957198444,144.2295719844358,145.24124513618676,208.0,206.0,206.0,0.997061014175415
frame811,139.37354085603113,143.78599221789884,144.91439688715954,208.0,206.0,206.0,0.9981639385223389
frame812,139.81322957198444,144.2295719844358,145.24124513618676,208.0,206.0,206.0,0.9971168041229248
frame813,140.01167315175098,144.0,148.22178988326849,208.0,206.0,206.0,0.9870173931121826
frame814,140.3112840466926,144.6770428015564,148.284046692607,208.0,206.0,206.0,0.9881705045700073
frame815,140.00778210116732,144.03112840466926,148.1828793774319,208.0,206.0,206.0,0.985519528388977
frame816,140.09338521400778,144.67315175097275,147.98443579766536,208.0,206.0,206.0,0.9855014085769653
frame817,139.7431906614786,144.4124513618677,147.79377431906616,208.0,206.0,206.0,0.9848980903625488
frame818,140.09338521400778,144.69649805447472,147.98443579766536,208.0,206.0,206.0,0.9844399690628052
frame819,139.52529182879377,144.13618677042803,147.92217898832683,208.0,206.0,206.0,0.9841216802597046
frame820,139.89494163424123,143.99610894941634,148.1945525291829,208.0,206.0,206.0,0.983549952507019
frame821,139.52529182879377,143.65758754863813,147.92217898832683,208.0,206.0,206.0,0.9836372137069702
frame822,139.89494163424123,143.99610894941634,148.1945525291829,208.0,206.0,206.0,0.9839822053909302
frame823,139.52529182879377,143.9260700389105,147.92217898832683,208.0,206.0,206.0,0.9851013422012329
frame824,139.89494163424123,143.45525291828793,148.1945525291829,208.0,206.0,206.0,0.9848403930664062
frame825,140.02334630350194,144.69649805447472,145.90661478599222,208.03529411764706,206.04313725490195,206.0392156862745,0.9917747974395752
frame826,140.5330739299611,144.4396887159533,146.3852140077821,209.09411764705882,207.10588235294117,207.10588235294117,0.9896730184555054
frame827,140.24124513618676,144.18677042801556,146.0817120622568,209.0313725490196,207.03529411764706,207.03529411764706,0.9931596517562866
frame828,140.5330739299611,144.40856031128405,146.19844357976655,209.09411764705882,207.10588235294117,207.10588235294117,0.9927083253860474
frame829,139.69649805447472,144.08949416342412,145.68093385214007,209.0313725490196,207.03529411764706,207.03529411764706,0.9961414337158203
frame830,140.27237354085602,144.1828793774319,146.08560311284046,209.09411764705882,207.10588235294117,207.10588235294117,0.9932101964950562
frame831,139.92217898832683,143.89494163424123,145.37354085603113,209.0313725490196,207.03529411764706,207.03529411764706,0.9960870742797852
frame832,140.1400778210117,144.1284046692607,146.05836575875486,209.09411764705882,207.10588235294117,207.10588235294117,0.9916675090789795
frame833,139.6498054474708,143.64591439688715,145.6225680933852,209.0313725490196,207.03529411764706,207.03529411764706,0.9937094449996948
frame834,140.1400778210117,144.1284046692607,145.60311284046693,209.09411764705882,207.10588235294117,207.10588235294117,0.9925514459609985
frame835,139.85603112840468,143.8326848249027,146.04280155642024,209.0313725490196,207.03529411764706,207.03529411764706,0.9907821416854858
frame836,140.1400778210117,144.10894941634243,145.7626459143969,209.09411764705882,207.10588235294117,207.10588235294117,0.9913265705108643
frame837,139.66536964980546,143.6225680933852,144.94941634241246,209.0,207.0,207.0,0.9928758144378662
frame838,139.65369649805447,143.715953307393,144.5330739299611,210.0,208.0,208.0,0.996026873588562
frame839,138.84046692607004,142.93385214007782,144.06225680933852,210.0,208.0,208.0,0.9994226694107056
frame840,138.65369649805447,142.72762645914398,143.93385214007782,210.0,208.0,208.0,1.0015429258346558
frame841,137.84046692607004,141.92996108949416,142.73151750972764,209.0,208.0,208.0,1.0058902502059937
frame842,136.65369649805447,140.72762645914398,141.5330739299611,209.0,208.0,208.0,1.0143567323684692
frame843,134.80933852140078,138.8988326848249,139.70038910505838,209.0,208.0,208.0,1.0325385332107544
frame844,134.02334630350194,138.08560311284046,138.90272373540856,209.0,208.0,208.0,1.058850884437561
frame845,132.26459143968873,136.35408560311285,137.1556420233463,209.0,208.0,208.0,1.1051075458526611
frame846,130.4591439688716,134.59922178988327,135.1828793774319,209.09411764705882,208.09411764705882,208.09411764705882,1.1800854206085205
frame847,128.3501945525292,133.4124513618677,133.95719844357976,209.02745098039216,208.0313725490196,208.0313725490196,1.3227535486221313
frame848,127.37743190661479,133.4669260700389,135.69649805447472,209.08235294117648,208.09411764705882,207.10588235294117,1.5098499059677124
frame849,126.39299610894942,132.6070038910506,135.6225680933852,208.12941176470588,207.11764705882354,207.11764705882354,1.7189207077026367
frame850,125.53696498054475,131.6498054474708,134.42023346303503,208.11764705882354,207.11764705882354,207.11764705882354,1.891814112663269
frame851,123.67704280155642,129.8988326848249,132.76653696498053,209.6313725490196,208.0392156862745,208.83529411764707,1.9986752271652222
frame852,122.56420233463035,128.704280155642,131.30739299610894,210.90588235294118,209.70980392156864,210.29019607843136,2.0587501525878906
frame853,114.3035019455253,120.49805447470817,123.10505836575875,220.0,219.0,219.0,2.0761005878448486
frame854,115.57587548638132,122.06225680933852,125.03501945525292,219.5529411764706,218.57647058823528,218.5529411764706,2.1472620964050293
frame855,116.43190661478599,123.03891050583658,126.24124513618678,219.92156862745097,218.92549019607844,218.92156862745097,2.6794562339782715
frame856,117.75875486381322,124.18677042801556,127.56031128404669,210.09019607843138,209.13333333333333,209.09019607843138,2.964761734008789
frame857,119.08560311284047,125.64980544747081,129.6147859922179,204.23529411764707,203.81176470588235,203.23529411764707,3.0647311210632324
frame858,122.24513618677042,126.38132295719845,129.18677042801556,204.6,203.4,202.8,3.0803723335266113
frame859,124.3035019455253,128.84046692607004,131.24124513618676,204.17254901960786,203.73333333333332,203.17254901960786,3.0763044357299805
frame860,125.41634241245136,129.96887159533074,132.8054474708171,201.8470588235294,200.8,199.89411764705883,3.0723586082458496
frame861,126.37354085603113,130.93385214007782,133.77821011673151,201.4392156862745,200.4392156862745,199.46666666666667,3.0734341144561768
frame862,127.51750972762646,132.27237354085602,135.38132295719845,201.75294117647059,200.75294117647059,199.8470588235294,3.0853147506713867
frame863,127.71984435797665,132.93385214007782,136.78210116731518,200.46666666666667,199.46666666666667,198.49411764705883,3.1060266494750977
frame864,129.01556420233464,134.2295719844358,138.08560311284046,200.8,199.8,198.8470588235294,3.1327414512634277
