Frame,Red channel,Green channel,Blue Channel,Red_back,Green_back,Blue_back,Pressure
frame0,150.00845070422534,160.27323943661972,158.23661971830987,209.96033994334277,207.6458923512748,214.39376770538243,-0.039813787
frame1,149.66197183098592,160.09859154929578,158.03943661971832,210.6317280453258,208.31728045325778,213.87252124645892,-0.03962934
frame2,149.38591549295774,160.07887323943663,158.14084507042253,210.6317280453258,208.31728045325778,214.39376770538243,-0.037917733
frame3,149.64225352112675,160.11830985915492,158.32676056338028,210.24645892351276,208.5099150141643,213.75354107648724,-0.036545932
frame4,149.75211267605633,160.38028169014083,158.58591549295775,210.4929178470255,208.21529745042494,214.29461756373937,-0.035065979
frame5,149.57183098591548,160.11549295774648,158.30140845070423,210.4929178470255,209.1331444759207,214.29461756373937,-0.033187836
frame6,149.70985915492957,160.28169014084506,158.50704225352112,218.87535410764872,217.1614730878187,217,-0.031902969
frame7,149.48169014084507,160.0338028169014,158.18591549295775,219.6430595,218.56657223796034,217,-0.03498441
frame8,149.72957746478872,160.28169014084506,158.50704225352112,219.6430595,218.56657223796034,217,-0.035865098
frame9,149.57183098591548,160.08450704225353,158.43943661971832,218.8441926345609,217.76770538243625,217,-0.034895808
frame10,149.81971830985916,160.33239436619718,158.78591549295774,218.8441926345609,217.76770538243625,217,-0.032446653
frame11,150.97464788732395,159.32112676056337,160.10985915492958,218.26912181303115,217.11331444759207,217,-0.026062936
frame12,150.67605633802816,159.42535211267605,159.6056338028169,217.0113314447592,216.08215297450425,217,-0.021848261
frame13,150.58591549295775,159.42535211267605,159.87042253521128,216.94334277620396,216.08215297450425,217,-0.018287688
frame14,150.58591549295775,159.42535211267605,159.87042253521128,216.94334277620396,216.08215297450425,217,-0.016558856
frame15,150.58591549295775,159.42535211267605,159.87042253521128,216.94334277620396,216.08215297450425,217,-0.015889645
frame16,150.91830985915493,159.42535211267605,159.88169014084508,216.94334277620396,216.08215297450425,217,-0.015907466
frame17,150.58591549295775,159.42535211267605,159.87042253521128,216.94334277620396,216.08215297450425,217,-0.015705556
frame18,150.91830985915493,159.42535211267605,159.87042253521128,216.94334277620396,216.08215297450425,217,-0.016405821
frame19,150.58591549295775,159.42535211267605,159.87042253521128,216.94334277620396,216.08215297450425,217,-0.016640753
frame20,150.58591549295775,159.42535211267605,159.87042253521128,216.94334277620396,216.08215297450425,217,-0.017072111
frame21,150.58591549295775,159.42535211267605,159.87042253521128,216.94334277620396,216.08215297450425,217,-0.017246097
frame22,150.58591549295775,159.42535211267605,159.87042253521128,216.94334277620396,216.08215297450425,217,-0.017385572
frame23,150.64225352112675,159.30985915492957,160.07042253521126,218.11614730878188,216.96033994334277,217,-0.017382115
frame24,151.04788732394366,159.6056338028169,160.1380281690141,217.43909348441926,216.43059490084985,217,-0.01823774
frame25,150.61408450704226,159.32676056338028,160.07323943661973,217.43909348441926,216.43059490084985,217,-0.01746121
frame26,150.49295774647888,159.34647887323945,160.26478873239438,217.58923512747876,216.58073654390935,217,-0.017787099
frame27,150.49295774647888,159.34647887323945,159.9718309859155,217.43909348441926,216.43059490084985,217,-0.017915606
frame28,150.9943661971831,159.6338028169014,160.06760563380283,217.43909348441926,216.43059490084985,217,-0.018271893
frame29,150.9943661971831,159.6338028169014,160.04507042253522,217.43909348441926,216.43059490084985,217,-0.017799586
frame30,150.92957746478874,159.76901408450703,160.29577464788733,217.43909348441926,216.43059490084985,217,-0.01784271
frame31,150.75211267605633,159.76901408450703,159.8338028169014,217.43909348441926,216.43059490084985,217,-0.017670959
frame32,150.60281690140846,159.81971830985916,160.29859154929576,217.58923512747876,216.58073654390935,217,-0.017804801
frame33,150.60281690140846,159.81971830985916,159.78591549295774,217.43909348441926,216.43059490084985,217,-0.01783219
frame34,150.60281690140846,159.81971830985916,159.78591549295774,217.58923512747876,215.6317280453258,217,-0.017813116
frame35,151.69859154929577,159.81690140845072,160.543662,218.18413597733712,216.96033994334277,217,-0.018547058
frame36,151.26760563380282,159.70704225352114,160.33802816901408,217.9801699716714,216.8356940509915,217,-0.017639995
frame37,151.26760563380282,159.70704225352114,160.1323943661972,218.4985835694051,217.24079320113316,217,-0.017865568
frame38,151.10985915492958,159.70704225352114,160.1323943661972,218.78753541076486,217.46175637393767,217,-0.01793021
frame39,151.10985915492958,159.70704225352114,160.1323943661972,218.73654390934846,217.3597733711048,217,-0.018126726
frame40,151.1549295774648,159.72957746478872,160.1549295774648,218.73654390934846,217.3597733711048,217,-0.018139571
frame41,151.6394366197183,159.73239436619718,159.93521126760564,217.5070821529745,216.3597733711048,217,-0.018496156
frame42,151.52394366197183,159.73239436619718,160.33239436619718,217.5070821529745,216.3597733711048,217,-0.017929375
frame43,151.52394366197183,159.73239436619718,159.92112676056337,217.3541076487252,216.30878186968837,217,-0.017548382
frame44,151.55211267605634,159.7605633802817,159.94929577464788,217.12464589235128,216.07932011331445,217,-0.017101496
frame45,151.55211267605634,159.7605633802817,159.94929577464788,215.68555240793202,215.3597733711048,217,-0.015985817
frame46,151.55211267605634,159.7605633802817,159.94929577464788,215.68555240793202,215.3597733711048,217,-0.014075845
frame47,150.4676056338028,160.24788732394367,159.32957746478874,219.07932011331445,217.61756373937678,217,-0.01386869
frame48,150.20281690140845,160.21408450704226,158.88450704225352,218.70538243626063,217.26628895184135,217,-0.015852481
frame49,150.4788732394366,160.35211267605635,159.16338028169014,218.25779036827194,216.37110481586402,217,-0.016158819
frame50,150.48169014084507,160.3549295774648,159.43943661971832,218.25779036827194,216.37110481586402,217,-0.015633941
frame51,150.4788732394366,160.3549295774648,159.1661971830986,218.25779036827194,216.37110481586402,217,-0.015451878
frame52,150.4732394366197,160.27605633802816,159.16338028169014,218.25779036827194,216.37110481586402,217,-0.015242636
frame53,150.66478873239436,160.21971830985916,159.12112676056339,218.25779036827194,216.37110481586402,217,-0.015117764
frame54,150.66478873239436,160.21971830985916,159.143662,217.3342776203966,215.90934844192634,217,-0.01496169
frame55,150.66478873239436,160.2169014084507,159.14084507042253,217.24362606232296,215.81869688385268,217,-0.014665931
frame56,150.66478873239436,160.2169014084507,159.36338028169016,217.25779036827194,215.37110481586402,217,-0.014533043
frame57,150.66197183098592,160.2169014084507,159.11830985915492,216.79603399433427,214.90934844192634,217,-0.014490932
frame58,150.2,160.21971830985916,159.10422535211268,216.3484419263456,214.46175637393767,217,-0.014292002
frame59,150.32676056338028,160.30985915492957,159.64225352112675,214.71671388101984,214.59773371104816,216.1671388101983,-0.014740735
frame60,150.32676056338028,160.30985915492957,159.65633802816902,214.41926345609065,214.3654390934844,216.1331444759207,-0.014600247
frame61,150.32676056338028,160.30985915492957,159.4056338028169,214.27762039660055,214.29461756373937,216.1331444759207,-0.014693737
frame62,150.31267605633803,160.2,159.47042253521127,214.27762039660055,214.29461756373937,216.1331444759207,-0.014834046
frame63,150.4901408450704,160.06478873239436,159.6056338028169,214.27762039660055,214.29461756373937,216.1331444759207,-0.015185654
frame64,150.89014084507042,160.06478873239436,159.6056338028169,214.27762039660055,214.29461756373937,216.1331444759207,-0.015663385
frame65,150.89014084507042,160.07323943661973,159.6056338028169,214.27762039660055,214.29461756373937,216.1331444759207,-0.015731692
frame66,150.1661971830986,160.73521126760562,158.72957746478872,211.07932011331445,211.3314447592068,217,-0.016187936
frame67,150.3605633802817,160.8338028169014,158.8,210.05949008498584,210.40226628895184,217,-0.015907049
frame68,150.3605633802817,160.8338028169014,158.83661971830986,211.24079320113316,210.62889518413598,217,-0.014954031
frame69,150.32394366197184,160.82535211267606,158.84225352112676,212.08215297450425,211.47025495750708,217,-0.014325112
frame70,149.8676056338028,160.58591549295775,158.72957746478872,211.81586402266288,211.28045325779036,217,-0.013709128
frame71,149.90140845070422,160.70704225352114,158.4788732394366,210.95750708215297,211.6628895184136,217,-0.01357168
frame72,149.72112676056338,159.72112676056338,158.36901408450703,211.95750708215297,212.73654390934846,217,-0.012304276
frame73,149.70422535211267,159.70704225352114,158.3661971830986,211.95750708215297,212.73654390934846,217,-0.012698859
frame74,149.61971830985917,159.65352112676055,158.31267605633803,212.03116147308782,212.81019830028328,217,-0.012725353
frame75,148.6338028169014,158.70704225352114,157.3943661971831,213.88385269121812,213.73654390934846,217,-0.012973398
frame76,147.8507042253521,157.95774647887325,156.69295774647887,214.03116147308782,213.81019830028328,217,-0.017178863
frame77,146.30422535211267,156.1774647887324,155.12112676056339,214.03116147308782,213.81019830028328,216,-0.029105544
frame78,145.29295774647886,154.87042253521128,154.10422535211268,216.03116147308782,214.81019830028328,216,-0.054612428
frame79,144.0112676056338,153.74647887323943,153.0112676056338,218.76203966005664,216.05665722379604,216,-0.090644479
frame80,142.7549295774648,152.45352112676056,151.63661971830984,218.76203966005664,215.82152974504248,216,-0.121425241
frame81,140.92112676056337,150.94366197183098,149.9661971830986,220.76203966005664,216.82152974504248,215,-0.119940311
frame82,138.8676056338028,149.67887323943663,148.4619718309859,220.9971671388102,217.05665722379604,215,-0.042761862
frame102,150.97464788732395,158.98028169014086,160.9830985915493,144.3286119,153.8583569405099,156.6430595,-0.017257035
frame103,150.54084507042253,158.57746478873239,160.75211267605633,146.38526912181302,155.5099150141643,158.26345609065154,-0.023898005
frame104,148.00845070422534,155.78028169014084,157.63098591549297,147.88101983002832,156.47592067988668,159.3512747875354,-0.025064498
frame105,145.7718309859155,153.8507042253521,155.79718309859155,146.30028328611897,155.87535410764872,159.41926345609065,-0.024303257
frame106,135.76338028169013,144.0056338028169,145.93239436619717,143.10481586402267,154.95467422096317,158.93767705382436,-0.006833196
frame107,132.82535211267606,144.09859154929578,145.51267605633802,141.60056657223797,153.0084985835694,157.61473087818698,-0.006462038
frame108,132.7661971830986,143.78591549295774,144.83661971830986,139.67988668555242,151.9915014164306,156.62606232294618,-0.008918524
frame109,131.66478873239436,142.7887323943662,145.14084507042253,142.70538243626063,151.47308781869688,158.71671388101984,-0.010248154
frame110,131.49577464788732,142.1661971830986,143.93521126760564,204.59773371104816,200.92917847025495,199.6685552407932,-0.050757229
frame111,131.3661971830986,142.07323943661973,143.60845070422536,239.24362606232296,228.42776203966005,214,-0.074284256
frame112,132.0957746478873,142.99718309859156,144.3549295774648,238.69121813031163,228.39943342776203,214,-0.07078144
frame113,132.26478873239438,142.99718309859156,144.3549295774648,235.68838526912182,225.60056657223797,213.96600566572238,-0.023302853
frame134,151.32394366197184,159.1943661971831,159.01971830985914,199.6572238,198.6373937677054,205.86968838526911,0.006616473
frame135,151.43380281690142,159.29014084507043,159.09859154929578,198.77337110481585,198.5212464589235,204.96600566572238,-0.008879572
frame136,150.92957746478874,159.28169014084506,159.39718309859154,202.26628895184135,201.09065155807366,207.6402266288952,-0.012660652
frame137,150.92957746478874,159.17464788732394,159.14647887323943,202.26628895184135,200.1643059490085,207.6402266288952,-0.013511509
frame138,149.70704225352114,159.7718309859155,157.56901408450705,204.5127478753541,202.41643059490085,208.3484419263456,-0.014308602
frame139,149.543662,159.93521126760564,157.3549295774648,205.32294617563738,202.8555240793201,208.71671388101984,-0.015200406
frame140,150.00281690140844,159.44788732394366,156.98591549295776,204.8413597733711,202.52691218130312,208.39093484419263,-0.015339494
frame141,149.90985915492956,159.8450704225352,157.39718309859154,204.75070821529744,202.28328611898016,208.43059490084985,-0.014635086
frame142,149.9887323943662,159.7943661971831,157.49295774647888,204.8413597733711,202.52691218130312,208.39093484419263,-0.013033479
frame143,149.89014084507042,159.90140845070422,157.4,205.19263456090653,202.71104815864024,208.39093484419263,-0.011532843
frame144,149.94366197183098,159.84225352112676,157.3718309859155,205.19263456090653,202.71104815864024,208.39093484419263,-0.010380179
frame145,149.94366197183098,160.12112676056339,157.53521126760563,205.31728045325778,202.27762039660055,208.26345609065154,-0.009772569
frame146,149.94366197183098,160.11267605633802,157.48169014084507,204.70821529745044,202.27762039660055,208.26345609065154,-0.009070992
frame147,150.07042253521126,160.3549295774648,158.6338028169014,205.4872521246459,203.18413597733712,208.71671388101984,-0.008446842
frame148,149.90985915492956,159.9042253521127,158.08732394366197,205.1501416430595,202.93201133144476,208.52691218130312,-0.007864565
frame149,150.2394366197183,160.2281690140845,158.5154929577465,217.47592067988668,215.44759206798867,213.1359773371105,-0.003970146
frame150,149.44788732394366,159.4901408450704,157.90140845070422,223.0113314447592,221.03116147308782,215.73087818696885,-0.005839974
frame151,149.59718309859156,159.64225352112675,157.84788732394367,223.06515580736544,221.08498583569406,215.78470254957506,-0.010640115
frame152,149.34929577464789,159.50704225352112,157.91267605633803,222.95750708215297,221.03116147308782,215.73087818696885,-0.014969319
frame153,149.57746478873239,159.69577464788733,157.91830985915493,223.0113314447592,221.03116147308782,215.73087818696885,-0.018670648
frame154,149.44225352112676,159.27605633802816,157.76338028169013,222.06515580736544,220.08498583569406,215.73087818696885,-0.022053361
frame155,149.72676056338028,159.27605633802816,157.95211267605634,222.06515580736544,220.08498583569406,215.73087818696885,-0.023920208
frame156,149.7887323943662,159.2,157.8985915492958,222.06515580736544,220.08498583569406,215.73087818696885,-0.025961488
frame157,149.7887323943662,159.2,158.1380281690141,222.06515580736544,220.08498583569406,215.73087818696885,-0.028345883
frame158,149.75211267605633,159.2,157.8985915492958,222.0113314447592,220.08498583569406,215.73087818696885,-0.031207055
frame159,149.74084507042252,159.14647887323943,157.69295774647887,222.06515580736544,220.08498583569406,215.73087818696885,-0.03441602
frame160,149.74084507042252,159.14647887323943,157.69295774647887,222.06515580736544,220.08498583569406,215.73087818696885,-0.037175
frame161,149.73521126760562,159.11549295774648,157.68450704225353,222.06515580736544,220.08498583569406,215.73087818696885,-0.039366424
frame162,150.08732394366197,159.7887323943662,157.85352112676057,220.38243626062322,218.90934844192634,215.67705382436262,-0.0381836
frame163,150.19154929577465,159.67605633802816,157.5943661971831,221.1529745042493,218.90934844192634,215.67705382436262,-0.036999494
frame164,150.1718309859155,159.74084507042252,157.91267605633803,219.3654390934844,218.54107648725213,215.67705382436262,-0.034968406
frame165,150.1718309859155,159.74084507042252,158.01971830985914,218.71954674220964,217.96317280453258,215.67705382436262,-0.033231407
frame166,149.7605633802817,159.74084507042252,157.91267605633803,218.4900849858357,217.96317280453258,215.67705382436262,-0.033031434
frame167,150.1718309859155,159.74084507042252,158.01971830985914,218.6657223796034,217.96317280453258,215.67705382436262,-0.032817394
frame168,150.1718309859155,159.74084507042252,157.91267605633803,218.6657223796034,217.96317280453258,215.67705382436262,-0.031280518
frame169,150.1718309859155,159.74084507042252,158.01971830985914,218.6657223796034,217.96317280453258,215.67705382436262,-0.029627532
frame170,149.7830985915493,159.73239436619718,157.95774647887325,218.4900849858357,217.96317280453258,215.67705382436262,-0.02922523
frame171,149.8338028169014,159.6394366197183,157.45352112676056,218.4900849858357,217.96317280453258,215.67705382436262,-0.029671073
frame172,149.83661971830986,159.64225352112675,157.3943661971831,218.4900849858357,217.96317280453258,215.67705382436262,-0.029793561
frame173,149.76338028169013,159.67323943661972,157.09014084507044,218.4900849858357,217.96317280453258,215.67705382436262,-0.0303711
frame174,150.34084507042255,159.68732394366197,157.72676056338028,218.88951841359773,219.3682719546742,216,-0.028675824
frame175,150.03943661971832,159.38028169014083,156.87042253521128,220.1388101983003,219.3342776203966,216,-0.029644102
frame176,149.90140845070422,159.59154929577466,157.55774647887324,218.88951841359773,219.3682719546742,216,-0.02938816
frame177,149.74647887323943,159.67042253521126,157.4788732394366,218.88951841359773,218.3682719546742,216,-0.029341578
frame178,149.92112676056337,159.66760563380282,157.66478873239436,218.88951841359773,218.3682719546742,216,-0.028717458
frame179,149.94366197183098,159.65915492957745,157.6338028169014,220.1388101983003,219.3342776203966,216,-0.028664231
frame180,150.2169014084507,159.48732394366198,157.5830985915493,218.88951841359773,218.3682719546742,216,-0.027890801
frame181,150.1380281690141,159.42253521126761,157.39718309859154,220.1388101983003,219.3342776203966,216,-0.02784133
frame182,150.1380281690141,159.42253521126761,157.39718309859154,218.88951841359773,218.3682719546742,216,-0.02781257
frame183,150.11830985915492,159.40845070422534,157.37464788732393,220.1388101983003,219.3342776203966,216,-0.028094649
frame184,150.30422535211267,159.456338,157.6281690140845,218.88951841359773,218.40226628895184,216,-0.027442545
frame185,150.30422535211267,159.456338,157.6281690140845,219.9971671388102,219.3342776203966,216,-0.026942164
frame186,150.11267605633802,159.6394366197183,158.27323943661972,218.88951841359773,218.40226628895184,216,-0.025699735
frame187,150.4845070422535,160.0112676056338,158.743662,218.88951841359773,218.3682719546742,216,-0.023513705
frame188,149.80281690140845,159.03943661971832,158.01971830985914,218.88951841359773,218.40226628895184,216,-0.023451269
frame189,150.12112676056339,159.34084507042255,157.83098591549296,218.88951841359773,218.3682719546742,216,-0.024353474
frame190,149.45915492957747,158.96056338028168,157.27323943661972,218.8555240793201,218.3682719546742,216,-0.026811987
frame191,150.29577464788733,159.4901408450704,157.70422535211267,218.88951841359773,218.3682719546742,216,-0.02652508
frame192,150.08169014084507,159.4901408450704,157.54084507042253,218.8555240793201,218.3682719546742,216,-0.025991708
frame193,150.29859154929576,159.4,157.19718309859155,218.88951841359773,218.3682719546742,216,-0.026053965
frame194,149.7887323943662,159.0112676056338,157.26760563380282,218.88951841359773,218.3682719546742,216,-0.026864976
frame195,149.27605633802816,158.42535211267605,156.90704225352113,218.88951841359773,218.3682719546742,216,-0.03004542
frame196,147.96338028169015,157.42816901408452,155.8732394366197,219.03116147308782,218.3682719546742,216,-0.041980773
frame197,146.7492957746479,156.1492957746479,154.65352112676055,219.03116147308782,218.3682719546742,216,-0.065831572
frame198,145.83661971830986,154.8394366197183,154.55774647887324,220.71388101983004,217.54390934844193,215,-0.089242607
frame199,144.88169014084508,153.8507042253521,153.44225352112676,220.71388101983004,217.54390934844193,215,-0.110478789
frame200,143.34084507042255,152.44788732394366,152.14084507042253,221.67988668555242,217.54390934844193,215,-0.116241395
frame201,141.7830985915493,151.28450704225352,150.2507042253521,222.05382436260624,217.81586402266288,215,-0.076964945
frame223,151.9830985915493,160.7774647887324,165.04507042253522,144.52974504249292,155.76487252124645,159.76487252124645,-0.019926101
frame224,150.41408450704225,158.33521126760564,162.36901408450703,145.5099150141643,156.30878186968837,160.25495750708214,-0.023880988
frame225,139.48169014084507,150.54084507042253,152.72394366197184,145.79603399433427,155.97450424929178,159.97450424929178,-0.019001037
frame226,132.97464788732395,143.6225352112676,146.81690140845072,142.17847025495752,153.43909348441926,158.43909348441926,-0.006040007
frame227,132.69577464788733,143.32394366197184,146.44788732394366,144.3456090651558,154.1728045325779,159.1728045325779,-0.006967843
frame228,133.58591549295775,142.70140845070424,146.72394366197184,142.1699716713881,152.68838526912182,158.30878186968837,-0.010177553
frame229,133.72112676056338,142.70704225352114,146.57746478873239,161.41926345609065,165.96883852691218,172.20963172804534,-0.011940122
frame230,133.17464788732394,142.06478873239436,145.49577464788732,240.22662889518415,229.29178470254956,212.8555240793201,-0.051505715
frame257,148.856338,159.34929577464789,156.98591549295776,203.70821529745044,202.70821529745044,207.44759206798867,-0.012928635
frame258,148.84225352112676,159.50704225352112,157.4676056338028,203.47025495750708,202.45325779036827,207.3626062322946,-0.013145834
frame259,148.75774647887323,159.72394366197184,157.66478873239436,203.6317280453258,202.45325779036827,207.3626062322946,-0.011928767
frame260,148.88450704225352,159.89295774647888,158.05352112676056,203.06798866855524,202.09915014164307,207.31444759206798,-0.010582685
frame261,148.85352112676057,159.80845070422535,157.5267605633803,209.67988668555242,208.92067988668555,211.1728045325779,-0.00721702
frame262,148.8338028169014,159.8676056338028,157.743662,209.67988668555242,208.92067988668555,211.1728045325779,-0.006628335
frame263,148.84788732394367,159.94929577464788,157.96338028169015,210.81869688385268,210.28045325779036,211.95750708215297,-0.005826235
frame264,150.56338028169014,159.07323943661973,158.6225352112676,213.4900849858357,214.20396600566573,214.71104815864024,-0.005312473
frame265,150.87887323943661,159.01408450704224,158.3887323943662,213.4900849858357,214.20396600566573,214.71104815864024,-0.005169809
frame266,151.00281690140844,159.07042253521126,158.92394366197183,215.31444759206798,217.10481586402267,215.62322946175638,-0.004892677
frame267,151.0112676056338,159.07042253521126,158.92394366197183,216.22662889518415,217.10481586402267,215.62322946175638,-0.006129473
frame268,151.34929577464789,159.1014084507042,159.2450704225352,215.31444759206798,216.1586402266289,215.62322946175638,-0.007688016
frame269,151.35211267605635,159.1014084507042,159.2450704225352,216.22662889518415,216.1586402266289,215.62322946175638,-0.008509994
frame270,151.34929577464789,159.1014084507042,159.2450704225352,215.31444759206798,216.1586402266289,215.62322946175638,-0.00960961
frame271,151.3605633802817,159.09014084507044,159.19154929577465,216.22662889518415,216.1586402266289,215.62322946175638,-0.010173291
frame272,151.35211267605635,159.09014084507044,159.19154929577465,215.31444759206798,216.1586402266289,215.62322946175638,-0.010855764
frame273,151.3605633802817,159.09014084507044,159.19154929577465,216.22662889518415,216.1586402266289,215.62322946175638,-0.011209458
frame274,151.64788732394365,159.28450704225352,159.66197183098592,215.31444759206798,216.1586402266289,215.62322946175638,-0.011295944
frame275,151.67323943661972,159.28450704225352,159.66197183098592,216.22662889518415,216.1586402266289,215.62322946175638,-0.010338157
frame276,150.56338028169014,159.8394366197183,157.8732394366197,216.29745042492917,216.1416430594901,215.62322946175638,-0.011353463
frame277,150.31267605633803,159.91549295774647,157.56619718309858,216.29745042492917,216.1416430594901,215.62322946175638,-0.012984097
frame278,150.29014084507043,159.92957746478874,157.80281690140845,216.24362606232296,216.1416430594901,215.62322946175638,-0.013732195
frame279,150.4169014084507,159.9042253521127,157.70140845070424,216.29745042492917,216.1416430594901,215.62322946175638,-0.013873428
frame280,150.4845070422535,160.09295774647887,158.05070422535212,216.24362606232296,217.08781869688386,215.62322946175638,-0.013686836
frame281,150.5943661971831,160.09014084507044,158.04788732394366,216.29745042492917,216.1416430594901,215.62322946175638,-0.013403237
frame282,150.4901408450704,160.04507042253522,158.03661971830985,216.24362606232296,216.1416430594901,215.62322946175638,-0.013071716
frame283,150.43943661971832,160.09014084507044,157.96901408450705,216.24362606232296,216.1416430594901,215.62322946175638,-0.013082474
frame284,150.47605633802817,160.1323943661972,158.1943661971831,216.24362606232296,216.1416430594901,215.62322946175638,-0.013115078
frame285,150.49859154929578,160.1549295774648,158.23098591549297,216.24362606232296,216.1416430594901,215.62322946175638,-0.013003737
frame286,150.4732394366197,160.10985915492958,158.1774647887324,216.24362606232296,216.1416430594901,215.62322946175638,-0.012940645
frame287,150.42816901408452,160.03943661971832,157.96056338028168,217.18980169971672,217.08781869688386,215.62322946175638,-0.012940854
frame288,151,160.0169014084507,157.20845070422536,217.06515580736544,216.61189801699717,215.62322946175638,-0.013485432
frame289,151.07042253521126,159.9887323943662,157.34366197183098,217.4872521246459,217.12181303116148,215.62322946175638,-0.013119191
frame290,151.28450704225352,159.88169014084508,157.38591549295774,217.4872521246459,217.12181303116148,215.62322946175638,-0.012954473
frame291,151.29859154929576,159.89577464788732,157.5380281690141,217.4872521246459,217.12181303116148,215.62322946175638,-0.012719214
frame292,151.28450704225352,159.88169014084508,157.38591549295774,217.4872521246459,217.13031161473089,215.62322946175638,-0.012665153
frame293,151.07323943661973,159.8,157.5098591549296,217.4872521246459,217.12181303116148,215.62322946175638,-0.012792259
frame294,151.07323943661973,159.8,157.3718309859155,217.4872521246459,217.12181303116148,215.62322946175638,-0.013147295
frame295,150.98028169014086,159.80845070422535,157.45915492957747,217.4872521246459,217.12181303116148,215.62322946175638,-0.013308585
frame296,150.89014084507042,159.89577464788732,157.57183098591548,217.4787535410765,217.12181303116148,215.62322946175638,-0.013424128
frame297,150.68732394366197,159.94084507042254,157.42253521126761,217.4872521246459,217.12181303116148,215.62322946175638,-0.013537377
frame298,150.69577464788733,159.94929577464788,157.49859154929578,217.4787535410765,217.12181303116148,215.62322946175638,-0.013808608
frame299,150.69577464788733,159.94929577464788,157.49859154929578,217.4872521246459,217.12181303116148,215.62322946175638,-0.013863862
frame300,150.6169014084507,160.05915492957746,158.14084507042253,217.94334277620396,217.4900849858357,215.62322946175638,-0.013784766
frame301,150.50422535211268,159.89295774647888,157.34084507042255,217.4872521246459,217.12181303116148,215.62322946175638,-0.013951719
frame302,150.42535211267605,159.90704225352113,157.4056338028169,217.4787535410765,217.12181303116148,215.62322946175638,-0.014317036
frame303,150.42535211267605,159.90704225352113,157.4676056338028,217.4872521246459,217.12181303116148,215.62322946175638,-0.014491141
frame304,150.54647887323944,159.96056338028168,157.77464788732394,217.4787535410765,217.12181303116148,215.62322946175638,-0.014407754
frame305,150.54929577464787,159.96338028169015,157.81408450704225,217.4872521246459,217.12181303116148,215.62322946175638,-0.014140487
frame306,150.03943661971832,159.70140845070424,157.6450704225352,217.4872521246459,217.13031161473089,215.62322946175638,-0.014148474
frame307,150.56056338028168,159.96338028169015,157.92394366197183,217.4872521246459,217.13031161473089,215.62322946175638,-0.014810294
frame308,150.58591549295775,159.94647887323944,157.91549295774647,217.4957507082153,217.13031161473089,215.62322946175638,-0.014275223
frame309,150.58591549295775,159.94647887323944,157.91549295774647,217.4957507082153,217.13031161473089,215.62322946175638,-0.01413697
frame310,150.49295774647888,159.69295774647887,157.8507042253521,217.4844192634561,217.13031161473089,215.62322946175638,-0.014051855
frame311,150.49295774647888,159.69295774647887,157.85352112676057,217.4957507082153,217.13031161473089,215.62322946175638,-0.014290214
frame312,150.93802816901407,159.2394366197183,158.98028169014086,218.23796033994336,217.45892351274787,215.67705382436262,-0.014130503
frame313,149.83661971830986,158.60845070422536,158.0169014084507,219.52974504249292,218.31728045325778,215.62322946175638,-0.013964027
frame314,149.27887323943662,157.9943661971831,157.78028169014084,219.58356940509915,218.31728045325778,215.62322946175638,-0.017068744
frame315,147.55492957746478,156.79154929577464,156.56056338028168,219.82436260623228,217.88951841359773,215.4844192634561,-0.025952131
frame316,146.39154929577464,155.66760563380282,155.5098591549296,219.96033994334277,217.97450424929178,215.4844192634561,-0.044542521
frame317,145.28450704225352,154.50140845070422,154.40281690140844,220.20963172804534,217.97450424929178,214.55807365439094,-0.072197288
frame318,144.07887323943663,153.4169014084507,153.32112676056337,220.28328611898016,217.97450424929178,214.4844192634561,-0.100380063
frame319,143.0169014084507,152.38591549295774,151.89014084507042,220.92634560906515,217.97450424929178,214.4844192634561,-0.116373807
frame320,141.34929577464789,151.0338028169014,150.34084507042255,221.20963172804534,217.97450424929178,214.4844192634561,-0.099418044
frame342,156.01408450704224,162.88732394366198,167.3774647887324,147.43626062322946,157.69121813031163,161.69121813031163,-0.026025355
frame343,149.31267605633803,158.27323943661972,161.50140845070422,148.39376770538243,158.12181303116148,161.8385269121813,-0.027176887
frame344,143.0281690140845,152.50422535211268,156.85915492957747,148.43626062322946,157.95750708215297,161.95750708215297,-0.023798317
frame345,133.6169014084507,143.69577464788733,148.42535211267605,146.96033994334277,155.93201133144476,160.90368271954674,-0.004982799
frame346,133.50704225352112,143.42816901408452,148.54929577464787,146.62322946175638,155.46742209631728,160.46742209631728,-0.0083417
frame347,133.56338028169014,143.5830985915493,148.72394366197184,147.10764872521247,156.46458923512748,161.46458923512748,-0.009722769
frame348,133.45915492957747,143.05070422535212,148.34084507042255,146.87818696883852,155.71671388101984,161.07648725212465,-0.01181522
frame349,133.43098591549295,143.33239436619718,148.5267605633803,208.12181303116148,203.39376770538243,197.6685552407932,-0.04791075
frame350,132.0957746478873,141.67042253521126,145.7943661971831,246.93484419263456,235.06232294617564,213,-0.075817585
frame351,130.86478873239437,139.66760563380282,141.92112676056337,242.81586402266288,232,214,-0.077627182
frame352,130.94366197183098,139.94084507042254,141.67323943661972,242.3654390934844,231.92634560906515,213.9943342776204,-0.039778262
frame374,150.92676056338027,159.12957746478872,158.90704225352113,199.45609065155807,198.32011331444758,206.29178470254956,-0.004903197
frame375,150.93802816901407,159.13521126760563,159.32957746478874,200.27195467422095,198.3626062322946,206.29178470254956,-0.012492806
frame376,150.87887323943661,159.01971830985914,158.8676056338028,201.69121813031163,200.09348441926346,206.5155807365439,-0.013363481
frame377,151.4619718309859,159.05070422535212,158.47042253521127,201.70538243626063,200.11331444759207,206.53257790368272,-0.014222562
frame378,149.63098591549297,159.7380281690141,157.93802816901407,204.6345609065156,203.30878186968837,209.1331444759207,-0.014473349
frame379,149.20281690140845,159.90985915492956,157.7718309859155,206.67422096317281,205.62039660056658,210.1359773371105,-0.014543205
frame380,149.0957746478873,159.95774647887325,158.06760563380283,206.67422096317281,205.62039660056658,210.1359773371105,-0.01426512
frame381,148.8732394366197,160.09859154929578,158.0169014084507,206.69121813031163,205.3314447592068,210.1359773371105,-0.013037384
frame382,149.04507042253522,160.03098591549295,158.12957746478872,206.3512747875354,205.3314447592068,210.1359773371105,-0.01186502
frame383,148.98591549295776,160.20281690140845,158.16901408450704,206.3512747875354,205.3314447592068,210.1359773371105,-0.010752529
frame384,148.83098591549296,160.1605633802817,158.14084507042253,206.3512747875354,205.3314447592068,210.1359773371105,-0.009619176
frame385,149.0281690140845,160.19718309859155,158.18591549295775,213.9971671388102,213.92917847025495,214.38526912181302,-0.007413328
frame386,149.19718309859155,160.34084507042255,158.58028169014085,214.26628895184135,214.6600566572238,214.38526912181302,-0.007724196
frame387,149.2112676056338,160.33239436619718,158.57183098591548,214.26628895184135,214.6600566572238,214.38526912181302,-0.007513493
frame388,149.36338028169016,160.32394366197184,158.57464788732395,214.26628895184135,213.92917847025495,214.38526912181302,-0.007699341
frame389,149.3549295774648,160.34929577464789,158.55492957746478,214.26628895184135,213.92917847025495,214.38526912181302,-0.009061366
frame390,150.03943661971832,160.04788732394366,157.92394366197183,215.31444759206798,215.24645892351276,214.81019830028328,-0.011322677
frame391,149.98591549295776,159.97464788732395,157.44225352112676,215.26912181303115,215.20113314447593,214.79036827195466,-0.012891024
frame392,150.09295774647887,160.06478873239436,157.81126760563382,215.26912181303115,215.20113314447593,214.79036827195466,-0.013620555
frame393,150.34647887323945,160.06478873239436,157.81126760563382,215.44192634560906,215.20113314447593,214.79036827195466,-0.013604194
frame394,150.34647887323945,160.06478873239436,157.81126760563382,215.44192634560906,216.02832861189802,214.79036827195466,-0.013340294
frame395,150.34366197183098,160.06197183098593,157.80845070422535,215.44192634560906,215.20113314447593,214.79036827195466,-0.013425648
frame396,150.3718309859155,160.13521126760563,157.92112676056337,215.26912181303115,215.20113314447593,214.79036827195466,-0.013497353
frame397,150.64788732394365,160.13521126760563,158.12112676056339,215.44192634560906,215.20113314447593,214.79036827195466,-0.013433576
frame398,150.40281690140844,160.15211267605633,158.08169014084507,215.26912181303115,215.20113314447593,214.79036827195466,-0.013145655
frame399,150.3943661971831,160.1549295774648,158.07042253521126,215.26912181303115,215.20113314447593,214.79036827195466,-0.013329178
frame400,150.39154929577464,160.15211267605633,158.07042253521126,215.26912181303115,215.20113314447593,214.79036827195466,-0.013453603
frame401,150.66197183098592,160.15211267605633,158.07042253521126,215.44192634560906,215.20113314447593,214.79036827195466,-0.013581842
frame402,149.81408450704225,159.97464788732395,158.49859154929578,216.44759206798867,216.37960339943342,215.30594900849857,-0.013177127
frame403,150.47605633802817,160.29577464788733,158.60845070422536,216.31161473087818,216.24362606232296,215.24645892351276,-0.014344037
frame404,150.2450704225352,159.95492957746478,158.49577464788732,216.31161473087818,216.24362606232296,215.24645892351276,-0.013637632
frame405,150.8056338028169,160.23661971830987,158.7887323943662,216.31161473087818,216.24362606232296,215.24645892351276,-0.014158577
frame406,150.8056338028169,160.23661971830987,158.7887323943662,216.31161473087818,216.24362606232296,215.24645892351276,-0.013689071
frame407,150.8056338028169,160.23661971830987,158.82535211267606,216.31161473087818,216.24362606232296,215.24645892351276,-0.013676167
frame408,151.2112676056338,160.30704225352113,159.19154929577465,216.75920679886684,216.5155807365439,215.24645892351276,-0.013981164
frame409,151.2112676056338,160.30704225352113,159.19154929577465,216.75920679886684,216.4985835694051,215.24645892351276,-0.013893574
frame410,151.2112676056338,160.30704225352113,159.19154929577465,217.09915014164307,216.78753541076486,215.24645892351276,-0.013996601
frame411,151.2112676056338,160.30704225352113,159.19154929577465,217.09915014164307,216.75354107648724,215.24645892351276,-0.014258862
frame412,150.9830985915493,160.34366197183098,159.30704225352113,216.9915014164306,216.75354107648724,215.24645892351276,-0.01443404
frame413,150.9830985915493,160.34366197183098,159.30704225352113,216.9915014164306,216.75354107648724,215.24645892351276,-0.014744192
frame414,151.18591549295775,159.8225352112676,160.0338028169014,218.94334277620396,218.24645892351276,216,-0.014654458
frame415,150.86478873239437,159.66478873239436,159.32394366197184,218.94334277620396,218.24645892351276,216,-0.015137315
frame416,151.18309859154928,159.71549295774648,159.6,218.90934844192634,218.24645892351276,216,-0.015904695
frame417,151.18309859154928,159.71549295774648,159.6,218.94334277620396,218.24645892351276,216,-0.01594907
frame418,151.18309859154928,159.71549295774648,159.6,218.94334277620396,218.24645892351276,216,-0.01611498
frame419,151.18309859154928,159.71549295774648,159.6,218.90934844192634,218.24645892351276,216,-0.016259849
frame420,151.18309859154928,159.71549295774648,159.6,218.90934844192634,218.24645892351276,216,-0.016347706
frame421,151.18309859154928,159.71549295774648,159.66478873239436,218.94334277620396,218.24645892351276,216,-0.016404301
frame422,151.18309859154928,159.71549295774648,159.6,218.94334277620396,218.24645892351276,216,-0.016458482
frame423,151.18309859154928,159.71549295774648,159.6,218.94334277620396,218.24645892351276,216,-0.016504109
frame424,151.18309859154928,159.71549295774648,159.6,218.94334277620396,218.24645892351276,216,-0.016548812
frame425,151.18309859154928,159.71549295774648,159.6,218.90934844192634,218.24645892351276,216,-0.016596407
frame426,150.88732394366198,159.70140845070424,159.88732394366198,219.1388101983003,218.05099150141643,216,-0.016521871
frame427,150.5887323943662,159.66760563380282,159.06760563380283,219.1728045325779,218.08498583569406,216,-0.016747087
frame428,150.92957746478874,159.63661971830984,159.7774647887324,219.1728045325779,218.08498583569406,216,-0.017032325
frame429,150.71549295774648,159.56338028169014,159.48732394366198,219.1728045325779,218.08498583569406,216,-0.016747892
frame430,150.71549295774648,159.56338028169014,159.48732394366198,218.81586402266288,217.81303116147308,216,-0.016931742
frame431,150.71549295774648,159.56338028169014,159.48732394366198,218.81586402266288,217.81303116147308,216,-0.016854256
frame432,149.79154929577464,158.87042253521128,158.81971830985916,218.81586402266288,217.81303116147308,216,-0.016845822
frame433,149.50422535211268,158.3718309859155,158.32394366197184,219.25779036827194,217.81303116147308,216,-0.018526852
frame434,148.0169014084507,157.3605633802817,157.28450704225352,219.25779036827194,217.81303116147308,216,-0.024491131
frame435,146.57183098591548,156.07042253521126,155.61971830985917,220.96600566572238,218.59206798866856,215,-0.039863199
frame436,145.42253521126761,154.87887323943661,154.84225352112676,221.40793201133144,218.59206798866856,215,-0.063389957
frame437,143.63661971830984,153.44225352112676,153.40281690140844,221.41359773371104,218.59490084985836,215,-0.093219727
frame452,135.04225352112675,144.7661971830986,148.52394366197183,211.68838526912182,207.54107648725213,197.21529745042494,2.7539873123168945
frame453,135.0112676056338,144.74084507042252,148.7605633802817,153.8300283286119,158.06798866855524,165.68555240793202,2.2631947994232178
frame454,136.60845070422536,145.88450704225352,149.96901408450705,152.04532577903683,157.02832861189802,164.03399433427762,1.3011143207550049
frame455,138.74084507042252,148.70985915492957,151.8619718309859,155.0141643,161.0141643,166.0084985835694,0.7361354827880859
frame456,141.84788732394367,151.68169014084506,154.78591549295774,157.20963172804534,163.03682719546742,167.69121813031163,0.4670373201370239
frame457,160.54929577464787,165.856338,171.3549295774648,160.03682719546742,165.03682719546742,168.8640226628895,0.26768845319747925
frame458,160.29859154929576,166.1267605633803,169.36901408450703,164.23229461756375,169.23229461756375,172.38526912181302,0.10408389568328857
frame459,161.78028169014084,167.78028169014084,170.85352112676057,169.52407932011332,172.97733711048159,175.67988668555242,0.013227105140686035
frame460,154.0225352112676,162,166.0112676056338,147.76203966005664,157.05099150141643,161.05099150141643,-0.013721585
frame461,152.26760563380282,160.40845070422534,164.0169014084507,148.43342776203966,157.95750708215297,161.71388101983004,-0.023223817
frame462,145.71830985915494,155.3943661971831,157.9718309859155,149.1388101983003,158.11614730878188,161.59773371104816,-0.024357915
frame463,133.56619718309858,144.91549295774647,148.22535211267606,147.6458923512748,157.10481586402267,161.10481586402267,-0.005926549
frame464,132.18591549295775,143.50422535211268,146.4676056338028,146.38526912181302,155.31161473087818,160.23229461756375,-0.008507758
frame465,132.6450704225352,144.10985915492958,146.9661971830986,147.18130311614732,156.09065155807366,160.39376770538243,-0.011724293
frame466,131.8732394366197,143.6,146.48169014084507,145.87818696883852,154.6543909348442,160.37677053824362,-0.0135158
frame467,133.95492957746478,142.7492957746479,146.7380281690141,181.43059490084985,181.3342776203966,181.76203966005664,-0.032892346
frame468,132.38028169014083,141.55211267605634,143.81126760563382,241.76770538243625,230.57223796033995,213,-0.061382562
frame469,130.8056338028169,139.87042253521128,141.12112676056339,240.21246458923514,229.8300283286119,213,-0.069039047
frame470,129.88732394366198,139.68732394366197,139.96056338028168,238.93767705382436,228.71671388101984,214,-0.043149561
frame471,130.8619718309859,141.34647887323945,140.1380281690141,228.07648725212465,219.44759206798867,213.03116147308782,0.044316858
frame472,131.94084507042254,141.73521126760562,140.47605633802817,227.54957507082153,219.27478753541075,213.03116147308782,0.44177019596099854
frame473,133.04225352112675,142.92112676056337,141.9661971830986,215.8611898016997,208.42492917847025,210.59490084985836,1.2562272548675537
frame474,134.743662,144.14084507042253,142.9042253521127,210.96600566572238,204.25779036827194,208.6657223796034,2.208488702774048
frame475,136.06760563380283,145.04507042253522,143.9718309859155,205.78753541076486,200.44475920679886,206.19263456090653,2.7776873111724854
frame476,137.20845070422536,146.04507042253522,145.01408450704224,204.24362606232296,198.79603399433427,205.73371104815865,2.8608341217041016
frame477,138.456338,147.24225352112677,146.3887323943662,203.06515580736544,197.91218130311614,204.8498583569405,2.745685577392578
frame478,139.49577464788732,148.34084507042255,147.31267605633803,202.92634560906515,197.87818696883852,204.8498583569405,2.2828829288482666
frame479,140.72112676056338,149.4619718309859,148.50140845070422,199.1699716713881,195.42209631728045,202.56940509915015,1.2703053951263428
frame480,142.1492957746479,150.70422535211267,150.33802816901408,199.1529745042493,195.42209631728045,202.56940509915015,0.9152126312255859
frame481,143.77464788732394,151.72112676056338,151.7549295774648,199.1529745042493,195.42209631728045,202.56940509915015,0.9349280595779419
frame482,144.8225352112676,152.8676056338028,152.93521126760564,198.1699716713881,195.42209631728045,203.44759206798867,0.9664645195007324
frame483,146.04507042253522,153.94929577464788,154.143662,198.11331444759207,195.3654390934844,203.44759206798867,0.966281533
frame484,147.13521126760563,155.24225352112677,155.28732394366196,198.09065155807366,195.3654390934844,203.44759206798867,0.9535090923309326
frame485,149.01408450704224,156.28169014084506,156.49577464788732,196.1529745042493,194.44475920679886,202.58640226628896,0.9221652746200562
frame486,150.5211267605634,157.58028169014085,157.08450704225353,196.11331444759207,194.3654390934844,202.54674220963173,0.8678786754608154
frame487,151.3549295774648,158.23098591549297,157.42535211267605,195.58640226628896,193.75920679886684,201.92351274787535,0.6939208507537842
frame488,151.7492957746479,158.6281690140845,157.99718309859156,195.1331444759207,194.13031161473089,203.04532577903683,0.4502311646938324
frame489,151.93802816901407,158.56619718309858,157.75211267605633,194.72804532577905,194.41926345609065,202.82152974504248,0.2157951146364212
frame490,151.8225352112676,158.6338028169014,157.743662,195.75637393767704,195.77903682719545,203.5014164305949,0.069133699
frame491,149.34929577464789,159.56901408450705,158.16338028169014,197.9915014164306,197.26628895184135,204.82436260623228,0.015259772539138794
frame492,149.256338,159.69577464788733,157.9661971830986,200.82152974504248,199.1529745042493,206.71104815864024,-0.006217867
frame493,149.11549295774648,159.67605633802816,157.9943661971831,200.82152974504248,199.1529745042493,206.71104815864024,-0.012861729
frame494,149.07605633802817,159.76338028169013,158.03943661971832,200.82152974504248,199.05382436260624,206.71104815864024,-0.013999522
frame495,148.96056338028168,159.87887323943661,158.21971830985916,201.52691218130312,199.26912181303115,206.20113314447593,-0.014200985
frame496,149.27323943661972,159.8056338028169,158.12957746478872,200.6685552407932,198.32294617563738,205.77620396600565,-0.014819384
frame497,149.26478873239438,159.91830985915493,158.29295774647886,201.82152974504248,200.6402266288952,206.42209631728045,-0.014345884
frame498,149.8056338028169,160.0225352112676,158.5098591549296,205.3371104815864,204.93484419263456,208.25212464589234,-0.01320976
frame499,149.83661971830986,159.97464788732395,158.743662,205.61473087818698,205.62039660056658,208.55240793201133,-0.012165219
frame500,149.81971830985916,159.9774647887324,158.69295774647887,205.6657223796034,205.44759206798867,209.0198300283286,-0.011796147
frame501,149.94366197183098,159.8676056338028,158.8450704225352,205.6657223796034,205.44759206798867,209.0198300283286,-0.01156199
frame502,149.4,159.54929577464787,158.56619718309858,205.6657223796034,205.28895184135976,209.0198300283286,-0.010602474
frame503,149.91830985915493,160.03661971830985,158.4901408450704,212.28328611898016,212.80453257790367,213.53541076487252,-0.008804142
frame504,149.94366197183098,159.8985915492958,158.34366197183098,216.6458923512748,217.4787535410765,215.40509915014164,-0.007787317
frame505,149.80845070422535,159.94647887323944,158.3774647887324,216.6458923512748,217.4787535410765,215.40509915014164,-0.007769287
frame506,149.91830985915493,160.05352112676056,158.4732394366197,216.6458923512748,217.37960339943342,215.40509915014164,-0.007349968
frame507,150.27042253521128,160.23661971830987,158.75774647887323,216.42492917847025,216.20679886685554,215.30311614730877,-0.006868482
frame508,150.41971830985915,160.23661971830987,158.75774647887323,216.74787535410766,217.44475920679886,215.30311614730877,-0.00648734
frame509,150.41971830985915,160.23661971830987,158.75774647887323,216.74787535410766,217.44475920679886,215.30311614730877,-0.007870704
frame510,150.41971830985915,160.23661971830987,158.75774647887323,216.74787535410766,217.44475920679886,215.30311614730877,-0.010387927
frame511,150.4619718309859,160.25352112676057,158.8225352112676,216.71388101983004,217.41076487252124,215.30311614730877,-0.012284577
frame512,150.50140845070422,160.2225352112676,158.4901408450704,216.74787535410766,217.41076487252124,215.30311614730877,-0.013114154
frame513,150.6112676056338,160.26478873239438,158.54084507042253,216.74787535410766,217.41076487252124,215.30311614730877,-0.013576508
frame514,150.6112676056338,160.26478873239438,158.5943661971831,216.74787535410766,217.41076487252124,215.30311614730877,-0.01365912
frame515,151.6169014084507,160.3718309859155,159.8619718309859,216.37960339943342,216.6515580736544,215.40509915014164,-0.014754295
frame516,151.72112676056338,159.9718309859155,160.1943661971831,216.9971671388102,217.1614730878187,215.23512747875355,-0.014054537
frame517,152.00845070422534,159.9830985915493,160.3887323943662,216.9971671388102,217.1614730878187,215.23512747875355,-0.015040129
frame518,151.81971830985916,159.91549295774647,159.77464788732394,217.6713881,217.1614730878187,215.23512747875355,-0.015116364
frame519,151.81971830985916,159.91549295774647,159.7718309859155,217.6713881,217.1614730878187,215.23512747875355,-0.016011566
frame520,151.93802816901407,160.72112676056338,160.0056338028169,217.6713881,217.1614730878187,215.23512747875355,-0.017072409
frame521,151.95211267605634,161.05352112676056,160.0169014084507,217.6713881,217.1614730878187,215.23512747875355,-0.017073035
frame522,151.96338028169015,161.35211267605635,160.31267605633803,217.92634560906515,217.28895184135976,215.3626062322946,-0.016367704
frame523,151.96901408450705,160.69859154929577,160.65352112676055,218.25495750708214,217.57223796033995,215.3626062322946,-0.013480812
frame524,152.90140845070422,161.35211267605635,161.10422535211268,218.25495750708214,217.57223796033995,215.3626062322946,-0.012651414
frame525,152.88450704225352,161.7774647887324,161.1380281690141,217.45325779036827,217.57223796033995,215.3626062322946,-0.012367934
frame526,152.97464788732395,161.87605633802818,161.34084507042255,217.45325779036827,217.57223796033995,216.23512747875355,-0.012693197
frame527,153.49859154929578,161.8619718309859,161.47605633802817,217.23796033994336,217.6402266288952,216.60339943342777,-0.013623446
frame528,155.05915492957746,162.90140845070422,162.1661971830986,216.25779036827194,216.88668555240793,216.58356940509915,-0.016701847
frame529,155.24225352112677,162.98591549295776,162.31267605633803,216.25779036827194,216.88668555240793,216.58356940509915,-0.017361432
frame530,155.1380281690141,163.1014084507042,162.456338,216.08781869688386,216.88668555240793,216.58356940509915,-0.017714292
frame531,156.34084507042255,163.88169014084508,163.22535211267606,216.25495750708214,217.12464589235128,216.58356940509915,-0.020036817
frame532,156.29295774647886,163.96901408450705,163.34084507042255,216.25495750708214,217.12464589235128,216.58356940509915,-0.020172924
frame533,156.44225352112676,164.11549295774648,163.79154929577464,216.25495750708214,217.12464589235128,217.44475920679886,-0.020721018
frame534,156.96338028169015,164.56056338028168,164.68169014084506,216.25495750708214,217.12464589235128,217.44475920679886,-0.022157192
frame535,157.3830985915493,164.97464788732395,164.7830985915493,216.25495750708214,217.12464589235128,217.44475920679886,-0.023010075
frame536,157.3830985915493,164.97464788732395,165.1014084507042,216.25495750708214,217.12464589235128,217.58356940509915,-0.023222327
frame537,157.40281690140844,165.05633802816902,165.20845070422536,216.25495750708214,217.12464589235128,217.58356940509915,-0.023365229
frame538,157.9887323943662,165.5380281690141,165.69577464788733,214.71954674220964,216.28045325779036,217.58356940509915,-0.025040418
frame539,157.0225352112676,165.84225352112676,166.05352112676056,216.18413597733712,217.81586402266288,218,-0.024011254
frame540,156.86478873239437,166.00281690140844,166.23098591549297,216.52407932011332,218.07082152974505,218,-0.024312288
frame541,156.86478873239437,166.00281690140844,166.23098591549297,216.52407932011332,218.07082152974505,218,-0.024542719
frame542,156.92394366197183,166.6394366197183,166.6281690140845,216.52407932011332,218.07082152974505,218,-0.025507122
frame543,157.456338,167.1014084507042,167.09014084507044,216.5070821529745,218.07082152974505,219,-0.026873291
frame544,157.456338,167.1014084507042,167.13521126760563,216.54107648725213,218.08781869688386,219,-0.026978493
frame545,157.33521126760564,167.11830985915492,167.12394366197182,216.52407932011332,218.08781869688386,219,-0.026914746
frame546,157.1774647887324,167.03943661971832,166.72112676056338,216.52407932011332,218.08781869688386,219,-0.026494145
frame547,157.1774647887324,167.03943661971832,166.72112676056338,216.52407932011332,218.08781869688386,219,-0.026469857
frame548,156.57464788732395,167.02535211267605,166.43098591549295,217.5070821529745,219.07082152974505,219,-0.025310874
frame549,156.5380281690141,166.95211267605634,166.32957746478874,217.5070821529745,219.07082152974505,219,-0.025214821
frame550,155.3605633802817,166.2,165.60281690140846,217.23796033994336,218.8611898016997,219,-0.023056597
frame551,155.81690140845072,165.88169014084508,164.96056338028168,215.74504249291786,217.57790368271955,218.5042492917847,-0.023338497
frame552,154.71830985915494,164.73521126760562,163.4788732394366,215.44475920679886,217.1643059490085,218.3626062322946,-0.020293832
frame553,152.91830985915493,162.91549295774647,161.70704225352114,216.26628895184135,217.03682719546742,218.23512747875355,-0.017261386
frame554,151.60281690140846,161.7661971830986,160.6394366197183,216.60623229461757,217.29178470254956,218.10764872521247,-0.015832096
frame555,150.3661971830986,160.6394366197183,159.46478873239437,217.46175637393767,217.29178470254956,217.23512747875355,-0.014751434
frame556,148.3549295774648,158.1267605633803,157.90704225352113,217.60623229461757,217.29178470254956,217.23512747875355,-0.018761218
frame557,146.86478873239437,156.3774647887324,156.49577464788732,216.75070821529744,216.43626062322946,217.23512747875355,-0.033819795
frame558,145.14647887323943,154.10704225352112,153.68450704225353,217.56940509915015,217.24079320113316,217.45609065155807,-0.066456407
frame559,143.91267605633803,153.08450704225353,152.60845070422536,217.77337110481585,216.03682719546742,216.45609065155807,-0.111049443
frame560,142.93802816901407,152.07605633802817,151.57746478873239,219.0028328611898,216.57790368271955,217,-0.137972921
frame561,140.8619718309859,150.48732394366198,149.92112676056337,221.11331444759207,217.19263456090653,217,-0.09921062
frame562,139.57464788732395,149.27042253521128,148.29014084507043,224.78186968838526,219.72237960339945,217,0.076560184
frame563,136.5323943661972,148.09014084507044,148.9042253521127,241.5014164305949,231.60623229461757,217,0.9481991529464722
frame564,135.43661971830986,147,147.8619718309859,245.8271954674221,234.92917847025495,217,1.9763966798782349
frame565,134.1267605633803,146.23661971830987,147.26760563380282,249.0169971671388,238.90084985835693,217,2.710932731628418
frame566,133.2169014084507,144.7830985915493,145.28169014084506,250.31161473087818,240.11898016997168,217,2.9902091026306152
frame567,132.90140845070422,144.72676056338028,145.42816901408452,250.81586402266288,240.96883852691218,217,3.063838243484497
frame568,133.5943661971831,145.70985915492957,146.29859154929576,251.3541076487252,241.0198300283286,217,3.0821847915649414
frame569,136.89014084507042,147.5098591549296,151.743662,254.6317280453258,246.1643059490085,217,3.0454554557800293
frame570,138.72112676056338,149.03943661971832,154.53521126760563,228.74504249291786,222.31161473087818,209.05665722379604,2.9115593433380127
frame571,139.856338,149.45070422535213,155.43380281690142,157.95184135977337,163.47308781869688,170.95184135977337,2.7207465171813965
frame572,140.9830985915493,150.49577464788732,156.71830985915494,159.4929178470255,165.41076487252124,173.1643059490085,1.9283392429351807
frame573,142.43661971830986,151.8056338028169,156.92394366197183,164.77620396600565,170.3314447592068,175.6657223796034,0.6223002672195435
frame574,146.03661971830985,154.93521126760564,159.18309859154928,168.92351274787535,173.19546742209633,178.94050991501416,0.5002081394195557
frame575,160.16338028169014,166.72112676056338,172.4788732394366,174.17563739376772,177.38810198300283,182.47308781869688,0.3450675904750824
frame576,167.71830985915494,173.69295774647887,178.73239436619718,176.52691218130312,179.11614730878188,183.26345609065154,0.12966103851795197
frame577,171.39718309859154,175.6,180.60281690140846,177.23512747875355,179.92634560906515,184.27195467422095,0.034300416707992554
frame578,161.06197183098593,168.2112676056338,174.20845070422536,151.04532577903683,160.38810198300283,166.3371104815864,-0.004273176
frame579,159.72112676056338,166.95774647887325,173.05633802816902,152.11048158640227,161.08215297450425,167.58356940509915,-0.020070732
frame580,154.25352112676057,162.30704225352113,167.30985915492957,152.89801699716713,161.8640226628895,168.54107648725213,-0.024012655
frame581,137.96901408450705,148.9943661971831,153.34929577464789,151.22946175637395,160.28328611898016,166.28328611898016,-0.013998777
frame582,133.35211267605635,146.21971830985916,149.70422535211267,150.02549575070822,159.76203966005664,165.76203966005664,-0.006933302
frame583,133.44788732394366,146.49859154929578,149.89295774647888,151.1529745042493,160.12181303116148,166.12181303116148,-0.011256903
frame584,133.13521126760563,146.1774647887324,149.30985915492957,151.60339943342777,160.70254957507083,166.70254957507083,-0.013032168
frame585,132.6338028169014,145.85352112676057,148.8985915492958,164.23796033994336,170.04815864022663,176.61756373937678,-0.013824135
frame586,131.91267605633803,143.34929577464789,147.59154929577466,230,221.20396600566573,215.72804532577905,-0.055118978
frame587,130.456338,141.143662,143.72676056338028,238.27762039660055,229.70538243626063,217,-0.082313836
frame588,129.07323943661973,139.9661971830986,141.65070422535211,231.02266288951841,224.52974504249292,216.91501416430594,-0.066157192
frame589,128.89577464788732,140.1380281690141,140.04507042253522,220.37110481586402,213.77053824362605,214.22379603399435,0.015548080205917358
frame590,129.66760563380282,140.96056338028168,140.68169014084506,217.07648725212465,210.3541076487252,213.6713881,0.4178102910518646
frame591,130.71549295774648,142.01408450704224,140.88732394366198,213.89518413597733,207.04815864022663,213.05382436260624,1.3217799663543701
frame592,133.29014084507043,142.81971830985916,142.51830985915493,202.03399433427762,197.55240793201133,207.0084985835694,2.3100075721740723
frame593,134.2507042253521,143.5830985915493,142.68450704225353,200.62606232294618,196.23512747875355,205.72521246458925,2.8617100715637207
frame594,135.44507042253522,144.50140845070422,143.99154929577466,199.22946175637395,195.05382436260624,205.05382436260624,2.943042278289795
frame595,136.24788732394367,145.57183098591548,144.91267605633803,198.68271954674222,195.30878186968837,205.30878186968837,2.899371385574341
frame596,137.83661971830986,146.99154929577466,146.81408450704225,193.81869688385268,191.69971671388103,202.38526912181302,2.594663619995117
frame597,137.9943661971831,147.11267605633802,146.93521126760564,191.57790368271955,191.3569405,202.04249291784703,1.7443156242370605
frame598,139.68169014084506,148.31267605633803,148.11830985915492,190.6515580736544,190.77337110481585,201.11614730878188,1.0525405406951904
frame599,140.5380281690141,149.4112676056338,149.05352112676056,189.57790368271955,189.69971671388103,201.04249291784703,0.9420100450515747
frame600,141.96901408450705,150.8676056338028,151.93802816901407,186.12181303116148,186.5014164305949,198.28045325779036,0.9562698602676392
frame601,143.03098591549295,151.88732394366198,152.91267605633803,185.44759206798867,186.3541076487252,198.28045325779036,0.9584238529205322
frame602,144.1267605633803,153.03943661971832,154.14647887323943,186.5212464589235,187.4844192634561,199.3371104815864,0.9440919160842896
frame603,145.20845070422536,154.34366197183098,155.26760563380282,185.26345609065154,186.4844192634561,198.59490084985836,0.9191840887069702
frame604,146.2450704225352,155.1549295774648,155.3774647887324,183.61473087818698,185.1331444759207,197.28328611898016,0.8761591911315918
frame605,146.543662,155.7774647887324,156.1605633802817,182.41359773371104,184.6345609065156,196.72804532577905,0.76926589
frame606,146.76901408450703,156.143662,156.94084507042254,183.09631728045326,185.1359773371105,196.94617563739376,0.560773492
frame607,146.80281690140845,156.34084507042255,156.93521126760564,184.20963172804534,185.96317280453258,197.69121813031163,0.31677621603012085
frame608,146.98591549295776,156.69859154929577,157.4845070422535,183.46458923512748,185.21813031161474,196.6487252124646,0.1223902553319931
frame609,147.49859154929578,156.92957746478874,157.69014084507043,184.05949008498584,185.88101983002832,196.67705382436262,0.027290284633636475
frame610,148.66197183098592,157.63661971830984,158.12394366197182,185.1359773371105,187.0141643,197.77620396600565,-0.001532227
frame611,148.50140845070422,157.89295774647888,158.10985915492958,187.23512747875355,188.6543909348442,199.38810198300283,-0.010181546
frame612,148.9774647887324,158.52394366197183,158.71549295774648,187.18413597733712,188.60906515580737,199.3654390934844,-0.013860285
frame613,149.54929577464787,158.57183098591548,158.66197183098592,187.17847025495752,188.60339943342777,199.3541076487252,-0.015433997
frame614,150.18873239436618,158.7830985915493,158.88450704225352,189.08215297450425,190.24362606232296,200.30878186968837,-0.016942769
frame615,149.57464788732395,158.34366197183098,158.50422535211268,189.62606232294618,190.70254957507083,200.6657223796034,-0.017045647
frame616,149.67605633802816,159.3943661971831,158.25352112676057,196.90084985835693,197.1558073654391,205.8668555240793,-0.016663492
frame617,149.90704225352113,159.36338028169016,158.2056338028169,196.4900849858357,197.08781869688386,205.89518413597733,-0.01743111
frame618,150.1605633802817,159.48169014084507,158.4619718309859,197.26062322946174,197.81303116147308,205.86968838526911,-0.017734557
frame619,149.43661971830986,159.6056338028169,158.35211267605635,206.75354107648724,207.96600566572238,213.22662889518415,-0.014873415
frame620,149.33239436619718,159.4112676056338,158.37464788732393,208.10198300283287,209.23512747875355,213.92634560906515,-0.014984787
frame621,149.53521126760563,159.34647887323945,158.38591549295774,208.31444759206798,209.23512747875355,213.92634560906515,-0.014454514
frame622,149.26760563380282,159.08450704225353,158.07323943661973,208.4787535410765,209.55240793201133,214.1643059490085,-0.013059378
frame623,149.27042253521128,159.1943661971831,158.14084507042253,208.6317280453258,209.55240793201133,214.1643059490085,-0.01175034
frame624,149.50704225352112,159.1605633802817,158.5154929577465,208.3682719546742,209.1728045325779,214.1643059490085,-0.009900719
frame625,149.50704225352112,159.1605633802817,158.5154929577465,208.07082152974505,209.0198300283286,214.0113314447592,-0.00822565
frame626,149.78028169014084,159.19718309859155,158.83661971830986,208.08498583569406,209.02832861189802,214.0113314447592,-0.007035315
frame627,149.2112676056338,159.26478873239438,158.03098591549295,208.56373937677054,209.42209631728045,215.04815864022663,-0.006074846
frame628,150.88169014084508,159.05070422535212,158.40845070422534,210.61189801699717,208.5099150141643,216,-0.006492555
frame629,150.8619718309859,159.04507042253522,158.42253521126761,210.61189801699717,208.5099150141643,216,-0.005659729
frame630,150.81690140845072,159.1323943661972,158.76901408450703,209.6458923512748,208.5099150141643,215,-0.005402714
frame631,150.65352112676055,159.20281690140845,158.31549295774647,210.61189801699717,208.5099150141643,215,-0.00506264
frame632,150.68169014084506,159.2394366197183,158.54929577464787,210.6458923512748,208.54390934844193,215,-0.005192399
frame633,150.49859154929578,159.27605633802816,158.31549295774647,211.6458923512748,210.5099150141643,215,-0.004878074
frame634,150.49859154929578,159.27605633802816,158.1014084507042,213.71388101983004,212.54390934844193,215,-0.005471557
frame635,150.0112676056338,159.12112676056339,157.63098591549297,220.61189801699717,217.47592067988668,215,-0.007573456
frame636,149.87887323943661,158.92394366197183,157.3887323943662,225.87535410764872,222,215,-0.013495982
frame637,149.34084507042255,158.69014084507043,157.04788732394366,212.80453257790367,209.73937677053826,212.30311614730877,-0.017048985
frame638,149.30140845070423,158.49577464788732,156.32676056338028,204.92634560906515,201.05099150141643,208.38526912181302,-0.015499711
frame639,149.49295774647888,158.52394366197183,155.64788732394365,204.82152974504248,200.6572238,208.57507082152975,-0.012545943
frame640,149.3943661971831,158.91549295774647,156.90140845070422,203.11048158640227,199.67422096317281,207.23796033994336,-0.011622548
frame641,149.23661971830987,158.68732394366197,155.9774647887324,204.46458923512748,200.19830028328613,208.06515580736544,-0.009739757
frame642,149.52957746478873,158.4901408450704,155.90704225352113,204.53541076487252,200.61473087818698,208.5127478753541,-0.009420604
frame643,149.7718309859155,158.27887323943662,155.61971830985917,204.88101983002832,201.40226628895184,209.19830028328613,-0.008780211
frame644,150.2450704225352,158.27323943661972,155.92112676056337,205.43626062322946,201.43626062322946,209.43626062322946,-0.008136272
frame645,150.18873239436618,158.50422535211268,156.67887323943663,207.41643059490085,203.28045325779036,211.72237960339945,-0.007130533
frame646,150.19154929577465,158.50704225352112,156.70985915492957,207.9830028328612,203.8470254957507,212.13031161473089,-0.007162392
frame647,150.3549295774648,158.67042253521126,157.0056338028169,210.54390934844193,207.18696883852692,213.74504249291786,-0.007275075
frame648,150.25915492957748,158.7718309859155,157.1267605633803,212.73654390934846,207.54674220963173,213.40226628895184,-0.008591741
frame649,150.47605633802817,159.0112676056338,157.5154929577465,221.73087818696885,215.79886685552407,216.25212464589234,-0.010131091
frame650,149.9042253521127,159.3661971830986,158.07605633802817,220.20396600566573,214.1444759206799,216.76203966005664,-0.01375699
frame651,149.5830985915493,159.70140845070424,158.33239436619718,231.87818696883852,225.60906515580737,216.60339943342777,-0.018111438
frame652,149.7492957746479,160.26478873239438,159.91267605633803,238.93767705382436,234.37393767705382,217,-0.027232111
frame653,149.3549295774648,160.27887323943662,159.5154929577465,231.12181303116148,227.8668555240793,218,-0.036630809
frame654,150.1380281690141,160.75774647887323,160.5098591549296,228.08215297450425,224.8356940509915,217,-0.035989165
frame655,150.5943661971831,160.98591549295776,160.97464788732395,234.45325779036827,228.89518413597733,217.81303116147308,-0.037147552
frame656,150.31549295774647,160.7830985915493,160.75211267605633,223.0084985835694,220.6685552407932,216.62606232294618,-0.033064038
frame657,149.92394366197183,160.2338028169014,160.2225352112676,214.41359773371104,214.03116147308782,216.53257790368272,-0.028121412
frame658,149.80281690140845,160.14084507042253,160.08450704225353,212.67422096317281,213.18413597733712,216.43909348441926,-0.024286002
frame659,149.54084507042253,160.3943661971831,160,211.6685552407932,212.27762039660055,216.43909348441926,-0.022513449
frame660,149.50422535211268,160.1549295774648,160.1014084507042,211.6685552407932,212.27762039660055,216.43909348441926,-0.021603703
frame661,149.50422535211268,160.1549295774648,160.1014084507042,211.77620396600565,211.75070821529744,216.43909348441926,-0.021223903
frame662,149.81971830985916,160.0338028169014,159.72394366197184,211.77620396600565,211.8441926345609,216.43909348441926,-0.020953804
frame663,149.06760563380283,159.60845070422536,159.36338028169016,212.77620396600565,211.8441926345609,216.53257790368272,-0.019994944
frame664,150.7774647887324,158.7830985915493,159.03098591549295,207.8611898016997,208.39093484419263,213.73654390934846,-0.021558076
frame665,150.30422535211267,158.71830985915494,158.90985915492956,208.10481586402267,207.68555240793202,214.1388101983003,-0.018949986
frame666,150.12957746478872,158.52957746478873,158.65633802816902,207.56090651558074,207.27762039660055,213.71104815864024,-0.018547684
frame667,150.12957746478872,158.52957746478873,158.6450704225352,209.10481586402267,208.68555240793202,214.28328611898016,-0.017891914
frame668,150.12957746478872,158.52957746478873,158.4676056338028,208.4787535410765,208.20396600566573,214.1388101983003,-0.017677456
frame669,149.35774647887325,157.7718309859155,157.71830985915494,209.8583569405099,208.58356940509915,214.1388101983003,-0.016091347
frame670,148.38591549295774,156.70704225352114,156.856338,210.5127478753541,209.23796033994336,214.1388101983003,-0.016139388
frame671,147.37464788732393,155.67042253521126,155.9774647887324,211.82436260623228,209.58356940509915,214.1388101983003,-0.018790185
frame672,146.20845070422536,154.6,154.78028169014084,212.1643059490085,209.80453257790367,213.79320113314446,-0.029246241
frame673,145.09014084507044,153.51830985915493,153.81690140845072,212.92351274787535,210.20113314447593,213.79320113314446,-0.049888521
frame674,143.63661971830984,152.03661971830985,151.29577464788733,215.25212464589234,211.20113314447593,213.79320113314446,-0.079838187
frame675,142.25352112676057,150.78591549295774,149.60845070422536,216.88951841359773,212.20113314447593,215,-0.102913737
frame676,139.8507042253521,149.87042253521128,148.08450704225353,219.77337110481585,214.30311614730877,215,-0.095367372
frame677,138.20845070422536,148.8281690140845,147.03661971830985,219.8413597733711,214.3371104815864,215,-0.014669538
frame678,137.11267605633802,147.8450704225352,146.04507042253522,220.29745042492917,214.79320113314446,214,0.24807119369506836
frame679,135.15211267605633,146.69295774647887,144.86478873239437,227.97733711048159,220.61189801699717,214,1.092257022857666
frame680,134.06478873239436,145.69295774647887,143.89014084507042,234.12747875354108,225.40509915014164,213.89801699716713,2.1091203689575195
frame681,132.83098591549296,144.61971830985917,142.84788732394367,236.55524079320114,227.20963172804534,213.8300283286119,2.753215789794922
frame682,131.78028169014084,143.68732394366197,141.8450704225352,248.55524079320114,236.3427762,214,2.933971405029297
frame683,130,142.32394366197184,140.71830985915494,251.25779036827194,238.29178470254956,214,2.979301929473877
frame684,129.13521126760563,141.4,139.74647887323943,254.6317280453258,242.07932011331445,214,2.994922399520874
frame685,128.56901408450705,140.70985915492957,139.42816901408452,255,243.07932011331445,214,3.0094826221466064
frame686,129.23661971830987,141.11549295774648,140.93239436619717,255,243.44759206798867,214,3.0311436653137207
frame687,131.2,141.9830985915493,144.55492957746478,255,243.4815864022663,214,3.058805465698242
frame688,133.05633802816902,143.9887323943662,147.91830985915493,245.4844192634561,237.0198300283286,212.58923512747876,3.008887529373169
frame689,132.49577464788732,144.30704225352113,148.09014084507044,165.25212464589234,169.5042492917847,174.40226628895184,2.7041666507720947
frame690,133.79154929577464,145.40845070422534,149.31830985915494,151.22379603399435,157.06798866855524,163.82152974504248,2.3882789611816406
frame691,134.99154929577466,145.8507042253521,149.69577464788733,152.12464589235128,158.1558073654391,164.09348441926346,1.3050538301467896
frame692,136.68169014084506,146.80281690140845,150.95211267605634,156.8555240793201,162.8555240793201,167.11331444759207,0.6651023626327515
frame693,146.4169014084507,155.12957746478872,158.68732394366197,159.59773371104816,165.22662889518415,169.4844192634561,0.3960478901863098
frame694,157.8676056338028,163.93521126760564,167.65352112676055,166.55524079320114,170.62606232294618,173.74220963172806,0.24761562049388885
frame695,161.7830985915493,166.95211267605634,170.8225352112676,169.61473087818698,173.6628895184136,175.75920679886684,0.077102527
frame696,163.75211267605633,168.7830985915493,171.8450704225352,168.53824362606233,172.52974504249292,175.02549575070822,0.005427748
frame697,150.6450704225352,158.25915492957748,164.0281690140845,146.29178470254956,155.9943342776204,159.3597733711048,-0.015028566
frame698,151.28450704225352,158.3605633802817,164.07042253521126,147.47592067988668,156.60623229461757,160.62889518413598,-0.023636341
frame699,147.7661971830986,156.18591549295775,160.42816901408452,148.07365439093485,157.07932011331445,161.05099150141643,-0.025504917
frame700,138.29014084507043,148.8732394366197,153.7830985915493,147.24079320113316,156.93484419263456,160.6628895184136,-0.018620551
frame701,131.61408450704226,144.6225352112676,146.2169014084507,145.77903682719545,155.90651558073654,159.89518413597733,-0.00431639
frame702,130.93521126760564,142.9661971830986,145.64225352112675,143.04815864022663,153.9971671388102,158.9801699716714,-0.010045469
frame703,129.67323943661972,142.20281690140845,144.74647887323943,144.96033994334277,154.77620396600565,159.77620396600565,-0.011467189
frame704,129.5154929577465,141.75774647887323,144.50422535211268,151.07932011331445,158.40793201133144,163.80453257790367,-0.014657795
frame705,130.0957746478873,142.0338028169014,144.7661971830986,218.22662889518415,211.02266288951841,205.61473087818698,-0.051420778
frame706,130.56056338028168,138.71549295774648,140.65352112676055,242.75070821529744,231.47592067988668,213,-0.07140708
frame707,128.856338,137.49577464788732,138.92676056338027,238.69971671388103,227.70254957507083,212.96600566572238,-0.060246378
frame708,129.2507042253521,138.3830985915493,138.65915492957745,231.02549575070822,220.77053824362605,213.3626062322946,0.000393599
frame709,129.81126760563382,139.89014084507042,138.75774647887323,221.06515580736544,212.52974504249292,212.26628895184135,0.21336525678634644
frame710,130.85915492957747,140.89577464788732,139.75774647887323,217.4929178470255,210.09631728045326,211.03116147308782,0.9412691593170166
frame711,132.44507042253522,142.18591549295775,140.84225352112676,209.78470254957506,203.10764872521247,207.69405099150143,1.8001949787139893
frame712,135.08169014084507,143.5098591549296,142.66197183098592,203.25495750708214,198.05665722379604,204.79886685552407,2.6413776874542236
frame713,135.9830985915493,144.3718309859155,143.61408450704226,203.6487252124646,197.6572238,204.62889518413598,2.8820528984069824
frame714,137.2338028169014,145.44788732394366,144.59154929577466,202.73937677053826,197.6572238,204.62889518413598,2.8875606060028076
frame715,138.04507042253522,146.46478873239437,145.93239436619717,202.73937677053826,197.6572238,204.62889518413598,2.8028671741485596
frame716,139.60281690140846,147.46478873239437,146.26760563380282,197.3371104815864,193.58356940509915,201.41076487252124,2.260298967
frame717,140.6281690140845,148.4732394366197,147.5830985915493,196.80169971671387,193.58356940509915,201.82436260623228,1.327652096748352
frame718,142.34929577464789,149.5211267605634,148.63098591549297,193.57507082152975,191.21529745042494,199.70538243626063,0.9536060094833374
frame719,143.4,150.58591549295775,149.93521126760564,193.20113314447593,190.93484419263456,199.4900849858357,0.9528295993804932
frame720,144.743662,152.05633802816902,151.94084507042254,191.61189801699717,190.31161473087818,198.90084985835693,0.9626270532608032
frame721,146.2169014084507,153.4845070422535,153.10704225352112,191.61189801699717,190.31161473087818,199.4900849858357,0.9480820894241333
frame722,147.8,154.8,155.02535211267605,193.03399433427762,191.86968838526911,200.19546742209633,0.9245766401290894
frame723,148.81126760563382,155.94366197183098,155.9774647887324,192.4929178470255,191.28611898016996,200.17563739376772,0.8982455730438232
frame724,149.97464788732395,156.92957746478874,156.8450704225352,191.04815864022663,190.8413597733711,199.73087818696885,0.8602292537689209
frame725,150.29577464788733,157.4676056338028,156.51267605633802,196.57790368271955,194.43342776203966,203.56090651558074,0.6609176397323608
frame726,150.92112676056337,157.86478873239437,157.23098591549297,194.47592067988668,194.76203966005664,202.8611898016997,0.4210524559020996
frame727,150.74084507042252,157.8338028169014,156.7830985915493,196.04532577903683,195.42776203966005,203.70254957507083,0.20301812887191772
frame728,150.38028169014083,157.99154929577466,157.06478873239436,195.67988668555242,195.58923512747876,203.37110481586402,0.068319947
frame729,150.3605633802817,157.96901408450705,157.07042253521126,200.88951841359773,199.31161473087818,206.74220963172806,0.017219513654708862
frame730,149.44507042253522,158.92957746478874,156.98028169014086,197.8583569405099,196.46458923512748,204.18980169971672,-0.004313856
frame731,148.86478873239437,158.96901408450705,156.65070422535211,200.8555240793201,198.37393767705382,205.75920679886684,-0.0097664
frame732,148.85915492957747,159.0225352112676,157.0225352112676,200.3314447592068,197.76203966005664,205.38243626062322,-0.012496978
frame733,148.87042253521128,159.0225352112676,157.05352112676056,200.3371104815864,197.76203966005664,205.38243626062322,-0.012783915
frame734,148.96901408450705,159.0225352112676,157.39718309859154,200.38243626062322,197.8413597733711,205.45042492917847,-0.011933148
frame735,148.9661971830986,159.01971830985914,157.39718309859154,200.38243626062322,197.8413597733711,205.45042492917847,-0.010748267
frame736,149.07323943661973,159.03661971830985,157.64788732394365,202.42492917847025,201.22096317280455,206.60339943342777,-0.008612543
frame737,149.2281690140845,159.05915492957746,157.55492957746478,203.02549575070822,201.22096317280455,206.60339943342777,-0.008207321
frame738,149.10985915492958,159.1267605633803,157.92676056338027,203.42776203966005,201.71954674220964,207.30594900849857,-0.007694751
frame739,149.3943661971831,159.09295774647887,157.9042253521127,214.0056657223796,213.39093484419263,214.1331444759207,-0.005217105
frame740,149.38591549295774,159.07887323943663,157.99154929577466,213.81303116147308,214.07082152974505,213.9915014164306,-0.006786972
frame741,149.543662,159.05352112676056,158.16901408450704,213.81303116147308,213.24929178470256,213.9915014164306,-0.007221878
frame742,151.1549295774648,158.96338028169015,157.35211267605635,215.1728045325779,214.24645892351276,215.56940509915015,-0.008124411
frame743,150.68732394366197,159.12957746478872,157.12394366197182,215.1728045325779,214.24645892351276,215.56940509915015,-0.007801533
frame744,150.68732394366197,159.12957746478872,157.10985915492958,215.1728045325779,214.24645892351276,214.62322946175638,-0.008499175
frame745,150.4845070422535,159.30985915492957,157.1718309859155,215.81869688385268,214.72237960339945,214.62322946175638,-0.010260046
frame746,149.7943661971831,158.8338028169014,156.86478873239437,213.97450424929178,213.75637393767704,214.56940509915015,-0.011857688
frame747,149.92957746478874,158.8338028169014,157.05633802816902,214.88668555240793,213.79036827195466,215.5155807365439,-0.013333738
frame748,150.05352112676056,158.65633802816902,156.93239436619717,214.88668555240793,213.79036827195466,214.56940509915015,-0.013942897
frame749,150.05352112676056,158.65633802816902,156.93239436619717,214.88668555240793,213.75637393767704,214.56940509915015,-0.014189243
frame750,150.49577464788732,158.8507042253521,157.2338028169014,214.78470254957506,214.6685552407932,214.56940509915015,-0.014102161
frame751,150.49577464788732,158.8507042253521,157.2338028169014,213.69121813031163,212.8498583569405,214.3427762,-0.013611227
frame752,150.63098591549297,158.9042253521127,156.9774647887324,213.69121813031163,213.76770538243625,214.3427762,-0.013054341
frame753,150.65070422535211,158.92394366197183,157.36338028169016,213.69121813031163,213.76770538243625,214.3427762,-0.01293692
frame754,150.11549295774648,159.29859154929576,157.58028169014085,215.97167138810198,214.5099150141643,215,-0.012913048
frame755,150.2394366197183,159.2,157.04507042253522,215.97167138810198,215.47592067988668,215,-0.014006287
frame756,150.4112676056338,159.06197183098593,157.3661971830986,215.97167138810198,214.5099150141643,215,-0.014428526
frame757,150.4112676056338,159.06197183098593,157.3661971830986,215.97167138810198,214.5099150141643,215,-0.01425606
frame758,150.67605633802816,158.83661971830986,157.51830985915493,215.97167138810198,215.47592067988668,215,-0.013876885
frame759,150.70985915492957,158.79154929577464,157.32394366197184,215.97167138810198,214.5099150141643,215,-0.01375863
frame760,150.62535211267607,158.80281690140845,157.31830985915494,215.97167138810198,214.5099150141643,215,-0.01379174
frame761,150.72957746478872,158.80281690140845,157.31830985915494,215.97167138810198,214.47592067988668,215,-0.013938725
frame762,150.92112676056337,158.70985915492957,157.28732394366196,215.97167138810198,214.47592067988668,215,-0.013816208
frame763,151.0281690140845,158.70985915492957,157.28732394366196,215.97167138810198,215.47592067988668,215,-0.013552338
frame764,150.92112676056337,158.70985915492957,157.28732394366196,215.97167138810198,214.5099150141643,215,-0.013503134
frame765,150.92112676056337,158.70985915492957,157.28732394366196,215.97167138810198,214.5099150141643,215,-0.013495117
frame766,150.7887323943662,158.8281690140845,157.95774647887325,215.97167138810198,214.5099150141643,215,-0.013507843
frame767,150.8281690140845,158.7605633802817,157.57464788732395,215.97167138810198,215.47592067988668,215,-0.013254672
frame768,151.0112676056338,158.7943661971831,157.7774647887324,215.97167138810198,214.5099150141643,215,-0.013528079
frame769,151.0112676056338,158.7943661971831,158.11830985915492,215.97167138810198,214.5099150141643,215,-0.013375252
frame770,150.83098591549296,158.7943661971831,157.7774647887324,215.97167138810198,214.5099150141643,215,-0.01320681
frame771,151.0112676056338,158.7943661971831,158.11830985915492,215.97167138810198,214.47592067988668,215,-0.013558447
frame772,151.05915492957746,158.75211267605633,157.9774647887324,215.97167138810198,214.5099150141643,215,-0.013307303
frame773,151.05915492957746,158.75211267605633,158.36338028169016,215.97167138810198,214.47592067988668,215,-0.013391048
frame774,151.05915492957746,158.75211267605633,158.36338028169016,215.97167138810198,214.5099150141643,215,-0.013286918
frame775,151.11830985915492,158.79154929577464,158.42535211267605,215.97167138810198,215.47592067988668,216,-0.013222069
frame776,151.26478873239438,158.7774647887324,158.3943661971831,215.97167138810198,214.5099150141643,215,-0.013425976
frame777,151.26478873239438,158.7774647887324,158.43661971830986,215.97167138810198,214.5099150141643,216,-0.013215244
frame778,150.4676056338028,159.31267605633803,157.23098591549297,214.92634560906515,214.6685552407932,214.56940509915015,-0.01318264
frame779,150.4676056338028,159.31267605633803,157.23098591549297,215.02832861189802,213.79036827195466,214.56940509915015,-0.013755143
frame780,150.32394366197184,159.31267605633803,157.23098591549297,215.02832861189802,213.75637393767704,214.56940509915015,-0.0136801
frame781,150.00281690140844,159.28169014084506,156.74647887323943,215.02832861189802,213.75637393767704,214.56940509915015,-0.013847768
frame782,149.69014084507043,159.31549295774647,156.9042253521127,215.02832861189802,213.75637393767704,214.56940509915015,-0.014380902
frame783,149.69014084507043,159.31549295774647,156.9042253521127,215.02832861189802,213.75637393767704,214.56940509915015,-0.014840603
frame784,149.69014084507043,159.31549295774647,156.9042253521127,214.22379603399435,213.75637393767704,214.56940509915015,-0.014949113
frame785,149.52957746478873,159.27887323943662,156.97464788732395,215.90651558073654,214.6685552407932,214.56940509915015,-0.014954984
frame786,149.54647887323944,159.28732394366196,156.9830985915493,214.22379603399435,213.75637393767704,214.56940509915015,-0.015668958
frame787,149.52957746478873,159.27887323943662,156.97464788732395,214.25779036827194,213.75637393767704,214.56940509915015,-0.015452236
frame788,149.0338028169014,158.81690140845072,156.56619718309858,215.90651558073654,214.6685552407932,214.56940509915015,-0.016727865
frame789,147.75774647887323,157.75774647887323,155.14084507042253,215.94050991501416,214.6685552407932,214.56940509915015,-0.026804656
frame790,146.58591549295775,156.17464788732394,154.38591549295774,216.32294617563738,214.73654390934846,214.62322946175638,-0.04917106
frame791,145.27605633802816,154.90704225352113,152.89577464788732,216.9971671388102,214.73654390934846,214.62322946175638,-0.085631043
frame792,144.23661971830987,153.8338028169014,151.90985915492956,217.10481586402267,214.79036827195466,214.67705382436262,-0.119977981
frame793,143.04225352112675,152.72676056338028,150.83098591549296,218.28895184135976,216.3427762,214.67705382436262,-0.123624861
frame794,141.856338,151.58028169014085,149.67323943661972,218.10481586402267,214.79036827195466,214.67705382436262,-0.049051225
frame819,133.8619718309859,144.7549295774648,148.2,145.79886685552407,156.08498583569406,160.08498583569406,-0.00757432
frame820,132.6338028169014,143.44225352112676,146.256338,146.11331444759207,155.1416430594901,160.08498583569406,-0.00756526
frame821,130.45915492957747,142.96338028169015,145.2507042253521,144.43909348441926,154.71671388101984,159.47592067988668,-0.010435909
frame822,130.08169014084507,142.54084507042253,144.74084507042252,144.46458923512748,154.06232294617564,159.23229461756375,-0.01407218
frame823,129.69577464788733,142.00281690140844,143.99718309859156,201.8441926345609,197.68271954674222,194.6458923512748,-0.048112392
frame824,130.6281690140845,141.21408450704226,143.85915492957747,243.18696883852692,231.42776203966005,213,-0.074265182
frame825,128.0957746478873,138.19718309859155,138.84788732394367,241.6373937677054,230.31161473087818,212.97167138810198,-0.068249404
frame826,129.32394366197184,138.6112676056338,139.45352112676056,241.8328611898017,230.19830028328613,213.95750708215297,-0.020097643
frame827,130.43380281690142,139.38028169014083,140.5154929577465,233.08498583569406,223.1614730878187,213.20113314447593,0.14774271845817566
frame828,130.70985915492957,140.25915492957748,140.7661971830986,226.61473087818698,217.72804532577905,212.60623229461757,0.8911168575286865
frame829,132.93802816901407,141.95492957746478,142.2394366197183,216.03966005665723,208.81019830028328,211.47592067988668,1.8220335245132446
frame830,133.90985915492956,143.10704225352112,143.25915492957748,207.82436260623228,201.71388101983004,206.81019830028328,2.6845803260803223
frame831,135.70704225352114,143.82535211267606,143.4676056338028,199.1614730878187,194.69971671388103,201.5212464589235,2.945173501968384
frame832,137.15774647887324,144.77464788732394,144.4676056338028,199.71954674220964,195.23229461756375,202.46175637393767,2.902653455734253
frame833,138.29577464788733,146.11549295774648,145.9774647887324,199.29745042492917,194.91501416430594,202.1473087818697,2.756727933883667
frame834,139.64225352112675,146.85915492957747,146.44225352112676,199.29745042492917,194.91501416430594,202.1473087818697,2.216395854949951
frame835,140.93239436619717,147.9774647887324,147.8394366197183,197.76203966005664,194.1473087818697,201.61189801699717,1.2946500778198242
frame836,141.94929577464788,148.9774647887324,148.84788732394367,197.52974504249292,194.1473087818697,201.61189801699717,0.9595707654953003
frame837,143.50140845070422,150.55492957746478,151.36901408450703,197.4900849858357,194.1473087818697,202.3399433427762,0.9500414133071899
frame838,144.58591549295775,151.72112676056338,152.55492957746478,197.25779036827194,193.91501416430594,202.1473087818697,0.9702790975570679
frame839,145.66760563380282,152.79154929577464,153.88732394366198,196.25779036827194,193.87535410764872,202.10764872521247,0.9700464010238647
frame840,146.86478873239437,154.2394366197183,155.2,195.4900849858357,193.1473087818697,201.61189801699717,0.9581648111343384
frame841,148.91830985915493,155.66760563380282,156.6394366197183,194.76203966005664,193.1473087818697,201.61189801699717,0.9297019243240356
frame842,149.8507042253521,156.99154929577466,157.67887323943663,195.30878186968837,193.4815864022663,202.58073654390935,0.8878936767578125
frame843,148.2507042253521,158.55211267605634,157.25915492957748,194.94617563739376,194.3597733711048,203.32577903682719,0.7414940595626831
frame844,148.04225352112675,158.7718309859155,157.07887323943663,194.94617563739376,194.3597733711048,203.32577903682719,0.5150810480117798
frame845,148.34366197183098,158.98591549295776,157.36338028169016,195.0084985835694,195.27762039660055,202.8356940509915,0.2686290740966797
frame846,148.2619718309859,159.0225352112676,157.28450704225352,195.0084985835694,194.53257790368272,202.8356940509915,0.085095912
frame847,148.39154929577464,159.07605633802817,157.54647887323944,199.39943342776203,197.0028328611898,204.75070821529744,0.015428573
frame848,148.26478873239438,159.1718309859155,157.07042253521126,199.39943342776203,197.0028328611898,204.75070821529744,-0.006258726
frame849,148.27605633802816,159.1718309859155,157.34366197183098,199.24362606232296,196.69121813031163,204.59490084985836,-0.012549549
frame850,148.32112676056337,159.40281690140844,157.44788732394366,198.73087818696885,196.3286119,204.11898016997168,-0.013325334
frame851,148.26760563380282,159.39718309859154,157.66760563380282,202.45042492917847,200.62322946175638,206.4985835694051,-0.01214397
frame852,148.4732394366197,159.3887323943662,157.54929577464787,202.69121813031163,200.77620396600565,206.58356940509915,-0.012260169
frame853,148.34366197183098,159.32394366197184,157.65070422535211,201.97733711048159,200.56940509915015,206.58356940509915,-0.011482924
frame854,148.52394366197183,159.54929577464787,157.92957746478874,201.4900849858357,200.04532577903683,206.1359773371105,-0.010266602
frame855,149.6,159.51830985915493,158.07887323943663,204.6515580736544,203.12464589235128,208.70254957507083,-0.008650124
frame856,149.23098591549297,159.70140845070424,157.92394366197183,204.6515580736544,203.12464589235128,208.70254957507083,-0.007584065
frame857,149.21971830985916,159.70140845070424,157.92394366197183,203.69405099150143,202.70538243626063,208.28328611898016,-0.007471532
frame858,148.92957746478874,159.8338028169014,157.95211267605634,203.69405099150143,202.43626062322946,208.28328611898016,-0.007072747
frame859,148.61971830985917,159.7492957746479,157.88450704225352,203.45892351274787,202.43626062322946,208.0141643,-0.006578118
frame860,148.67887323943663,159.78028169014084,157.85352112676057,209.07648725212465,209.40793201133144,212.80453257790367,-0.004839748
frame861,149.2056338028169,159.97464788732395,158.12112676056339,209.6430595,209.40793201133144,212.20396600566573,-0.005530298
frame862,149.2,159.94366197183098,157.88732394366198,209.6430595,209.40793201133144,212.20396600566573,-0.005236536
frame863,149.2338028169014,160.12112676056339,158.29295774647886,209.32577903682719,209.47025495750708,212.57790368271955,-0.005089849
frame864,149.2338028169014,160.12112676056339,158.29295774647886,209.32577903682719,209.47025495750708,212.59490084985836,-0.00515461
frame865,149.2338028169014,160.12112676056339,158.29295774647886,209.32577903682719,209.47025495750708,212.57790368271955,-0.005779177
frame866,149.2338028169014,160.12112676056339,158.29295774647886,210.5184135977337,210.12181303116148,212.59490084985836,-0.007263958
frame867,149.80281690140845,159.57183098591548,157.88169014084508,215.45609065155807,214,215,-0.00931102
frame868,149.66478873239436,159.50422535211268,157.72394366197184,215.45609065155807,214,215,-0.012107104
frame869,149.66478873239436,159.50422535211268,157.72394366197184,215.45609065155807,214,215,-0.013558269
frame870,149.66478873239436,159.50422535211268,157.7605633802817,215.45609065155807,214,215,-0.014147609
frame871,149.72957746478872,159.52957746478873,157.91549295774647,215.6713881,214.23796033994336,215,-0.014321655
frame872,149.72676056338028,159.5323943661972,157.9943661971831,215.6713881,214.23796033994336,215,-0.014365762
frame873,149.8338028169014,159.50422535211268,158.01971830985914,215.6713881,214.23796033994336,215,-0.014401168
frame874,149.90985915492956,159.50422535211268,158.1267605633803,215.6713881,214.25495750708214,215,-0.014329851
frame875,149.8338028169014,159.50422535211268,158.01971830985914,215.6713881,214.23796033994336,215,-0.014308333
frame876,149.83098591549296,159.50704225352112,158.12112676056339,215.6713881,214.23796033994336,215,-0.014451176
frame877,149.83098591549296,159.50704225352112,158.0169014084507,215.6713881,214.23796033994336,215,-0.014533788
frame878,149.78591549295774,159.50704225352112,157.98591549295776,215.6713881,214.23796033994336,215,-0.014610529
frame879,150.4,159.63098591549297,157.2,215.76487252124645,214.25495750708214,215,-0.014887452
frame880,150.18028169014084,159.58028169014085,156.8225352112676,215.8611898016997,214.25495750708214,216,-0.01487571
frame881,150.08732394366197,159.6225352112676,157.3830985915493,215.8441926345609,215.23796033994336,215,-0.014868498
frame882,150.1014084507042,159.57464788732395,157.143662,216.8271954674221,215.22096317280455,216,-0.015162319
frame883,150.11267605633802,159.57464788732395,157.08450704225353,215.8611898016997,215.23796033994336,215,-0.015559644
frame884,149.56901408450705,159.68732394366197,157.03943661971832,216.8271954674221,215.22096317280455,215,-0.016037107
frame885,149.72112676056338,159.74084507042252,157.11830985915492,215.8441926345609,214.25495750708214,215,-0.017123103
frame886,149.72112676056338,159.74084507042252,157.11830985915492,215.8441926345609,214.25495750708214,215,-0.017134041
frame887,149.70422535211267,159.7380281690141,157.1267605633803,215.8441926345609,215.23796033994336,215,-0.017216265
frame888,149.70422535211267,159.7380281690141,157.29014084507043,215.8441926345609,214.25495750708214,215,-0.017322063
frame889,149.70422535211267,159.7380281690141,157.1267605633803,215.8441926345609,215.23796033994336,215,-0.017466962
frame890,149.70422535211267,159.7380281690141,157.1267605633803,215.8441926345609,214.25495750708214,215,-0.017807156
frame891,150.27042253521128,159.5830985915493,157.68169014084506,215.87535410764872,215.47592067988668,215,-0.016732305
frame892,150.13521126760563,159.5154929577465,157.22535211267606,216.8413597733711,215.44192634560906,215,-0.016228944
frame893,150.04788732394366,159.51830985915493,157.63661971830984,216.8413597733711,215.47592067988668,215,-0.016312778
frame894,149.68169014084506,159.51830985915493,157.63661971830984,216.8413597733711,215.44192634560906,215,-0.016569674
frame895,150.04788732394366,159.51830985915493,157.63661971830984,216.8413597733711,215.44192634560906,215,-0.016895771
frame896,150.04507042253522,159.50422535211268,157.4,216.8413597733711,215.44192634560906,215,-0.016806483
frame897,150.16338028169014,159.45070422535213,157.6169014084507,216.8413597733711,215.44192634560906,215,-0.016645342
frame898,149.8450704225352,159.45070422535213,157.6169014084507,216.8413597733711,215.44192634560906,215,-0.016656727
frame899,149.8450704225352,159.45070422535213,157.60281690140846,216.8413597733711,215.44192634560906,215,-0.01706475
frame900,149.8450704225352,159.45070422535213,157.6169014084507,216.8413597733711,215.44192634560906,215,-0.017168224
frame901,149.8450704225352,159.45070422535213,157.6169014084507,216.8413597733711,215.44192634560906,215,-0.017288566
frame902,149.8450704225352,159.45070422535213,157.6169014084507,216.55240793201133,215.22096317280455,215,-0.017291099
frame903,150.54647887323944,158.88732394366198,158.4676056338028,216.6458923512748,215,215,-0.016264319
frame904,150.57183098591548,158.856338,158.63661971830984,216.82152974504248,215,215,-0.015218407
frame905,150.57183098591548,158.856338,158.1718309859155,217.1444759206799,215.23796033994336,215,-0.014957547
frame906,149.94084507042254,158.3549295774648,157.9943661971831,217.1614730878187,215.23796033994336,215,-0.015117258
frame907,149.30985915492957,157.7549295774648,157.57746478873239,217.1614730878187,215.23796033994336,215,-0.016621619
frame908,147.7830985915493,156.70704225352114,156.55211267605634,217.97733711048159,215.23796033994336,215,-0.02324295
frame909,146.743662,155.6169014084507,155.52957746478873,218.1501416430595,215.23796033994336,215,-0.038291961
frame910,145.42253521126761,154.54084507042253,154.01408450704224,218.38243626062322,215.40793201133144,215,-0.066781759
frame911,144.39154929577464,153.5098591549296,152.9830985915493,218.38243626062322,215.40793201133144,215,-0.097204953
frame912,143.00845070422534,152.1549295774648,151.28169014084506,220.3569405,216.53541076487252,215,-0.116066545
frame913,141.89577464788732,151.1492957746479,150.08450704225353,219.20396600566573,215.27195467422095,214,-0.1001499
frame939,131.2169014084507,143.2450704225352,145.4619718309859,143.68555240793202,154.32011331444758,159.19830028328613,-0.011894554
frame940,131.04507042253522,142.10422535211268,144.70140845070424,145.40509915014164,154.69971671388103,159.69688385269123,-0.013637513
frame941,130.54084507042253,142.143662,144.49295774647888,160.20963172804534,165.6572238,171.24645892351276,-0.019806534
frame942,130.16338028169014,140.84788732394367,143.48169014084507,240.39943342776203,229.27762039660055,212.78186968838526,-0.055242091
frame943,128.43943661971832,138.2450704225352,139.8619718309859,241.02266288951841,229.59773371104816,212.8470254957507,-0.071223348
frame944,128.12394366197182,136.71267605633804,138.11267605633802,228.18413597733712,216.69971671388103,212.60906515580737,-0.05155921
frame945,129.78591549295774,137.94366197183098,138.86478873239437,222.38810198300283,212.58073654390935,212.5042492917847,0.019017517566680908
frame946,130.39154929577464,138.9042253521127,138.65352112676055,221.12464589235128,211.60056657223797,212.28328611898016,0.2548595070838928
frame947,132.34647887323945,141.32957746478874,140.31267605633803,215.47308781869688,208.6713881,210.6373937677054,0.9500613212585449
frame948,133.66478873239436,142.66760563380282,141.34929577464789,208.61473087818698,202.12181303116148,206.91501416430594,1.7520207166671753
frame949,134.8,143.6169014084507,142.4676056338028,203.81019830028328,198.3654390934844,205.37393767705382,2.529411554336548
frame950,135.8056338028169,144.5887323943662,143.2169014084507,203.07932011331445,197.82152974504248,204.8300283286119,2.819469690322876
frame951,137.256338,145.80845070422535,144.49295774647888,202.20396600566573,197.1529745042493,204.17563739376772,2.804677724838257
frame952,138.5943661971831,146.83098591549296,145.7605633802817,202.20396600566573,197.1529745042493,204.17563739376772,2.592163086
frame953,139.7718309859155,147.83661971830986,146.76338028169013,195.8385269121813,192.41076487252124,200.4872521246459,1.6435108184814453
frame954,141.2507042253521,148.8676056338028,147.93802816901407,194.3427762,191.87252124645892,199.94900849858357,1.0107769966125488
frame955,142.30704225352113,149.89295774647888,149.51830985915493,194.3427762,191.87252124645892,199.94900849858357,0.9376482963562012
frame956,144.2112676056338,151.05915492957746,150.89014084507042,191.3654390934844,189.52407932011332,198.26628895184135,0.9563977718353271
frame957,145.07042253521126,152.34084507042255,151.99718309859156,190.58923512747876,188.78186968838526,198.26628895184135,0.9568257331848145
frame958,146.03943661971832,153.4056338028169,153.55492957746478,189.8441926345609,188.95184135977337,198.40226628895184,0.9368513822555542
frame959,147.0281690140845,154.56338028169014,154.6281690140845,189.90934844192634,188.95750708215297,198.3456090651558,0.9165359735488892
frame960,148.8507042253521,155.87887323943661,156.27323943661972,187.94334277620396,187.95750708215297,197.6515580736544,0.8840268850326538
frame961,149.8,157.06478873239436,157.3830985915493,187.39943342776203,187.54957507082153,197.28895184135976,0.7985798120498657
frame962,150.30704225352113,157.69014084507043,158.20845070422536,193.39093484419263,192.0169971671388,201.24645892351276,0.5801584720611572
frame963,150.2507042253521,157.76338028169013,158.18028169014084,191.71954674220964,191.71671388101984,200.90084985835693,0.33846157789230347
frame964,150.53521126760563,158.00281690140844,158.29859154929576,191.6572238,191.6543909348442,200.8385269121813,0.14373183250427246
frame965,150.55211267605634,158.00281690140844,158.5887323943662,192.25779036827194,192.3427762,201.1501416430595,0.038805783
frame966,150.81690140845072,158.05633802816902,158.75211267605633,195.4957507082153,194.55524079320114,203.11614730878188,0.005687684
frame967,150.856338,157.96901408450705,158.71267605633804,198.78470254957506,196.4872521246459,204.3286119,-0.007474393
frame968,149.44788732394366,158.85352112676057,156.49577464788732,198.11331444759207,195.6373937677054,203.6430595,-0.011626661
frame969,149.29859154929576,158.8338028169014,156.49295774647888,198.0198300283286,195.57507082152975,203.54390934844193,-0.014539361
frame970,149.29295774647886,158.87605633802818,156.86478873239437,198.0198300283286,195.57507082152975,203.54390934844193,-0.015716851
frame971,149.41971830985915,158.81126760563382,156.68169014084506,196.32294617563738,194.6458923512748,202.61473087818698,-0.016027212
frame972,149.543662,158.86478873239437,157.26478873239438,199.6515580736544,198,204.93767705382436,-0.015120983
frame973,149.543662,158.86478873239437,157.26478873239438,199.68555240793202,197.6600566572238,204.93767705382436,-0.015147686
frame974,150.04788732394366,158.84225352112676,157.77464788732394,199.75637393767704,197.76770538243625,204.9801699716714,-0.0146631
frame975,149.65352112676055,158.88169014084508,157.60281690140846,201.18413597733712,199.38243626062322,205.92351274787535,-0.013809294
frame976,150.09859154929578,158.8619718309859,158.09014084507044,201.29745042492917,199.46742209631728,206.0084985835694,-0.014096975
frame977,150.07605633802817,158.88450704225352,158.1014084507042,201.29745042492917,199.46742209631728,206.0084985835694,-0.014115244
frame978,150.35774647887325,158.65352112676055,158.32112676056337,200.5184135977337,198.75637393767704,205.42776203966005,-0.014305681
frame979,150.19154929577465,158.71267605633804,158.32676056338028,210.08498583569406,208.79886685552407,211.9943342776204,-0.010892302
frame980,149.73521126760562,159.19718309859155,157.67887323943663,213.08781869688386,212.42209631728045,213.71104815864024,-0.010171384
frame981,149.30704225352113,159.24225352112677,157.44225352112676,213.08781869688386,212.42209631728045,214.52691218130312,-0.009491682
frame982,149.60281690140846,159.12957746478872,157.4676056338028,212.27195467422095,211.60623229461757,213.71104815864024,-0.008722991
frame983,149.60281690140846,159.12957746478872,157.4845070422535,212.27195467422095,211.60623229461757,213.71104815864024,-0.007590264
frame984,149.6056338028169,159.08732394366197,157.5211267605634,212.9858357,212.1501416430595,213.71104815864024,-0.007129252
frame985,149.6056338028169,159.08732394366197,157.5211267605634,212.9858357,212.1501416430595,213.71104815864024,-0.007941693
frame986,149.6056338028169,159.08732394366197,157.5211267605634,212.9858357,212.11614730878188,213.71104815864024,-0.009710997
frame987,149.69014084507043,159.05915492957746,157.50140845070422,215.8300283286119,214.47592067988668,215,-0.011452734
frame988,149.57464788732395,159.00281690140844,157.45352112676056,215.8300283286119,214.5099150141643,215,-0.013459295
frame989,149.57464788732395,159.00281690140844,157.45352112676056,215.8300283286119,214.47592067988668,215,-0.014506996
frame990,149.58591549295775,159.00281690140844,157.45352112676056,215.8300283286119,214.5099150141643,215,-0.015013218
frame991,149.57464788732395,159.00281690140844,157.45352112676056,215.8300283286119,214.47592067988668,215,-0.015316576
frame992,150.70422535211267,158.73239436619718,158.2394366197183,216.10764872521247,215.47592067988668,216,-0.014833272
frame993,150.43943661971832,158.5887323943662,157.84225352112676,216.10764872521247,215.47592067988668,216,-0.013708025
frame994,150.4112676056338,158.5887323943662,157.83661971830986,216.07365439093485,215.47592067988668,215,-0.013974428
frame995,150.39718309859154,158.57464788732395,157.8225352112676,216.07365439093485,215.47592067988668,216,-0.01416564
frame996,150.39718309859154,158.57464788732395,157.81690140845072,216.07365439093485,215.47592067988668,215,-0.014453828
frame997,150.4112676056338,158.5887323943662,157.83661971830986,216.07365439093485,215.47592067988668,215,-0.014607608
frame998,150.39718309859154,158.57464788732395,157.81690140845072,216.07365439093485,215.47592067988668,215,-0.014648914
frame999,150.4112676056338,158.5887323943662,157.83661971830986,216.07365439093485,215.47592067988668,215,-0.014771163
frame1000,150.4112676056338,158.5887323943662,157.83661971830986,216.07365439093485,215.47592067988668,215,-0.014793366
frame1001,150.4112676056338,158.5887323943662,157.83661971830986,216.07365439093485,215.47592067988668,215,-0.014806151
frame1002,150.4112676056338,158.5887323943662,157.44788732394366,216.07365439093485,215.47592067988668,215,-0.014873654
frame1003,150.02535211267605,158.61408450704226,157.4788732394366,216.07365439093485,214.5099150141643,215,-0.015146941
frame1004,150.2056338028169,159.2169014084507,157.67887323943663,216.07365439093485,215.47592067988668,215,-0.015543789
frame1005,149.8281690140845,159.256338,157.2619718309859,216.07365439093485,214.47592067988668,215,-0.015464336
frame1006,149.81971830985916,159.31549295774647,157.65915492957745,216.07365439093485,214.5099150141643,215,-0.015677065
frame1007,149.67605633802816,159.37464788732393,157.3830985915493,216.07365439093485,214.47592067988668,215,-0.015809268
frame1008,149.67042253521126,159.3549295774648,157.4169014084507,216.07365439093485,214.47592067988668,215,-0.016083211
frame1009,149.68732394366197,159.3549295774648,157.44225352112676,216.07365439093485,214.5099150141643,215,-0.016207904
frame1010,149.67042253521126,159.3549295774648,157.4169014084507,216.07365439093485,214.5099150141643,215,-0.01632762
frame1011,149.68732394366197,159.3549295774648,157.44225352112676,216.07365439093485,214.5099150141643,215,-0.016477972
frame1012,149.68732394366197,159.3549295774648,157.44225352112676,216.07365439093485,215.47592067988668,215,-0.016584903
frame1013,149.68732394366197,159.3549295774648,157.44225352112676,216.07365439093485,214.5099150141643,215,-0.016839653
frame1014,149.68732394366197,159.3549295774648,157.44225352112676,216.07365439093485,214.5099150141643,215,-0.016961396
frame1015,149.68732394366197,159.3549295774648,157.45352112676056,216.07365439093485,214.5099150141643,215,-0.01707992
frame1016,150.2450704225352,159.2450704225352,157.79154929577464,216.07365439093485,214.5099150141643,215,-0.016482532
frame1017,149.9887323943662,158.856338,156.94366197183098,216.58073654390935,215.11048158640227,216,-0.016479701
frame1018,149.9042253521127,158.8,156.89014084507042,215.58923512747876,214.12747875354108,215,-0.01740545
frame1019,149.47042253521127,158.856338,156.92394366197183,216.60623229461757,215.11898016997168,215,-0.018297404
frame1020,149.41408450704225,158.8,156.89014084507042,216.59773371104816,215.11898016997168,215,-0.020274282
frame1021,149.3943661971831,158.81690140845072,156.75774647887323,216.46175637393767,215,215,-0.022272497
frame1022,149.33521126760564,158.78591549295774,156.96056338028168,216.46175637393767,215,215,-0.023578316
frame1023,148.95492957746478,158.94366197183098,156.73239436619718,216.46175637393767,215,215,-0.026341587
frame1024,148.56338028169014,158.42535211267605,156.2394366197183,216.46175637393767,215,215,-0.032053679
frame1025,148.3549295774648,158.21408450704226,156.03098591549295,216.46175637393767,215,215,-0.03963235
frame1026,147.11830985915492,157.09295774647887,155.02535211267605,216.92351274787535,215,215,-0.058702737
frame1027,146.0338028169014,155.62535211267607,153.92394366197183,217.56940509915015,215.47592067988668,215,-0.087401718
frame1028,144.72676056338028,154.26760563380282,153.1774647887324,218.0056657223796,215.47592067988668,215,-0.115620941
frame1029,142.67605633802816,152.90985915492956,151.42816901408452,218.07365439093485,215.54390934844193,215,-0.12199989
frame1030,141.5267605633803,151.8281690140845,150.33521126760564,218.39943342776203,215.54390934844193,214,-0.069360018
frame1031,140.09295774647887,150.78591549295774,149.29295774647886,218.43342776203966,215.54390934844193,214,0.05319494
frame1032,138.67605633802816,149.70422535211267,147.78028169014084,219.07365439093485,215.54390934844193,214,0.4127487540245056
frame1033,137.57464788732395,148.68169014084506,146.59718309859156,219.07365439093485,215.54390934844193,214,1.012743353843689
frame1034,136.29014084507043,147.73239436619718,145.64788732394365,221.8611898016997,217.71954674220964,214,1.6794800758361816
frame1035,134.61408450704226,146.69577464788733,144.92957746478874,223.80736543909347,217.9915014164306,214,2.2846672534942627
frame1036,133.42253521126761,145.54647887323944,143.8985915492958,223.55524079320114,217.5184135977337,213,2.5562779903411865
frame1037,132.30422535211267,143.43661971830986,143,240.74220963172806,229.97167138810198,213,2.7012906074523926
frame1038,130.7718309859155,142.21971830985916,141.8056338028169,246.52407932011332,234.21813031161474,213,2.755842447280884
frame1039,128.64225352112675,140.96056338028168,140.8,251.09631728045326,238.90084985835693,213,2.830846071243286
frame1040,131.41971830985915,139.6225352112676,141.1492957746479,253.93484419263456,242.87252124645892,213,2.8754806518554688
frame1041,129.74084507042252,138.19154929577465,139.44507042253522,254.43909348441926,244.28895184135976,213,2.881356716156006
frame1042,131.2394366197183,139.1774647887324,141.143662,254.9886685552408,245.03966005665723,213,2.895634412765503
frame1043,131.10422535211268,141.32112676056337,143.68169014084506,255,246.5070821529745,213,2.932509183883667
frame1044,134.22535211267606,143.31549295774647,147.6225352112676,232.90651558073654,225.89801699716713,206.58356940509915,2.9267683029174805
frame1045,133.68169014084506,142.81971830985916,147.13521126760563,154.87818696883852,160.26912181303115,165.61756373937678,2.76361084
frame1046,135.03098591549295,143.94366197183098,148.6056338028169,151.69405099150143,156.45325779036827,163.5127478753541,2.586707353591919
frame1047,136.11830985915492,145.55774647887324,149.49295774647888,155.8413597733711,161.56373937677054,166.09348441926346,1.5614674091339111
frame1048,139.39718309859154,147.50422535211268,152.4732394366197,157.71388101983004,162.92351274787535,167.05099150141643,0.655841053
frame1049,149.55492957746478,158.256338,161.29577464788733,160.73371104815865,164.94050991501416,168.81303116147308,0.3444874584674835
frame1050,160.76338028169013,166.69577464788733,169.33521126760564,164.79036827195466,168.8385269121813,172.4900849858357,0.19286280870437622
frame1051,163.00845070422534,166.9774647887324,171.89295774647888,165.42776203966005,169.74220963172806,173.05665722379604,0.046561807
frame1052,166,170,174,166.22379603399435,170.95184135977337,173.67988668555242,-0.003912598
frame1053,152.59718309859156,162.63661971830984,166.56619718309858,145.8526912181303,155.93484419263456,159.77620396600565,-0.020384103
frame1054,148.93521126760564,157.55492957746478,162.87042253521128,144.96600566572238,155.55524079320114,159.5042492917847,-0.025777578
frame1055,147.01971830985914,156.856338,160.32112676056337,148.5099150141643,157.5099150141643,161.3399433427762,-0.026700526
frame1056,138.0338028169014,148.58591549295775,153.03098591549295,147.76487252124645,157.32577903682719,160.90368271954674,-0.017896205
frame1057,131.34084507042255,141.16901408450704,145.5380281690141,145.4985835694051,155.28611898016996,160.24929178470256,-0.001238376
frame1058,132.04788732394366,140.9661971830986,144.96338028169015,144.0141643,155.0113314447592,159.0028328611898,-0.010501266
frame1059,131.7774647887324,140.09295774647887,144.8507042253521,146.6458923512748,155.78753541076486,160.78753541076486,-0.013132662
frame1060,131.41408450704225,139.35211267605635,144.2,150.95467422096317,159.4815864022663,165.18980169971672,-0.015773773
frame1061,130.8619718309859,139.80281690140845,145.27042253521128,227.03399433427762,218.10198300283287,207.97450424929178,-0.047556967
frame1062,127.43098591549295,136.84225352112676,140.03943661971832,241.52974504249292,229.73087818696885,212.9830028328612,-0.065513313
frame1063,125.09295774647887,134.72676056338028,136.31267605633803,241.1671388101983,229.3484419263456,212.97450424929178,-0.056493193
frame1064,126.92676056338028,134.9830985915493,137.49295774647888,229.71388101983004,218.1416430594901,213.47308781869688,-0.014135867
frame1065,127.84788732394367,136.8619718309859,137.6225352112676,225.04249291784703,215.79036827195466,212.6487252124646,0.092930183
frame1066,128.70985915492957,136.92957746478874,138.94929577464788,217.17563739376772,208.91501416430594,212.1388101983003,0.5420770645141602
frame1067,130.49859154929578,139.52957746478873,140.28450704225352,211.72237960339945,204.87818696883852,210.13031161473089,1.2264379262924194
frame1068,131.3774647887324,140.2056338028169,141.38028169014083,204.72804532577905,199.31161473087818,205.25779036827194,2.1421663761138916
frame1069,132.7605633802817,141.27605633802816,142.38028169014083,202.8555240793201,197.80453257790367,204.69688385269123,2.666945219039917
frame1070,135.25352112676057,143.04788732394366,144.18873239436618,196.12181303116148,192.47308781869688,199.94617563739376,2.815634250640869
frame1071,135.93521126760564,144,144.73521126760562,196.69688385269123,193.02266288951841,200.95184135977337,2.8147759437561035
frame1072,137.27323943661972,145.18591549295775,145.9042253521127,196.69688385269123,193.02266288951841,200.95184135977337,2.6430277824401855
frame1073,138.42253521126761,146.19154929577465,147.0056338028169,196.6628895184136,193.02266288951841,201.41643059490085,2.0218143463134766
frame1074,140.256338,147.57183098591548,148.86478873239437,194.56090651558074,191.92067988668555,200.40793201133144,1.1469963788986206
frame1075,141.56338028169014,148.95211267605634,150.19718309859155,194.56090651558074,191.92067988668555,200.40793201133144,0.9240916967391968
frame1076,143.29295774647886,150.1943661971831,151.70704225352114,194.04815864022663,191.92067988668555,200.40793201133144,0.9475113153457642
frame1077,144.07323943661973,151.60281690140846,153.18591549295775,193.56090651558074,191.92067988668555,200.40793201133144,0.9675689935684204
frame1078,145.9718309859155,152.69295774647887,154.9943661971831,192.37393767705382,191.32011331444758,199.81586402266288,0.9766433238983154
frame1079,146.68732394366197,153.8450704225352,156.31267605633803,195.96317280453258,194.1331444759207,202.37110481586402,0.9997173547744751
frame1080,148.30985915492957,155.52394366197183,157.16901408450704,194.43626062322946,192.8271954674221,201.9915014164306,0.9374269247055054
frame1081,148.84788732394367,155.93521126760564,157.50704225352112,195.31444759206798,193.53257790368272,202.62606232294618,0.8834197521209717
frame1082,149.57746478873239,157.08732394366197,157.27887323943662,195.21246458923514,195.44759206798867,203.03966005665723,0.6941611766815186
frame1083,149.59154929577466,157.143662,157.5211267605634,196.07648725212465,196.09348441926346,203.6572238,0.44167792797088623
frame1084,149.18873239436618,156.84788732394367,157.45352112676056,196.22946175637395,195.59490084985836,203.75920679886684,0.19413818418979645
frame1085,149.64225352112675,156.8619718309859,157.49295774647888,195.8583569405099,194.8640226628895,203.03966005665723,0.050225496
frame1086,149.56901408450705,157.0338028169014,157.86478873239437,195.25779036827194,193.62889518413598,202.43909348441926,0.010053962469100952
frame1087,149.57183098591548,156.96338028169015,157.68450704225353,199.38526912181302,196.8328611898017,204.77620396600565,-0.001561642
frame1088,149.9774647887324,156.90140845070422,157.70985915492957,198.54674220963173,196.03399433427762,203.97733711048159,-0.007709026
frame1089,149.2450704225352,157.10422535211268,158.01971830985914,198.81303116147308,196.25495750708214,204.11331444759207,-0.010845512
frame1090,148.91549295774647,157.02535211267605,158.07887323943663,198.78470254957506,196.22096317280455,204.11331444759207,-0.012529701
frame1091,148.64788732394365,157.08169014084507,158.06197183098593,198.78470254957506,196.22096317280455,204.11331444759207,-0.013354063
frame1092,149.10422535211268,157.11267605633802,158.5323943661972,197.23512747875355,195.44192634560906,203.28328611898016,-0.014304012
frame1093,148.79718309859155,157.1774647887324,158.543662,198.8356940509915,196.93767705382436,204.3541076487252,-0.013321102
frame1094,148.0338028169014,157.2056338028169,158.1014084507042,207.60339943342777,208.09631728045326,211.78470254957506,-0.009210706
frame1095,147.7605633802817,157.39718309859154,158.3661971830986,207.92067988668555,207.90084985835693,211.94334277620396,-0.009610176
frame1096,147.85352112676057,157.40845070422534,158.72394366197184,207.92067988668555,207.90084985835693,211.94334277620396,-0.008236051
frame1097,147.8507042253521,157.40845070422534,158.72394366197184,213.27478753541075,212.58073654390935,214.61756373937678,-0.007538468
frame1098,147.88169014084508,157.53521126760563,158.51830985915493,213.27478753541075,212.58073654390935,214.61756373937678,-0.009554476
frame1099,147.81126760563382,157.5211267605634,158.65352112676055,213.27478753541075,212.58073654390935,214.61756373937678,-0.011470944
frame1100,148.0169014084507,157.45070422535213,158.6338028169014,212.94334277620396,212.05665722379604,214.75070821529744,-0.014522672
frame1101,147.72394366197184,157.54929577464787,158.68450704225353,213.6572238,212.56657223796034,214.75070821529744,-0.017677814
frame1102,147.72676056338028,157.55211267605634,158.32112676056337,214.5127478753541,213.28045325779036,215.20963172804534,-0.021566153
frame1103,147.94366197183098,157.55211267605634,158.68732394366197,214.10481586402267,212.9971671388102,215.20963172804534,-0.023463935
frame1104,148,157.60281690140846,158.64225352112675,214.06232294617564,212.96883852691218,214.29745042492917,-0.024315894
frame1105,147.98591549295776,157.6,158.5943661971831,214.06232294617564,213.88101983002832,215.20963172804534,-0.025557488
frame1106,147.87605633802818,157.1943661971831,158.49295774647888,214.90934844192634,213.72237960339945,214.56940509915015,-0.027645051
frame1107,147.80845070422535,157.18309859154928,158.29295774647886,214.90934844192634,213.72237960339945,214.56940509915015,-0.030628622
frame1108,147.7774647887324,157.15211267605633,158.65070422535211,214.90934844192634,213.72237960339945,214.56940509915015,-0.033712357
frame1109,147.89577464788732,157.15211267605633,158.80845070422535,214.90934844192634,213.72237960339945,214.56940509915015,-0.036308855
frame1110,147.89577464788732,157.15211267605633,158.65070422535211,214.90934844192634,213.72237960339945,214.56940509915015,-0.038488179
frame1111,147.89577464788732,157.15211267605633,158.80845070422535,214.90934844192634,213.72237960339945,214.56940509915015,-0.039433181
frame1112,147.86478873239437,157.07323943661973,158.61971830985917,214.90934844192634,213.72237960339945,214.56940509915015,-0.040469587
frame1113,147.9661971830986,157.07323943661973,158.61971830985917,214.90934844192634,213.72237960339945,214.56940509915015,-0.040952623
frame1114,147.9661971830986,157.07323943661973,158.61971830985917,214.90934844192634,213.72237960339945,214.56940509915015,-0.041115224
frame1115,147.86478873239437,157.07323943661973,158.61971830985917,214.90934844192634,213.72237960339945,214.56940509915015,-0.041422755
frame1116,148.03098591549295,157.07042253521126,158.70422535211267,214.90934844192634,213.72237960339945,214.56940509915015,-0.041131169
frame1117,147.49577464788732,157.01408450704224,158.61408450704226,214.90934844192634,213.72237960339945,214.56940509915015,-0.042220175
frame1118,149.88732394366198,156.39154929577464,158.78028169014084,215.93767705382436,215.44192634560906,215,-0.038894206
frame1119,150.1718309859155,156.8,159.19154929577465,215.97167138810198,214.5099150141643,215,-0.035795152
frame1120,150.21408450704226,156.26760563380282,159.14084507042253,215.93767705382436,215.44192634560906,215,-0.033699572
frame1121,150.143662,156.22535211267606,159.01971830985914,215.93767705382436,215.44192634560906,215,-0.033016622
frame1122,150.143662,156.22535211267606,158.92394366197183,215.93767705382436,215.44192634560906,215,-0.032064557
frame1123,150.143662,156.22535211267606,159.0112676056338,215.93767705382436,214.47592067988668,215,-0.030874223
frame1124,150.143662,156.22535211267606,159.01971830985914,215.93767705382436,215.44192634560906,215,-0.030053407
frame1125,150.08732394366197,156.22535211267606,159.01971830985914,215.97167138810198,214.47592067988668,215,-0.029901326
frame1126,150.17464788732394,156.30140845070423,159.08732394366197,215.97167138810198,214.47592067988668,215,-0.029651463
frame1127,150.17464788732394,156.30140845070423,159.08732394366197,215.97167138810198,214.47592067988668,215,-0.029294401
frame1128,150.32676056338028,156.36901408450703,159.29014084507043,215.97167138810198,214.47592067988668,215,-0.028941184
frame1129,150.40281690140844,156.36901408450703,159.38591549295774,215.97167138810198,214.47592067988668,215,-0.028335601
frame1130,149.8732394366197,156.25352112676057,158.65352112676055,215.93767705382436,214.44192634560906,215,-0.028280646
frame1131,149.84788732394367,156.1380281690141,158.56338028169014,215.97167138810198,214.47592067988668,215,-0.029342681
frame1132,149.96338028169015,156.1774647887324,158.65633802816902,215.97167138810198,214.47592067988668,215,-0.029659361
frame1133,149.96338028169015,156.1774647887324,158.7380281690141,215.97167138810198,214.47592067988668,215,-0.029534608
frame1134,149.96338028169015,156.1774647887324,158.65633802816902,215.97167138810198,214.47592067988668,215,-0.029431581
frame1135,149.96338028169015,156.1774647887324,158.65633802816902,215.97167138810198,214.47592067988668,215,-0.029373348
frame1136,150.14647887323943,156.10422535211268,158.51267605633802,215.97167138810198,214.47592067988668,215,-0.029253334
frame1137,150.18591549295775,156.10422535211268,158.67605633802816,215.97167138810198,214.47592067988668,215,-0.028987259
frame1138,150.18591549295775,156.10422535211268,158.51267605633802,215.40226628895184,214.11898016997168,215,-0.02880916
frame1139,150.14647887323943,156.10422535211268,158.67605633802816,215.40226628895184,214.11898016997168,215,-0.0287247
frame1140,150.34084507042255,156.1492957746479,158.06197183098593,215.27478753541075,214,215,-0.028650314
frame1141,150.11549295774648,156.04507042253522,158.24225352112677,215.88668555240793,214.47592067988668,215,-0.028841972
frame1142,148.42535211267605,156.46478873239437,158.6338028169014,216.69688385269123,215.47592067988668,215,-0.030325562
frame1143,146.96901408450705,156.09859154929578,157.87887323943661,216.73087818696885,215.47592067988668,215,-0.034500867
frame1144,146.69859154929577,155.79718309859155,157.60845070422536,216.73087818696885,215.47592067988668,215,-0.040483594
frame1145,145.56338028169014,154.68732394366197,156.57464788732395,216.05099150141643,215,215,-0.049432248
frame1146,144.28169014084506,153.68732394366197,155.5154929577465,216.10198300283287,215,215,-0.060105264
frame1147,143.29295774647886,152.68732394366197,154.8676056338028,217.69688385269123,215.47592067988668,215,-0.071069777
frame1148,141.60845070422536,151.33521126760564,153.31267605633803,217.73087818696885,215.47592067988668,215,-0.074621588
frame1149,140.3943661971831,150.2450704225352,152.3718309859155,217.74787535410766,215.47592067988668,215,-0.056870162
frame1150,138.97464788732395,148.9830985915493,151,217.74787535410766,215.47592067988668,214,-0.010781735
frame1151,137.4845070422535,147.60281690140846,149.79718309859155,218.8555240793201,215.47592067988668,214,0.093344554
frame1152,136.64788732394365,146.07887323943663,148.69295774647887,218.8555240793201,215.47592067988668,214,0.4191814363002777
frame1153,135.35211267605635,145.1718309859155,147.92394366197183,219.03116147308782,215.54390934844193,214,0.8134932518005371
frame1154,135.44225352112676,144.31267605633803,148.24225352112677,221.37110481586402,216.05949008498584,214,1.0165225267410278
frame1155,133.6225352112676,143.10422535211268,146.04225352112675,223.67705382436262,217.8413597733711,214,1.1640318632125854
frame1156,132.4112676056338,140.85915492957747,145.29295774647886,231.04249291784703,222.31161473087818,213,1.277944803237915
frame1157,130.72394366197184,139.60281690140846,143.83098591549296,242.94050991501416,231.32577903682719,213,1.4275788068771362
frame1158,128.73239436619718,137.69014084507043,141.89577464788732,250.37677053824362,237.6572238,213,1.6090419292449951
frame1159,127.33802816901408,137.11830985915492,141.92676056338027,254.79603399433427,243.38243626062322,213,1.8057514429092407
frame1160,126.06760563380281,135.57746478873239,140.34366197183098,254.89801699716713,244.55240793201133,213,1.990516185760498
frame1161,126.21971830985916,135.65633802816902,140.45070422535213,254.87252124645892,244.38243626062322,213,2.165447235107422
frame1162,126.0056338028169,136.0225352112676,141.9943661971831,254.93201133144476,245.60623229461757,213,2.3437016010284424
frame1163,129.59154929577466,139.82535211267606,146.5211267605634,252.56373937677054,243.6685552407932,212.70254957507083,2.5593156814575195
frame1164,129.72957746478872,140.3830985915493,146.29577464788733,170.76203966005664,171.81019830028328,179.03399433427762,2.091937303543091
frame1165,129.63098591549297,140.3774647887324,146.30704225352113,151.39376770538243,155.97450424929178,163.22662889518415,1.455444336
frame1166,131.13521126760563,142.60845070422536,150.38028169014083,156.77903682719545,162.77903682719545,166.73087818696885,1.1667301654815674
frame1167,132.26478873239438,142.8394366197183,150.3549295774648,159.77620396600565,165.92917847025495,169.23512747875355,0.9685064554214478
frame1168,140.75774647887323,149.34084507042255,156.0225352112676,162.77620396600565,167.92917847025495,171.08215297450425,0.8205543756484985
frame1169,155.46478873239437,162.1014084507042,165.95774647887325,166.22662889518415,170.3371104815864,172.6685552407932,0.7380999326705933
frame1170,163.72957746478872,168.8056338028169,173.10422535211268,168.71671388101984,173.74220963172806,175.79036827195466,0.5770784616470337
frame1171,163.67042253521126,168.01408450704224,172.09295774647887,168.97167138810198,172.8668555240793,175.31444759206798,0.3476690649986267
frame1172,149.65070422535211,156.94929577464788,163.24788732394367,146.3342776203966,156.37677053824362,160.3569405,0.1281207650899887
frame1173,156.68732394366197,162.57464788732395,167.7830985915493,146.23796033994336,156.10764872521247,160.09631728045326,0.024924695
frame1174,149.15774647887324,158.28169014084506,162.63098591549297,146.96883852691218,156.6543909348442,160.54107648725213,-0.00244391
frame1175,140.3661971830986,149.30704225352113,154.6450704225352,147.92067988668555,157.28045325779036,160.96033994334277,-0.008960366
frame1176,128.8507042253521,137.87887323943661,143.73521126760562,145.23512747875355,155.61756373937678,159.61756373937678,0.001941383
frame1177,126.94366197183099,135.94366197183098,143.4901408450704,146.05665722379604,155.07082152974505,160.02832861189802,-0.010516852
frame1178,124.98028169014084,135.6056338028169,142.7774647887324,143.43059490084985,153.8583569405099,158.8583569405099,-0.014838457
frame1179,124.63661971830986,135.3718309859155,143.12957746478872,147.43909348441926,156.08498583569406,160.92917847025495,-0.019629598
frame1180,123.93521126760564,135.13521126760563,143.1492957746479,224.18696883852692,216.75637393767704,207.26912181303115,-0.043762356
frame1181,123.73802816901409,133.11267605633802,139.12957746478872,239.79320113314446,228.81019830028328,213,-0.041426927
frame1182,118.69577464788732,130.7605633802817,137.6056338028169,238.69121813031163,227.92351274787535,213,0.016845167
frame1183,117.87887323943661,130.23661971830987,136.27042253521128,228.42492917847025,217.76203966005664,213.25779036827194,0.40996894240379333
frame1184,118.65915492957747,131.0338028169014,137.2394366197183,225.52974504249292,215.47308781869688,212.74220963172806,1.2508130073547363
frame1185,120.65352112676057,133.14084507042253,138.07887323943663,217.56373937677054,209.87252124645892,211.0084985835694,2.186614513397217
frame1186,123.07042253521126,135.08450704225353,140.52394366197183,213.81869688385268,206.5042492917847,210.5099150141643,2.8167660236358643
frame1187,124.60281690140845,136.27323943661972,141.75774647887323,208.09065155807366,201.62322946175638,206.45325779036827,3.0498507022857666
frame1188,125.97464788732394,137.28450704225352,142.72676056338028,199.8441926345609,195.29461756373937,202.3427762,3.0757222175598145
frame1189,127.64788732394366,138.5154929577465,143.89014084507042,197.62322946175638,193.81019830028328,201.09631728045326,3.0690934658050537
frame1190,129.34929577464789,139.8225352112676,145.79154929577464,196.87252124645892,193.18413597733712,201.08498583569406,3.0545945167541504
frame1191,130.4619718309859,140.73239436619718,146.65633802816902,196.87252124645892,193.18413597733712,201.08498583569406,3.026531219482422
frame1192,132.09014084507044,142.00281690140844,148.34647887323945,195.77053824362605,192.69971671388103,200.70821529745044,2.9875009059906006
frame1193,133.45915492957747,143.01408450704224,149.36901408450703,194.8356940509915,191.93484419263456,200.70254957507083,2.956341267
frame1194,135.43661971830986,144.8338028169014,151.10704225352112,193.87252124645892,191.6543909348442,200.8555240793201,2.8367769718170166
frame1195,136.39718309859154,146.01971830985914,152.18309859154928,193.4929178470255,191.6543909348442,200.89518413597733,2.5599260330200195
frame1196,138.30422535211267,147.40281690140844,153.27605633802816,193.28895184135976,191.30878186968837,199.8526912181303,2.2238481044769287
frame1197,139.11549295774648,148.3774647887324,154.25352112676057,192.74504249291786,191.30878186968837,200.39660056657223,1.8830375671386719
frame1198,140.42253521126761,149.68732394366197,156.28450704225352,192.28895184135976,191.30878186968837,200.39660056657223,1.0683852434158325
frame1199,141.45352112676056,150.8281690140845,157.52957746478873,192.26345609065154,191.20396600566573,200.67422096317281,0.9522186517715454
frame1200,143.28450704225352,152.35211267605635,159.08450704225353,195.96883852691218,195.09915014164307,203.3541076487252,0.976697564
frame1201,143.91267605633803,152.8281690140845,159.18591549295775,195.12747875354108,193.4844192634561,202.54107648725213,0.9836224317550659
frame1202,144.69295774647887,153.55492957746478,160.1323943661972,196,194.1699716713881,203.28895184135976,0.97042501
frame1203,144.72676056338028,153.40845070422534,159.65352112676055,195.88101983002832,194.05099150141643,203.1699716713881,0.9440687894821167
frame1204,144.9718309859155,153.14647887323943,159.8507042253521,194.3427762,193.78186968838526,202.8668555240793,0.8822355270385742
frame1205,144.66197183098592,153.1492957746479,159.61408450704226,196.9943342776204,195.76487252124645,204.39660056657223,0.7100740075111389
frame1206,144.72676056338028,153.55774647887324,160.34929577464789,196.45325779036827,195.22379603399435,203.8555240793201,0.46267038583755493
frame1207,144.34647887323945,153.4901408450704,160.22535211267606,199.54107648725213,197.92634560906515,206.55807365439094,0.1360207498073578
frame1208,144.8,153.63098591549297,159.57183098591548,199.3512747875354,197.31161473087818,205.90368271954674,0.003395408
frame1209,144.47605633802817,153.4788732394366,159.8225352112676,199.3512747875354,197.27762039660055,205.90368271954674,-0.021182507
frame1210,144.93802816901407,153.7774647887324,160.0112676056338,198.92634560906515,196.9858357,205.58923512747876,-0.027715504
frame1211,144.3774647887324,153.62535211267607,159.29859154929576,199.12464589235128,197.12181303116148,205.75920679886684,-0.028924108
frame1212,144.79154929577464,153.39154929577464,159.2112676056338,201.27195467422095,199.60056657223797,207.02549575070822,-0.030458838
frame1213,145.26478873239438,153.72394366197184,159.49859154929578,203.08781869688386,201.6685552407932,208.21529745042494,-0.031912088
frame1214,145.8056338028169,154.2450704225352,160.28450704225352,203.59206798866856,202.77620396600565,208.8498583569405,-0.031948924
frame1215,145.70985915492957,154.36338028169016,160.1014084507042,213.12181303116148,214.0198300283286,215.52691218130312,-0.034212083
frame1216,146.2112676056338,154.4676056338028,160.3605633802817,212.08781869688386,212.42209631728045,214.71104815864024,-0.038745284
frame1217,145.89295774647888,154.45915492957747,160.30140845070423,214.22662889518415,214.24645892351276,215.62322946175638,-0.041670322
frame1218,144.47605633802817,154.5267605633803,160.76338028169013,213.6430595,214.68555240793202,215.3541076487252,-0.04691726
frame1219,144.65915492957745,154.92957746478874,161.09859154929578,213.6430595,214.68555240793202,216.27195467422095,-0.051926434
frame1220,144.30985915492957,154.2112676056338,162.81690140845072,214.03966005665723,214.44192634560906,216,-0.054426044
frame1221,145.16338028169014,154.66197183098592,162.5211267605634,214.03966005665723,214.44192634560906,216,-0.054396749
frame1222,145.10422535211268,154.66197183098592,162.5211267605634,214.07365439093485,213.5099150141643,216,-0.054274708
frame1223,145.09014084507044,154.71830985915494,162.4788732394366,214.6600566572238,213.95184135977337,216,-0.054342926
frame1224,144.88169014084508,154.72112676056338,162.48169014084507,214.70538243626063,214.0198300283286,216,-0.053895444
frame1225,145.04225352112675,154.83661971830986,162.59718309859156,214.27762039660055,214.08781869688386,216,-0.052730203
frame1226,145.01971830985914,154.98591549295776,163.39154929577464,214.3456090651558,214.22379603399435,216,-0.050768375
frame1227,145.09295774647887,155.0281690140845,163.44225352112676,215.93201133144476,215.1558073654391,216,-0.05002746
frame1228,145.11267605633802,155.04225352112675,163.456338,216,215.22379603399435,216,-0.049229681
frame1229,145.11267605633802,155.04225352112675,163.456338,216.93201133144476,216.1558073654391,216,-0.048563868
frame1230,145.11267605633802,155.04225352112675,163.456338,218.27762039660055,217.78753541076486,216,-0.046839416
frame1231,145.0169014084507,154.8676056338028,162.2112676056338,219.8640226628895,218.71954674220964,216,-0.045408458
frame1232,144.27323943661972,154.3718309859155,163.03661971830985,220.71671388101984,219.05382436260624,216,-0.042093426
frame1233,144.4169014084507,154.3605633802817,162.66197183098592,222.56940509915015,220.08215297450425,216,-0.032639861
frame1234,144.20845070422536,154.21971830985916,162.20281690140845,222.1416430594901,220.08215297450425,216,-0.012608111
frame1235,144.34929577464789,154.26478873239438,162.28169014084506,224.07365439093485,221.47592067988668,216,-0.002879351
frame1236,144.34929577464789,154.26478873239438,162.24788732394367,223.3597733711048,221,216,0.013234407
frame1237,144.27887323943662,154.05070422535212,161.23661971830987,223.3597733711048,221,216,0.028223723
frame1238,144.5943661971831,153.9943661971831,161.4845070422535,223.3597733711048,221,216,0.042040884494781494
frame1239,144.5943661971831,153.9943661971831,161.4845070422535,223.3597733711048,221,216,0.060565635561943054
frame1240,144.06760563380283,153.65633802816902,161.19718309859155,224.3597733711048,222,216,0.10339230298995972
frame1241,143.96056338028168,153.56056338028168,161.43380281690142,224.3597733711048,222,216,0.18202625215053558
frame1242,143.88732394366198,153.54647887323944,161.08732394366197,224.3597733711048,222,216,0.3046916723251343
frame1243,144.05352112676056,153.54647887323944,161.22535211267606,224.3597733711048,222,216,0.44229865074157715
frame1244,143.8338028169014,153.4788732394366,160.34647887323945,222.94334277620396,220.97733711048159,215.78470254957506,0.5897423624992371
frame1245,144.6225352112676,153.89014084507042,160.07323943661973,223.12464589235128,220.97733711048159,215.78470254957506,0.7480176091194153
frame1246,143.4112676056338,153.3549295774648,161.3718309859155,222.94334277620396,220.97733711048159,215.78470254957506,0.869543195
frame1247,143.4112676056338,153.3549295774648,161.3718309859155,223.12464589235128,220.97733711048159,215.78470254957506,0.9225848913192749
frame1248,143.3661971830986,153.3549295774648,161.36338028169016,222.94334277620396,220.97733711048159,215.78470254957506,0.948027492
frame1249,143.4112676056338,153.3549295774648,161.3718309859155,222.94334277620396,220.97733711048159,215.78470254957506,0.9591927528381348
frame1250,143.67887323943663,153.29577464788733,161.07605633802817,223.12464589235128,220.97733711048159,215.78470254957506,0.9662594795227051
frame1251,143.67887323943663,153.29577464788733,161.07605633802817,223.12464589235128,220.97733711048159,215.78470254957506,0.9740327596664429
frame1252,143.67887323943663,153.29577464788733,161.06760563380283,222.94334277620396,220.97733711048159,215.78470254957506,0.9793614149093628
frame1253,143.86478873239437,153.52394366197183,161.30422535211267,224.07082152974505,221.92351274787535,215.78470254957506,0.9820034503936768
frame1254,143.67887323943663,153.29577464788733,161.07605633802817,222.94334277620396,220.97733711048159,215.78470254957506,0.9828511476516724
frame1255,144.12394366197182,153.52394366197183,161.30422535211267,223.12464589235128,220.97733711048159,215.78470254957506,0.984121561
frame1256,143.05633802816902,153.06197183098593,160.78028169014084,223.02549575070822,220.97733711048159,215.67705382436262,0.9838041067123413
frame1257,142.94366197183098,152.6394366197183,160.19154929577465,222.95750708215297,220.97733711048159,215.67705382436262,0.9815332889556885
frame1258,142.88450704225352,152.76901408450703,160.76338028169013,222.94050991501416,220.97733711048159,215.67705382436262,0.9805302619934082
frame1259,142.96901408450705,152.6169014084507,160.10985915492958,222.95750708215297,220.97733711048159,215.67705382436262,0.9792697429656982
frame1260,142.96901408450705,152.6169014084507,160.1014084507042,221.62322946175638,219.67422096317281,215.55807365439094,0.9782902002334595
frame1261,143.05070422535212,152.6169014084507,160.10985915492958,221.62322946175638,219.67422096317281,215.55807365439094,0.9778658151626587
frame1262,142.98591549295776,152.40845070422534,160.143662,221.62322946175638,219.67422096317281,215.55807365439094,0.9775080680847168
frame1263,141.8225352112676,151.65915492957745,159.12394366197182,220.43626062322946,218.32294617563738,215.25212464589234,0.9768915176391602
frame1264,140.96338028169015,150.88450704225352,158.26478873239438,217.8555240793201,217.3569405,215.12747875354108,0.9749813079833984
frame1265,139.72112676056338,149.743662,157.15211267605633,217.78753541076486,216.4815864022663,215.12747875354108,0.9748638868331909
frame1266,138.21971830985916,148.59154929577466,155.9887323943662,217.78753541076486,216.4815864022663,214.25212464589234,0.9762457609176636
frame1267,137.18873239436618,147.57183098591548,155.07605633802817,217.41643059490085,216.04815864022663,214.42209631728045,0.9786487817764282
frame1268,135.06478873239436,146.5098591549296,154.79154929577464,218.30878186968837,214.93484419263456,215,0.9838094711303711
frame1269,134.07323943661973,145.17464788732394,152.96056338028168,218.58073654390935,215.1728045325779,215,0.993844748
frame1270,132.81971830985916,144.04788732394366,151.81690140845072,218.58073654390935,215.1728045325779,214,1.0205981731414795
frame1271,131.31549295774647,143.04788732394366,150.81690140845072,217.6713881,214.23512747875355,214,1.0743533372879028
frame1272,129.9943661971831,141.80281690140845,149.34647887323945,218.46742209631728,214.62889518413598,214,1.137189507484436
frame1273,129.23098591549297,140.97464788732395,148.456338,226.39660056657223,219.95467422096317,214,1.1801968812942505
frame1274,127.63661971830986,139.7549295774648,147.20845070422536,226.0198300283286,219.45042492917847,214,1.2241681814193726
frame1275,126.62535211267605,138.73521126760562,146.07042253521126,234.97167138810198,226.24645892351276,214,1.290251374
frame1276,124.48450704225353,137.7492957746479,145.42253521126761,244.80169971671387,233.78470254957506,214,1.412921429
frame1277,122.02535211267606,136.02535211267605,144.7718309859155,250.75070821529744,237.8441926345609,214,1.5562222003936768
frame1278,121.14647887323943,134.84225352112676,143.70140845070424,253.70821529745044,240.24645892351276,213,1.6977527141571045
frame1279,119.94084507042254,134.05633802816902,142.58028169014085,255,242.3286119,213,1.8975375890731812
frame1280,119.26478873239436,134.39718309859154,144.05633802816902,255,243.3342776203966,213,2.2189838886260986
frame1281,118.13521126760564,133.6281690140845,143.88169014084508,255,244.46742209631728,213,2.589644432067871
frame1282,122.08450704225352,136.6112676056338,146.80845070422535,254.96600566572238,244.41643059490085,213,2.732905864715576
frame1283,123.1887323943662,137.50422535211268,148.07042253521126,194.68838526912182,194.44475920679886,189.92634560906515,2.6438722610473633
frame1284,124.27323943661972,138.58028169014085,148.5323943661972,153.89801699716713,159.6515580736544,165.96033994334277,2.1198878288269043
frame1285,124.49577464788733,139.1718309859155,149.3830985915493,151.94050991501416,157.6515580736544,163.94617563739376,1.5235916376113892
frame1286,125.07042253521126,139.54084507042253,149.86478873239437,153.1473087818697,158.62322946175638,164.8640226628895,1.1185822486877441
frame1287,135.77464788732394,146.82535211267606,154.57183098591548,156.6515580736544,161.88101983002832,167.13031161473089,0.8527570962905884
frame1288,157.73239436619718,163.61971830985917,168.94366197183098,159.91784702549575,164.38526912181302,168.8328611898017,0.7404910922050476
frame1289,166.62535211267607,170.44225352112676,175.38028169014083,163.4957507082153,167.74787535410766,171.57507082152975,0.6295455098152161
frame1290,162.94929577464788,167,171.94929577464788,169.22096317280455,172.52974504249292,175.45609065155807,0.4652639925479889
frame1291,157,163,168,145.79320113314446,156.28611898016996,160.28611898016996,0.24767017364501953
frame1292,151.60845070422536,159.39718309859154,164.49859154929578,147.45892351274787,157.3456090651558,161.3456090651558,0.082702011
frame1293,148.54084507042253,156.1014084507042,161.71267605633804,147.69121813031163,157.26628895184135,160.8583569405099,0.019749254
frame1294,127.63380281690141,140.27323943661972,146.74647887323943,146.31444759206798,156.70821529745044,160.70821529745044,0.013646334409713745
frame1295,120.36619718309859,134.143662,145.6394366197183,145.79036827195466,155.0056657223796,159.93201133144476,-0.017916203
frame1296,120.11830985915493,134.2281690140845,145.39718309859154,144.92067988668555,154.96033994334277,159.6402266288952,-0.033393383
frame1297,117.69859154929577,132.81126760563382,144.66478873239436,145.09631728045326,153.9886685552408,160.04532577903683,-0.043987244
frame1298,115.5774647887324,130.71267605633804,143.5830985915493,183.22946175637395,183.73654390934846,185.21246458923514,-0.026319027
frame1299,117.7605633802817,131.91267605633803,145.51830985915493,243.88101983002832,232.81586402266288,213,0.076606914
frame1300,110.14929577464788,125.75774647887324,137.6225352112676,244.97450424929178,233.80453257790367,213,0.7991547584533691
frame1301,111.7718309859155,126.08450704225352,136.8450704225352,238.1501416430595,227.3371104815864,212.97733711048159,1.837566614151001
frame1302,110.24788732394366,125.17183098591549,136.34366197183098,230.88668555240793,220.69971671388103,213.6600566572238,2.802168846130371
frame1303,112.53239436619718,128.42253521126761,138.3661971830986,225.32011331444758,217.12747875354108,213.26912181303115,3.134654998779297
frame1304,114.45915492957747,129.2619718309859,139.6169014084507,218.03682719546742,209.4787535410765,211.72521246458925,3.1576454639434814
frame1305,115.33521126760563,130.33802816901408,141.11549295774648,207.91501416430594,201.4815864022663,207.42776203966005,3.146639585494995
frame1306,116.50704225352112,131.65915492957745,142.1661971830986,203.42492917847025,198.28045325779036,204.74220963172806,3.1416754722595215
frame1307,117.76901408450705,132.71549295774648,143.57183098591548,203.37677053824362,198.28611898016996,204.6628895184136,3.1049821376800537
frame1308,119.84788732394367,133.8281690140845,144.60845070422536,203.75070821529744,198.74787535410766,206.29461756373937,3.0839426517486572
frame1309,119.3718309859155,134.49859154929578,144.92394366197183,197.67422096317281,193.96883852691218,201.74504249291786,3.068009614944458
frame1310,120.09295774647887,134.99718309859156,144.89014084507042,197.6572238,193.95184135977337,201.74504249291786,3.059696912765503
frame1311,122.86197183098592,137.17464788732394,147,196.6345609065156,193.47308781869688,201.72237960339945,3.0335781574249268
frame1312,124.03661971830986,138.3774647887324,148.03661971830985,196.20113314447593,193.47308781869688,202.26628895184135,3.0292177200317383
frame1313,125.4169014084507,139.48732394366198,148.95492957746478,195.02266288951841,192.81019830028328,201.6373937677054,2.892446517944336
frame1314,126.67042253521127,140.70985915492957,150.6394366197183,195.02266288951841,192.81019830028328,201.67705382436262,2.848916769
frame1315,128.4619718309859,142.33802816901408,152.69295774647887,194.11614730878188,192.3371104815864,200.77053824362605,2.7834272384643555
frame1316,129.76338028169013,143.49577464788732,153.67605633802816,194.38810198300283,192.54107648725213,201.3626062322946,2.7350666522979736
frame1317,132.3943661971831,145.4901408450704,155.1492957746479,193.29461756373937,192.07082152974505,200.87535410764872,2.375990629196167
frame1318,133.3718309859155,146.48732394366198,156.04507042253522,196.21246458923514,194.46458923512748,202.6458923512748,1.7269562482833862
frame1319,133.64788732394365,146.81971830985916,156.75211267605633,194.41076487252124,193.56373937677054,202.60623229461757,1.118399739265442
frame1320,133.5943661971831,146.8225352112676,156.8225352112676,195.28045325779036,194.57223796033995,203.43342776203966,0.9420292377471924
frame1321,133.9661971830986,146.77464788732394,156.32957746478874,196.28328611898016,196.12747875354108,203.68555240793202,0.9557723999023438
frame1322,134.1943661971831,146.96901408450705,156.2450704225352,196.41076487252124,195.24645892351276,203.77053824362605,0.9758294820785522
frame1323,134.02535211267605,146.9887323943662,156.68450704225353,199.29178470254956,197.1331444759207,205.69121813031163,0.984680176
frame1324,134.09859154929578,146.9887323943662,156.55492957746478,198.4929178470255,196.43626062322946,204.29745042492917,0.9879249334335327
frame1325,134.6225352112676,147.54929577464787,157.67323943661972,198.55240793201133,196.45325779036827,204.3484419263456,0.9898808002471924
frame1326,134.69859154929577,147.6169014084507,157.73239436619718,198.29178470254956,195.94900849858357,204.07932011331445,0.9863601922988892
frame1327,135.47042253521127,148.19154929577465,158.36901408450703,199.11048158640227,196.3654390934844,204.22946175637395,0.9869940280914307
frame1328,135.4732394366197,148.12112676056339,158.2394366197183,203.07365439093485,201.09065155807366,206.71954674220964,0.9926168918609619
frame1329,136.05633802816902,148.58591549295775,158.96338028169015,205.77620396600565,203.91784702549575,208.42492917847025,0.9941411018371582
frame1330,135.70422535211267,148.39154929577464,158.89295774647888,205.81586402266288,204.27478753541075,208.42492917847025,0.9934303760528564
frame1331,135.8338028169014,149.06478873239436,159.54647887323944,204.8668555240793,203.82436260623228,207.96883852691218,0.9922029972076416
frame1332,135.64225352112675,149.0281690140845,159.44507042253522,205.22379603399435,203.93201133144476,208.3597733711048,0.9902141094207764
frame1333,134.8985915492958,148.98591549295776,160.22535211267606,207.1614730878187,207.67422096317281,211.3541076487252,0.9878920316696167
frame1334,134.7718309859155,148.99718309859156,160.04788732394366,212.45892351274787,212.6600566572238,213.8470254957507,0.9860931634902954
frame1335,134.63661971830984,149.00845070422534,159.66760563380282,212.45892351274787,212.6600566572238,213.8470254957507,0.9854028224945068
frame1336,134.63661971830984,149.00845070422534,159.66760563380282,212.45892351274787,212.6600566572238,213.8470254957507,0.9851374626159668
frame1337,134.47605633802817,148.90985915492956,159.6056338028169,211.72804532577905,211.23229461756375,213.11614730878188,0.9854657649993896
frame1338,134.50704225352112,148.90985915492956,159.6056338028169,211.72804532577905,211.23229461756375,213.8470254957507,0.9855588674545288
frame1339,134.50422535211268,148.90704225352113,159.60281690140846,211.72804532577905,211.23229461756375,213.8470254957507,0.9856462478637695
frame1340,134.10985915492958,148.82535211267606,159.49577464788732,216.03399433427762,215,216,0.9863806962966919
frame1341,134.26478873239438,148.92394366197183,159.65633802816902,216.03399433427762,215,215,0.986583948
frame1342,134.26478873239438,148.92394366197183,159.65633802816902,216.39093484419263,215.27195467422095,216,0.9869019985198975
frame1343,134.26478873239438,148.92394366197183,159.65633802816902,216.39093484419263,215.27195467422095,215,0.9870635271072388
frame1344,134.34084507042255,148.92394366197183,159.65633802816902,216.37393767705382,215.23796033994336,215,0.9871581792831421
frame1345,135.3661971830986,149.58591549295775,160.1774647887324,214.03399433427762,212.88385269121812,214.20679886685554,0.9871070384979248
frame1346,135.08732394366197,149.256338,159.6,214.88101983002832,213.73087818696885,214.24645892351276,0.9867892265319824
frame1347,134.84788732394367,149.256338,159.4901408450704,214.8640226628895,213.73087818696885,214.24645892351276,0.9873325824737549
frame1348,135.08732394366197,149.256338,159.6,214.88101983002832,213.73087818696885,214.24645892351276,0.9872066974639893
frame1349,135.2619718309859,149.65633802816902,159.9661971830986,214.8640226628895,213.73087818696885,214.24645892351276,0.987600565
frame1350,135.2619718309859,149.65633802816902,159.9661971830986,214.88101983002832,213.73087818696885,214.24645892351276,0.9875454902648926
frame1351,135.27887323943662,149.65352112676055,159.9830985915493,214.88101983002832,213.73087818696885,214.24645892351276,0.9875906705856323
frame1352,135.56338028169014,149.65352112676055,159.9830985915493,214.88101983002832,213.73087818696885,214.24645892351276,0.9872205257415771
frame1353,135.56338028169014,149.65352112676055,159.9830985915493,214.88101983002832,213.73087818696885,214.24645892351276,0.9869663715362549
frame1354,135.56338028169014,149.65352112676055,159.9830985915493,214.88101983002832,213.73087818696885,214.24645892351276,0.9868519306182861
frame1355,135.27887323943662,149.65352112676055,159.9830985915493,214.88101983002832,213.73087818696885,214.24645892351276,0.9870878458023071
frame1356,134.8338028169014,149.25352112676057,159.73521126760562,214.88101983002832,213.73087818696885,214.24645892351276,0.9869968891143799
frame1357,135.10985915492958,149.6056338028169,160.10422535211268,215.43059490084985,214.08781869688386,214.40509915014164,0.9872782230377197
frame1358,135.5830985915493,149.57746478873239,159.7605633802817,215.43059490084985,214.08781869688386,214.40509915014164,0.9866969585418701
frame1359,135.24788732394367,149.57746478873239,159.67887323943663,215.43059490084985,214.08781869688386,214.40509915014164,0.9871017932891846
frame1360,135.5830985915493,149.57746478873239,159.7605633802817,215.43059490084985,214.08781869688386,214.40509915014164,0.9868519306182861
frame1361,135.5830985915493,149.57746478873239,159.67887323943663,215.43059490084985,214.08781869688386,214.40509915014164,0.9869486093521118
frame1362,135.5830985915493,149.57746478873239,159.67887323943663,215.43059490084985,214.08781869688386,214.40509915014164,0.9870339632034302
frame1363,135.5830985915493,149.57746478873239,159.67887323943663,215.43059490084985,214.08781869688386,214.40509915014164,0.9871677160263062
frame1364,135.24788732394367,149.57746478873239,159.67887323943663,215.39660056657223,214.08781869688386,214.40509915014164,0.987604022
frame1365,135.24788732394367,149.57746478873239,159.67887323943663,215.39660056657223,214.08781869688386,214.40509915014164,0.9876034259796143
frame1366,135.24788732394367,149.57746478873239,159.67887323943663,215.39660056657223,214.08781869688386,214.40509915014164,0.98771894
frame1367,135.24788732394367,149.57746478873239,159.67887323943663,215.39660056657223,214.08781869688386,214.40509915014164,0.9877909421920776
frame1368,134.8225352112676,149.5323943661972,160.04507042253522,215.39660056657223,214.08781869688386,214.40509915014164,0.9882069826126099
frame1369,136.19154929577465,149.67323943661972,160.25915492957748,215.43059490084985,214.08781869688386,214.40509915014164,0.9869852066040039
frame1370,136.34647887323945,149.81408450704225,160.36901408450703,216.79886685552407,215.5184135977337,214.5042492917847,0.9867103099822998
frame1371,136.52957746478873,149.66760563380282,160.2225352112676,215.43059490084985,214.12181303116148,214.5042492917847,0.9861123561859131
frame1372,136.34647887323945,149.81408450704225,160.36901408450703,216.29745042492917,215.41926345609065,214.5042492917847,0.9861987829208374
frame1373,136.2,149.66760563380282,160.2225352112676,216.29745042492917,215.41926345609065,214.5042492917847,0.9860037565231323
frame1374,136.34647887323945,149.81408450704225,160.36901408450703,216.69971671388103,215.41926345609065,214.5042492917847,0.9861199855804443
frame1375,136.43943661971832,149.856338,160.4169014084507,216.29745042492917,215.41926345609065,214.40509915014164,0.9859445095062256
frame1376,136.42253521126761,149.8450704225352,160.4112676056338,216.29745042492917,215.41926345609065,214.40509915014164,0.9858918190002441
frame1377,136.36338028169016,149.8450704225352,160.4112676056338,216.26345609065154,215.41926345609065,214.40509915014164,0.9858267307281494
frame1378,135.56619718309858,149.3943661971831,160.23661971830987,216.3314447592068,215.4872521246459,215.40509915014164,0.9859315156936646
frame1379,135.03661971830985,149.13521126760563,159.9774647887324,216.3314447592068,215.4872521246459,214.40509915014164,0.9861292839050293
frame1380,135.27323943661972,149.12957746478872,159.97464788732395,216.03399433427762,215.28895184135976,214.5042492917847,0.9860547780990601
frame1381,134.9774647887324,148.56901408450705,159.53521126760563,217.79886685552407,216.79603399433427,215,0.9857580661773682
frame1382,133.72394366197184,147.6169014084507,158.3718309859155,217.94334277620396,216.59773371104816,215,0.986918569
frame1383,132.42535211267605,146.6169014084507,157.36901408450703,217.94334277620396,216.59773371104816,215,0.9889910221099854
frame1384,131.1718309859155,145.6169014084507,156.36338028169016,218.4985835694051,216.59773371104816,215,0.9928115606307983
frame1385,129.64225352112675,144.59718309859156,155.30704225352113,218.5014164305949,216.59773371104816,215,1.0017622709274292
frame1386,128.2056338028169,143.44225352112676,154.32676056338028,218.8413597733711,216.8526912181303,215,1.0187276601791382
frame1387,127.2056338028169,142.43943661971832,153.35211267605635,219.26628895184135,216.8526912181303,214,1.0576008558273315
frame1388,126.15774647887324,141.42816901408452,152.34647887323945,219.8413597733711,216.8526912181303,214,1.1214852333068848
frame1389,125.12394366197184,140.42816901408452,151.2450704225352,219.8413597733711,216.8526912181303,214,1.2194205522537231
frame1390,123.24788732394366,139.1661971830986,149.99154929577466,220.1388101983003,217.05099150141643,214,1.375631332397461
frame1391,121.4169014084507,137.9887323943662,148.85352112676057,223.3626062322946,219.26062322946174,214,1.6742908954620361
frame1392,120.2281690140845,136.9718309859155,147.856338,224.1643059490085,219.18130311614732,213,2.0850746631622314
frame1393,117.7549295774648,135.87042253521128,146.8732394366197,229.38810198300283,222.24362606232296,213,2.4845330715179443
frame1394,116.30985915492958,133.6281690140845,145.43098591549295,240.69688385269123,229.59490084985836,213,2.7558321952819824
frame1395,115.4169014084507,132.60281690140846,144.65633802816902,248.23512747875355,235.75920679886684,213,2.894066572189331
frame1396,114.0056338028169,131.57746478873239,144.03661971830985,253.96883852691218,241.8640226628895,213,2.956146240234375
frame1397,112.34084507042253,130.8056338028169,143.20281690140845,254.29745042492917,243.09348441926346,213,2.9850292205810547
frame1398,110.78309859154929,128.98591549295776,141.43098591549295,254.4957507082153,244.5184135977337,213,3.0012283325195312
frame1399,111.54647887323944,129.34929577464789,142.2507042253521,254.54674220963173,244.28611898016996,213,3.0168464183807373
frame1400,117.6281690140845,132.94366197183098,145.856338,254.92351274787535,246.3484419263456,213,3.0094680786132812
frame1401,118.79718309859155,135.69295774647887,149.0056338028169,215.94900849858357,211.8356940509915,199.22946175637395,2.9566545486450195
frame1402,119.77746478873239,136.07323943661973,149.13521126760563,154.52691218130312,159.29178470254956,165.80736543909347,2.8117294311523438
frame1403,119.87042253521126,136.51830985915493,149.8225352112676,151.02832861189802,156.02832861189802,163.0169971671388,2.6554462909698486
frame1423,109.25633802816901,126.7718309859155,136.72676056338028,216.28045325779036,209.19546742209633,210.9971671388102,3.313730478286743
frame1424,111.06197183098591,127.8056338028169,138.2450704225352,209.89235127478753,203.23229461756375,208.26628895184135,3.289475440979004
frame1425,111.27042253521127,129.1661971830986,140.7887323943662,202.96033994334277,198.11614730878188,203.93201133144476,3.4685568809509277
frame1426,113.82816901408451,130.54929577464787,142.1323943661972,202.67988668555242,197.70821529745044,204.5155807365439,3.1785922050476074
frame1427,115.17464788732394,131.66478873239436,143.2281690140845,201.8640226628895,196.9830028328612,203.97167138810198,3.1181886196136475
frame1428,115.7605633802817,132.67323943661972,144.2281690140845,201.8640226628895,196.9830028328612,204.03966005665723,3.090658187866211
frame1429,117.36056338028169,133.5830985915493,145.47042253521127,200.8271954674221,196.82152974504248,203.95184135977337,3.068971872329712
frame1430,119.08169014084507,134.60281690140846,146.56901408450705,200.8271954674221,196.82152974504248,204.0169971671388,3.0499093532562256
frame1431,121.03098591549296,136.18028169014084,147.64225352112675,200.69405099150143,196.82152974504248,204.0169971671388,3.0321311950683594
frame1432,122.13239436619719,137.1943661971831,149.143662,199.89518413597733,195.95467422096317,204.08498583569406,2.913564920425415
frame1433,124.94366197183099,138.99154929577466,151.12394366197182,198.89235127478753,195.88668555240793,204.0169971671388,2.867453098297119
frame1434,126.84507042253522,140.32394366197184,152.42253521126761,198.76203966005664,195.82152974504248,203.88668555240793,2.8342127799987793
frame1435,129.41971830985915,142.98028169014086,154.96901408450705,190.4985835694051,189.59206798866856,198.1728045325779,2.7481062412261963
frame1436,130.20845070422536,143.91830985915493,155.81690140845072,194.8385269121813,193.05382436260624,201.3541076487252,2.5876576900482178
frame1437,130.87887323943661,144.81971830985916,156.94366197183098,194.6458923512748,193.05382436260624,201.3541076487252,2.109954595565796
frame1438,131.6112676056338,145.7492957746479,157.68450704225353,195.27762039660055,194.78186968838526,203.3456090651558,1.4203706979751587
frame1439,132.6056338028169,146.32957746478874,158.3887323943662,195.06515580736544,195.22379603399435,202.8470254957507,1.006737232208252
frame1440,131.61408450704226,146.04507042253522,158,200.4844192634561,199.44759206798867,206.57790368271955,0.9540889263153076
frame1441,131.72394366197184,146.53521126760563,158.5154929577465,200.06232294617564,198.6657223796034,205.18413597733712,0.9741582870483398
frame1442,131.84788732394367,146.64225352112675,158.61971830985917,202.0198300283286,201.25779036827194,206.22096317280455,0.9873037338256836
frame1443,133.14647887323943,147.26760563380282,158.66760563380282,200.93201133144476,200.1473087818697,206.09065155807366,0.9893959760665894
frame1444,132.81690140845072,147.17464788732394,158.48732394366198,203.96033994334277,203.8640226628895,208.1473087818697,0.9919816255569458
frame1445,133.4732394366197,147.6394366197183,159.1492957746479,204.05949008498584,204.3569405,208.08781869688386,0.9882445335388184
frame1446,133.07042253521126,147.50422535211268,158.93239436619717,204.0113314447592,203.94900849858357,208.6430595,0.9915709495544434
frame1447,132.90985915492956,147.3605633802817,158.856338,208.03966005665723,208.94617563739376,211.76770538243625,0.9943814277648926
frame1448,132.0957746478873,147.34084507042255,159.3718309859155,210.72804532577905,211.23229461756375,213.57790368271955,0.9962846040725708
frame1449,132.25352112676057,147.32112676056337,159.07887323943663,210.72804532577905,210.23229461756375,212.8470254957507,0.996436357
frame1450,132.5830985915493,147.66760563380282,159.66197183098592,212.45892351274787,212.6600566572238,213.8470254957507,0.9953217506408691
frame1451,133.26478873239438,148.143662,159.93521126760564,218.68555240793202,216.88668555240793,214.38526912181302,0.9937905073165894
frame1452,133.8985915492958,148.67323943661972,160.75211267605633,213,209.72237960339945,212.09631728045326,0.9917380809783936
frame1453,135.0225352112676,148.94366197183098,160.19718309859155,210.4844192634561,207.60623229461757,212.39093484419263,0.988555908
frame1454,135.60845070422536,149.38028169014083,160.42253521126761,205.61756373937678,202.68838526912182,209.56090651558074,0.9862773418426514
frame1455,136.74084507042252,149.58591549295775,160.25352112676057,203.29178470254956,200.96883852691218,208.75354107648724,0.985274076
frame1456,136.4169014084507,149.33802816901408,160.44788732394366,203.62322946175638,201.46742209631728,209.31161473087818,0.9852173328399658
frame1457,137.4901408450704,150.3605633802817,161.57746478873239,207.5212464589235,204.54390934844193,211.3569405,0.9858049154281616
frame1458,138.1661971830986,151.33802816901408,162.56619718309858,214.57790368271955,210.41926345609065,217,0.9862109422683716
frame1459,138.94929577464788,151.59154929577466,162.60845070422536,216.09631728045326,212.09631728045326,217,0.9854525327682495
frame1460,138.61408450704226,151.62535211267607,162.7774647887324,217.5127478753541,213.6515580736544,217,0.9853850603103638
frame1461,139.11267605633802,152.09014084507044,163.71549295774648,230.44192634560906,223.3399433427762,217,0.9857485294342041
frame1462,139.08169014084507,152.54647887323944,164.41971830985915,234.77053824362605,226.97167138810198,218,0.9849462509155273
frame1463,139.14084507042253,152.7492957746479,165.4112676056338,247.12747875354108,241.03399433427762,218,0.9843579530715942
frame1464,139.04788732394366,152.8676056338028,165.27042253521128,226.3427762,224.61189801699717,218,0.9820259809494019
frame1465,137.89295774647888,151.68169014084506,163.8507042253521,213.92634560906515,214.26345609065154,218,0.9812585115432739
frame1466,135.4732394366197,149.69295774647887,162.2507042253521,205.94334277620396,209.24362606232296,215.74504249291786,0.9807881116867065
frame1467,135.18309859154928,149.45915492957747,161.8056338028169,204.94334277620396,208.24362606232296,214.10764872521247,0.9801779985427856
frame1468,133.56901408450705,148.45915492957747,161.27042253521128,204.94334277620396,208.24362606232296,214.10764872521247,0.9804165363311768
frame1469,132.33521126760564,147.6281690140845,160.51267605633802,205.32577903682719,208.24362606232296,214.10764872521247,0.9806113243103027
frame1470,132.8394366197183,147.6394366197183,160.04225352112675,205.5070821529745,208.24362606232296,213.6713881,0.9806226491928101
frame1471,132.10985915492958,146.6281690140845,158.42253521126761,204.18130311614732,205.71388101983004,212.62322946175638,0.9822787046432495
frame1472,131.9887323943662,146.49295774647888,158.2394366197183,205.02549575070822,206.55807365439094,213.46742209631728,0.9835802316665649
frame1473,132.0281690140845,146.3943661971831,157.96901408450705,205.56940509915015,206.80453257790367,213.0198300283286,0.9845324754714966
frame1474,132.18028169014084,146.3943661971831,157.95492957746478,206.31444759206798,206.80453257790367,213.76487252124645,0.9850800037384033
frame1475,131.92394366197183,146.48169014084507,158.1380281690141,206.62039660056658,206.78753541076486,213.0198300283286,0.9858365058898926
frame1476,132.0169014084507,146.50422535211268,158.27042253521128,206.31444759206798,206.80453257790367,213.0198300283286,0.9858320951461792
frame1477,131.99718309859156,146.49295774647888,158.20281690140845,206.31444759206798,206.80453257790367,213.0198300283286,0.9862102270126343
frame1478,132.5380281690141,147.0338028169014,158.743662,207.62322946175638,207.41643059490085,213.1558073654391,0.986480713
frame1479,131.99718309859156,146.49295774647888,158.20281690140845,207.62322946175638,207.68838526912182,213.1558073654391,0.9869899749755859
frame1480,131.8338028169014,146.4,158.03943661971832,208.3342776203966,207.68838526912182,213.1558073654391,0.9879776239395142
frame1481,132.31830985915494,147.04788732394366,158.81690140845072,208.3342776203966,208.39943342776203,213.1558073654391,0.9879904985427856
frame1482,132.27887323943662,147,158.7887323943662,207.6572238,208.41643059490085,213.1558073654391,0.9877500534057617
frame1483,132.07042253521126,147.07887323943663,159.56901408450705,208.89235127478753,209.05949008498584,213.5099150141643,0.9876368045806885
frame1484,132.0281690140845,146.9943661971831,159.43661971830986,209.06798866855524,209.18413597733712,213.79886685552407,0.9875309467315674
frame1485,131.4732394366197,146.71830985915494,159.1605633802817,209.30028328611897,209.43342776203966,213.79886685552407,0.9882514476776123
frame1486,131.4732394366197,146.75211267605633,158.94647887323944,209.31728045325778,209.43342776203966,213.79886685552407,0.9886488914489746
frame1487,131.50704225352112,146.7887323943662,158.95211267605634,209.31728045325778,209.43342776203966,213.79886685552407,0.9889111518859863
frame1488,131.9042253521127,146.94366197183098,158.75211267605633,210.81586402266288,210.43342776203966,214.53257790368272,0.9888482093811035
frame1489,131.9042253521127,146.94366197183098,158.75211267605633,208.41359773371104,208.76770538243625,214.23796033994336,0.9884909391403198
frame1490,131.89014084507042,146.93521126760564,158.7830985915493,208.41359773371104,208.76770538243625,214.23796033994336,0.9888328313827515
frame1491,131.5943661971831,146.743662,158.5323943661972,208.91501416430594,208.75354107648724,216,0.9908581972122192
frame1492,131.57746478873239,146.73239436619718,158.58028169014085,208.96883852691218,208.80736543909347,216,0.9919885396957397
frame1493,131.4845070422535,146.58591549295775,158.33239436619718,209.91501416430594,209.75354107648724,216,0.9939906597137451
frame1494,132.27605633802816,146.93239436619717,158.63098591549297,210.96883852691218,209.80736543909347,216,0.9944194555282593
frame1495,131.45915492957747,146.95774647887325,159.31830985915494,212.71388101983004,212.55524079320114,216,0.9959388971328735
frame1496,131.50422535211268,146.79154929577464,158.91267605633803,212.71388101983004,212.55524079320114,216,0.9972474575042725
frame1497,131.2112676056338,146.55211267605634,158.57746478873239,212.71388101983004,212.55524079320114,216,0.9999505281448364
frame1498,131.2112676056338,146.55211267605634,158.7718309859155,213.67422096317281,213.5155807365439,216,1.000995397567749
frame1499,131.2112676056338,146.55211267605634,158.63661971830984,213.71388101983004,213.55524079320114,216,1.0025569200515747
frame1500,131.2112676056338,146.55211267605634,158.7718309859155,213.71388101983004,213.55524079320114,216,1.0037133693695068
frame1501,130.8281690140845,146.2,158.3774647887324,213.75354107648724,213.55524079320114,216,1.0064278841018677
frame1502,129.38591549295774,145.09295774647887,157.31830985915494,214.71388101983004,213.55524079320114,216,1.018573284
frame1503,127.92957746478874,144.0281690140845,156.20281690140845,215.61189801699717,214.47592067988668,216,1.04875648
frame1504,126.85070422535212,143.0281690140845,155.23661971830987,215.6458923512748,213.5099150141643,216,1.0893135070800781
frame1505,125.8056338028169,142.0281690140845,154.09859154929578,216.61189801699717,213.47592067988668,215,1.1619523763656616
frame1506,124.12957746478874,140.45352112676056,152.22535211267606,216.61189801699717,213.47592067988668,215,1.3254836797714233
frame1507,123.21971830985916,138.57183098591548,150.4056338028169,218.61189801699717,215.47592067988668,215,1.593206524848938
frame1508,121.5830985915493,137.9661971830986,149.69859154929577,218.61189801699717,215.47592067988668,215,1.9860632419586182
frame1509,120.16056338028169,136.90140845070422,148.69014084507043,218.61189801699717,214.47592067988668,215,2.435696840286255
frame1510,119.88450704225352,136.6225352112676,148.40845070422534,225.55524079320114,219.39660056657223,215,2.7291617393493652
frame1511,117.85915492957747,134.83661971830986,146.67042253521126,227.21246458923514,220.59490084985836,214,2.8701343536376953
frame1512,116.14647887323943,133.5830985915493,145.27887323943662,228.21246458923514,220.59490084985836,214,2.931865692138672
frame1513,114.7605633802817,132.51830985915493,144.26478873239438,243.06232294617564,232.32577903682719,214,2.9685399532318115
frame1514,113.36901408450704,131.5211267605634,143.26478873239438,245.05665722379604,233.81586402266288,214,2.987367630004883
frame1515,112.02535211267606,130.51267605633802,142.48732394366198,251.40226628895184,239.5099150141643,214,3.0026702880859375
frame1516,110.60281690140845,129.26760563380282,140.90704225352113,253.77620396600565,243.69121813031163,214,3.0126960277557373
frame1517,106.9830985915493,128.1014084507042,140.4619718309859,254.32011331444758,244.79886685552407,214,3.0308423042297363
frame1518,107.91267605633803,128.06760563380283,140.53521126760563,254.72804532577905,245.6713881,214,3.047981023788452
frame1519,113.70140845070422,130.32957746478874,144.9830985915493,255,247.61473087818698,213,3.043299913406372
frame1520,115.52112676056338,134.74647887323943,148.44788732394366,232.26062322946174,226.8385269121813,206.12464589235128,3.010500431060791
frame1521,116.85352112676057,134.96901408450705,148.66760563380282,155.37393767705382,160.81586402266288,167.08781869688386,2.9004011154174805
frame1522,116.67605633802818,136.00281690140844,150.09295774647887,151.68838526912182,157.74787535410766,163.53824362606233,2.837916135787964
frame1523,117.16619718309859,136.3887323943662,149.7380281690141,155.54390934844193,162.1416430594901,166.5184135977337,2.7527995109558105
frame1524,121.08450704225352,138.21408450704226,149.16338028169014,158.52974504249292,164.1416430594901,168.5042492917847,2.560231924057007
frame1525,145.70140845070424,154.5154929577465,160.456338,159.88668555240793,165.4985835694051,169.81586402266288,2.101522445678711
frame1526,160.30422535211267,165.8507042253521,170.47605633802817,163.79886685552407,168.71104815864024,172.17563739376772,0.9837383031845093
frame1527,163.1380281690141,167.65915492957745,172.28732394366196,164.23796033994336,169.04532577903683,172.61473087818698,0.5313818454742432
frame1528,166,170,174,165.54674220963173,170.22379603399435,173.43626062322946,0.40127015113830566
frame1529,148.57183098591548,156.28450704225352,162.71267605633804,147.71671388101984,157.05099150141643,160.73371104815865,0.23719795048236847
frame1530,152.50704225352112,159.70704225352114,164.8338028169014,148.25779036827194,157.27762039660055,161.17847025495752,0.067304447
frame1531,147.56619718309858,155.94929577464788,160.7661971830986,147.8271954674221,157.41359773371104,161.07082152974505,0.012960761785507202
frame1532,136.56901408450705,147.5323943661972,153.8985915492958,148.90934844192634,158.19263456090653,161.56090651558074,0.00159207
frame1533,113.89577464788732,130.84788732394367,143.10985915492958,145.97167138810198,156.31444759206798,160.26628895184135,-0.044942349
frame1534,112.26478873239436,129.4901408450704,144.3661971830986,145.9801699716714,155.18980169971672,159.79036827195466,-0.069533914
frame1535,111.50140845070422,128.88169014084508,143.5943661971831,146.6317280453258,155.77903682719545,159.8526912181303,-0.069836289
frame1536,110.67887323943663,128.68732394366197,143.49859154929578,148.25779036827194,155.40509915014164,161.60339943342777,-0.044500619
frame1537,110.0507042253521,128.4676056338028,142.92957746478874,228.47025495750708,221.96600566572238,209.70538243626063,0.17677266895771027
frame1538,107.7943661971831,125.8112676056338,138.6225352112676,241.73371104815865,230.47025495750708,213,1.3227025270462036
frame1539,103.44507042253521,121.49577464788733,134.58028169014085,238.46458923512748,228.0028328611898,212.9943342776204,3.2242751121520996
frame1540,104.4112676056338,121.89859154929577,135.80845070422535,235.89235127478753,226.03966005665723,212.96600566572238,4.420008182525635
frame1541,105.92957746478874,123.76901408450705,136.7943661971831,230.20963172804534,222.41076487252124,213.57507082152975,4.8415446281433105
frame1542,108.05352112676056,125.54647887323944,138.44225352112676,218.88385269121812,211.8668555240793,209.8611898016997,4.9758992195129395
frame1543,109.54929577464789,126.5830985915493,139.43098591549295,209.6572238,203.6345609065156,207.58356940509915,4.9970526695251465
frame1544,110.92676056338028,127.68732394366197,140.63098591549297,205.18130311614732,199.45042492917847,205.60056657223797,5.028352261
frame1545,112.61971830985915,129.0225352112676,142.4901408450704,202.39376770538243,197.1671388101983,203.87818696883852,4.9935479164123535
frame1546,114.10422535211268,130.4056338028169,143.87605633802818,202.79603399433427,197.59773371104816,204.59206798866856,4.882185459136963
frame1547,115.87605633802816,131.87887323943661,145.7830985915493,201.88668555240793,196.69121813031163,203.68838526912182,4.142076015472412
frame1548,116.22253521126761,132.3549295774648,146.27042253521128,200.88951841359773,196.69121813031163,203.68838526912182,3.024472713470459
frame1549,117.22253521126761,133.4619718309859,145.34084507042255,192.80736543909347,190.5155807365439,198.6600566572238,3.041687012
frame1550,119.32676056338028,134.5154929577465,147.1492957746479,192.77053824362605,190.4872521246459,199.0198300283286,3.0311641693115234
frame1551,120.4,135.98028169014086,148.50422535211268,194.41359773371104,191.77337110481585,200.20963172804534,3.0034422874450684
frame1552,122.56338028169014,137.57183098591548,150.12394366197182,193.40226628895184,191.26912181303115,199.70254957507083,2.854602813720703
frame1553,125.0056338028169,139.18028169014084,151.7887323943662,192.8668555240793,191.1501416430595,200.05099150141643,2.807096004486084
frame1554,126.04225352112677,140.20281690140845,152.65633802816902,192.38243626062322,190.69971671388103,199.60056657223797,2.768174886703491
frame1555,127.90985915492958,141.64225352112675,154.33802816901408,191.41643059490085,190.69971671388103,199.60056657223797,2.653860092163086
frame1556,128.47042253521127,142.52394366197183,156.47042253521127,195.57507082152975,193.8498583569405,203.05382436260624,2.327122211456299
frame1557,129.8450704225352,143.65633802816902,157.84788732394367,194.53824362606233,194.67988668555242,202.6628895184136,1.7044923305511475
frame1558,130.1605633802817,144.0281690140845,158.07887323943663,197.09631728045326,196.56657223796034,204.42776203966005,1.188867449760437
frame1559,128.92112676056337,145.08450704225353,157.7943661971831,197.21246458923514,195.73087818696885,204.28328611898016,0.9875457286834717
frame1560,129.00845070422534,145.45070422535213,158.11267605633802,197.05949008498584,195.6430595,204.22946175637395,0.9775681495666504
frame1561,130.18028169014084,145.57746478873239,158.1267605633803,200.30878186968837,197.29745042492917,204.92351274787535,0.9918187856674194
frame1562,129.96056338028168,146.08450704225353,158.8732394366197,200.1614730878187,197.18980169971672,204.8498583569405,1.0007890462875366
frame1563,130.14647887323943,146.40845070422534,159.30140845070423,202.3597733711048,199.8413597733711,206.3286119,1.006772756576538
frame1564,130.0112676056338,146.4845070422535,159.33802816901408,202.28611898016996,199.70821529745044,206.3286119,1.017945408821106
frame1565,129.39718309859154,146.09295774647887,158.76901408450703,201.26912181303115,199.3427762,206.11898016997168,1.0364803075790405
frame1566,129.66760563380282,146.28169014084506,158.8281690140845,200.75070821529744,198.82436260623228,205.78753541076486,1.0115227699279785
frame1567,129.49295774647888,146.53521126760563,159.1323943661972,200.6317280453258,198.82436260623228,205.78753541076486,1.001229166984558
frame1568,130.31830985915494,146.81971830985916,159.41408450704225,207.1643059490085,205.68838526912182,209.8328611898017,0.9978872537612915
frame1569,131.01408450704224,147.39154929577464,160.05633802816902,205.97450424929178,204.4985835694051,209.47592067988668,0.995532751
frame1570,131.1943661971831,147.5154929577465,160.18028169014084,206.3371104815864,205.08781869688386,209.72804532577905,0.9936608076095581
frame1571,131.56056338028168,147.65070422535211,160.1661971830986,206.77620396600565,205.08781869688386,209.72804532577905,0.9913558959960938
frame1572,131.3718309859155,147.6169014084507,159.7661971830986,206.77620396600565,205.08781869688386,209.72804532577905,0.9897098541259766
frame1573,131.51267605633802,147.43098591549295,159.6169014084507,211.67988668555242,211.71104815864024,214.20679886685554,0.9878759384155273
frame1574,131.69014084507043,147.70422535211267,159.6225352112676,213.44759206798867,212.61189801699717,215.10764872521247,0.988029957
frame1575,131.5943661971831,147.31830985915494,159.84788732394367,211.67988668555242,211.71104815864024,214.20679886685554,0.9877493381500244
frame1576,131.5943661971831,147.31830985915494,159.8507042253521,211.67988668555242,211.71104815864024,214.20679886685554,0.9880521297454834
frame1577,131.5943661971831,147.31830985915494,159.84788732394367,211.67988668555242,211.71104815864024,214.20679886685554,0.9881871938705444
frame1578,131.6394366197183,147.44225352112676,159.8394366197183,212.32577903682719,212.22096317280455,214.20679886685554,0.9888688325881958
frame1579,131.6394366197183,147.44225352112676,159.8394366197183,212.32577903682719,212.25495750708214,214.20679886685554,0.9890111684799194
frame1580,131.6112676056338,147.47042253521127,159.46478873239437,212.29178470254956,212.18696883852692,214.20679886685554,0.9893625974655151
frame1581,131.8394366197183,147.42535211267605,159.88732394366198,213.1586402266289,213.08781869688386,214.20679886685554,0.9890749454498291
frame1582,131.8394366197183,147.42535211267605,159.88732394366198,212.29178470254956,212.22096317280455,214.20679886685554,0.9888737201690674
frame1583,131.8,147.49295774647888,159.6225352112676,212.0084985835694,212.0084985835694,214.20679886685554,0.988960862
frame1584,131.8,147.49295774647888,160.03098591549295,212.0084985835694,211.9886685552408,214.20679886685554,0.9887421131134033
frame1585,132.21408450704226,147.07323943661973,159.33521126760564,214.59773371104816,213.77903682719545,214.4900849858357,0.9880486726760864
frame1586,132.04788732394366,147.32676056338028,159.25915492957748,214.59773371104816,212.8668555240793,215.44475920679886,0.9891822338104248
frame1587,131.96056338028168,147.2394366197183,159.1661971830986,214.59773371104816,213.77903682719545,214.4900849858357,0.9890455007553101
frame1588,132.04788732394366,147.32676056338028,159.25915492957748,214.62606232294618,212.89518413597733,215.47308781869688,0.9898247718811035
frame1589,131.55211267605634,146.83661971830986,158.76901408450703,214.59773371104816,213.80736543909347,214.4900849858357,0.99072957
frame1590,131.55211267605634,146.83661971830986,158.76901408450703,214.59773371104816,213.77903682719545,215.44475920679886,0.9931789636611938
frame1591,131.55211267605634,146.83661971830986,158.76338028169013,214.56940509915015,212.8668555240793,214.4900849858357,0.9963078498840332
frame1592,131.55211267605634,146.83661971830986,158.76901408450703,214.59773371104816,212.8668555240793,215.44475920679886,0.9984170198440552
frame1593,131.17464788732394,146.83661971830986,157.9661971830986,214.56940509915015,212.8668555240793,214.4900849858357,1.003672719
frame1594,131.15774647887324,146.8394366197183,157.9887323943662,214.3682719546742,212.82436260623228,214.4900849858357,1.0069506168365479
frame1595,131.65915492957745,146.95492957746478,158.90985915492956,214.58923512747876,213.77903682719545,214.4900849858357,1.0048251152038574
frame1596,131.4732394366197,146.88169014084508,158.93521126760564,214.56940509915015,212.8328611898017,214.4900849858357,1.0048980712890625
frame1597,131.29859154929576,146.8056338028169,158.4732394366197,215.57790368271955,213.47592067988668,215,1.007496715
frame1598,131.80281690140845,146.97464788732395,158.49577464788732,215.57790368271955,213.47592067988668,215,1.0074633359909058
frame1599,131.39154929577464,146.92676056338027,158.44225352112676,215.57790368271955,213.47592067988668,215,1.0095325708389282
frame1600,132.27605633802816,147.42535211267605,159.18028169014084,215.57790368271955,213.44192634560906,215,1.0066381692886353
frame1601,131.43098591549295,146.9661971830986,158.47605633802817,215.57790368271955,213.47592067988668,215,1.0094135999679565
frame1602,132.27605633802816,147.42535211267605,159.18028169014084,215.57790368271955,213.44192634560906,215,1.006461501121521
frame1603,132.29577464788733,147.4732394366197,159.29014084507043,215.57790368271955,213.47592067988668,215,1.0048801898956299
frame1604,132.33521126760564,147.4732394366197,159.29014084507043,215.57790368271955,213.47592067988668,215,1.002885103225708
frame1605,132.29577464788733,147.4732394366197,159.28732394366196,215.57790368271955,213.47592067988668,215,1.002092719078064
frame1606,132.33521126760564,147.4732394366197,159.29014084507043,215.57790368271955,213.44192634560906,215,1.0009459257125854
frame1607,132.31549295774647,147.56619718309858,159.44225352112676,215.57790368271955,213.44192634560906,215,1.0000654458999634
frame1608,132.32394366197184,147.56619718309858,159.44225352112676,215.57790368271955,213.47592067988668,215,0.9991152286529541
frame1609,132.52394366197183,147.5098591549296,159.5887323943662,215.61189801699717,213.5099150141643,215,0.9977822303771973
frame1610,132.30985915492957,147.55492957746478,159.3830985915493,215.61189801699717,213.47592067988668,215,0.9981223344802856
frame1611,132.30985915492957,147.55492957746478,159.3830985915493,215.61189801699717,213.47592067988668,215,0.9981685876846313
frame1612,132.30985915492957,147.55492957746478,159.3830985915493,215.61189801699717,213.47592067988668,215,0.9983668327331543
frame1613,132.1323943661972,147.55492957746478,159.3830985915493,215.61189801699717,213.47592067988668,215,0.9985911846160889
frame1614,132.0338028169014,147.4169014084507,159.68169014084506,215.61189801699717,213.47592067988668,215,0.9976813793182373
frame1615,132.1661971830986,147.41971830985915,159.1718309859155,215.61189801699717,213.47592067988668,215,0.9981802701950073
frame1616,132.43380281690142,146.7887323943662,159.95492957746478,215.61189801699717,213.47592067988668,215,0.9950443506240845
frame1617,132.58028169014085,146.8,160.41971830985915,215.61189801699717,213.47592067988668,215,0.9925272464752197
frame1618,132.58028169014085,146.8,160.51830985915493,215.61189801699717,213.47592067988668,215,0.9907799959182739
frame1619,132.58028169014085,146.8,160.41971830985915,215.61189801699717,213.47592067988668,215,0.989179254
frame1620,131.78028169014084,146.03661971830985,159.29295774647886,215.61189801699717,213.47592067988668,215,0.990296483
frame1621,130.34929577464789,145.29577464788733,159.08732394366197,215.21813031161474,213.5099150141643,215,0.9928042888641357
frame1622,128.30422535211267,144.12112676056339,157.27042253521128,216.5070821529745,214.47592067988668,215,1.0055575370788574
frame1623,127.19154929577465,143.09014084507044,156.2056338028169,216.5070821529745,214.47592067988668,215,1.0302190780639648
frame1624,125.83661971830986,141.79718309859155,154.79718309859155,217.05949008498584,214.47592067988668,215,1.070819378
frame1625,124.63661971830986,140.68450704225353,153.75211267605633,217.09348441926346,214.47592067988668,215,1.118620515
frame1626,123.28169014084507,139.43661971830986,152.61408450704226,217.5070821529745,214.47592067988668,214,1.1882025003433228
frame1627,121.9492957746479,138.43661971830986,151.5830985915493,218.05949008498584,214.47592067988668,214,1.3348432779312134
frame1628,120.83943661971831,137.44225352112676,150.49577464788732,218.09348441926346,214.47592067988668,214,1.629050374031067
frame1629,120.13521126760564,136.84788732394367,149.88450704225352,218.56940509915015,214.81586402266288,214,2.0459892749786377
frame1630,118.69577464788732,135.89295774647888,148.55492957746478,222.86968838526911,217.3682719546742,214,2.508303642272949
frame1631,117.44225352112676,134.85352112676057,147.49577464788732,222.86968838526911,217.3682719546742,213,2.787539482116699
frame1632,115.34647887323943,132.03943661971832,145.09295774647887,237.56090651558074,226.41076487252124,213,2.911634922027588
frame1633,113.7943661971831,132.33239436619718,144.64225352112675,245.31444759206798,233.68555240793202,213,2.959362030029297
frame1634,112.47323943661972,130.1661971830986,142.99718309859156,246.05949008498584,233.68555240793202,213,2.985628366470337
frame1635,109.8056338028169,129.00845070422534,142.55492957746478,255,243.1444759206799,213,3.003924847
frame1636,109.03098591549296,127.99718309859155,141.69577464788733,254.97733711048159,244.08498583569406,213,3.0178229808807373
frame1637,107.8056338028169,126.82816901408451,140.72394366197184,255,244.29178470254956,213,3.0327417850494385
frame1638,111.85633802816902,130.1943661971831,142.65633802816902,254.9830028328612,245.40793201133144,213,3.0434341430664062
frame1639,115.47887323943662,132.7718309859155,147.46478873239437,252.1529745042493,243.31728045325778,212.77053824362605,3.0279335975646973
frame1640,116.75774647887324,133.4788732394366,148.8732394366197,171.09631728045326,173.13031161473089,178.67705382436262,2.9075772762298584
frame1641,118.96338028169014,135.66197183098592,149.57183098591548,153.5099150141643,158.81869688385268,164.8555240793201,2.824286937713623
frame1642,120.60281690140845,135.50422535211268,149.95492957746478,152.1501416430595,157.07082152974505,164.03399433427762,2.682710647583008
frame1643,121.30704225352113,137.18028169014084,150.81126760563382,154.40226628895184,159.9886685552408,165.20113314447593,2.4520702362060547
frame1644,134.85352112676057,146.71267605633804,155.8338028169014,157.53257790368272,162.77620396600565,167.53824362606233,1.9016169309616089
frame1645,156.18873239436618,161.78028169014084,166.6169014084507,160.96883852691218,165.59773371104816,169.22662889518415,0.9742443561553955
frame1646,164.43661971830986,167.7492957746479,173.22535211267606,165.73371104815865,170.73371104815865,172.8668555240793,0.5533172488212585
frame1647,162.9774647887324,166.9830985915493,171.9830985915493,170.8470254957507,174.1614730878187,176.26628895184135,0.43487390875816345
frame1648,149.09859154929578,156.53521126760563,162.9718309859155,146.96033994334277,156.9801699716714,160.9801699716714,0.27467581629753113
frame1649,152.92112676056337,160.18028169014084,165.39718309859154,146.92917847025495,156.46458923512748,160.46458923512748,0.093127489
frame1650,150.09859154929578,157.93521126760564,162.88169014084508,148.93484419263456,157.74787535410766,161.56090651558074,0.021818339824676514
frame1651,140.4169014084507,150.67042253521126,154.4845070422535,148.56657223796034,157.92067988668555,161.30028328611897,0.001591712
frame1652,117.28450704225352,132.7380281690141,142.96056338028168,146.39376770538243,156.21813031161474,160.20396600566573,-0.042562634
frame1653,114.50704225352112,130.19718309859155,143.45070422535213,144.26628895184135,154.72237960339945,159.54107648725213,-0.063413322
frame1654,113.74929577464789,129.81690140845072,143.49295774647888,145.92917847025495,155.3597733711048,160.3541076487252,-0.056161791
frame1655,112.76338028169015,128.99718309859156,142.7380281690141,146.21246458923514,154.37960339943342,160.8356940509915,-0.019073129
frame1656,110.91549295774648,128.63661971830984,142.7605633802817,211.91218130311614,206.8611898016997,201.69405099150143,0.1823791265487671
frame1657,111.28732394366197,127.48732394366198,140.2225352112676,242.17563739376772,230.87535410764872,213,1.0464918613433838
frame1658,104.48450704225353,122.6056338028169,135.1014084507042,242.6373937677054,231.20396600566573,213,2.4027388095855713
frame1659,103.86197183098592,122.81971830985916,134.93521126760564,240.1473087818697,229.77620396600565,212.9943342776204,3.4311506748199463
frame1660,104.8112676056338,123.54647887323944,135.01408450704224,235.44759206798867,226.72521246458925,213.90084985835693,3.4554386138916016
frame1661,105.9492957746479,125.58028169014085,136.06760563380283,227.77903682719545,220.8356940509915,213.1614730878187,3.409954071044922
frame1662,107.49295774647888,126.93239436619719,137.32957746478874,213.57507082152975,207.79320113314446,210.13031161473089,3.313889741897583
frame1663,110.30704225352113,127.25070422535211,139.10422535211268,205.74787535410766,199.62606232294618,205.54957507082153,3.2366843223571777
frame1664,112.2,129.32394366197184,141.48732394366198,202.58073654390935,197.32011331444758,203.96317280453258,3.0883922576904297
frame1665,114.72957746478873,130.9718309859155,143.7830985915493,202.97450424929178,197.78186968838526,204.76487252124645,3.0535404682159424
frame1666,115.16056338028169,131.59154929577466,144.23098591549297,197.56657223796034,193.62322946175638,201.0169971671388,3.037721872329712
frame1667,116.85633802816902,133.09295774647887,146.06760563380283,196.90651558073654,193.05099150141643,200.8555240793201,3.0221452713012695
frame1668,118.80845070422535,134.11830985915492,147.06760563380283,196.40509915014164,193.05099150141643,200.8555240793201,3.0184192657470703
frame1669,120.46478873239437,135.33521126760564,148.5098591549296,195.9943342776204,193.05099150141643,200.8555240793201,3.009099006652832
frame1670,121.55211267605634,136.27323943661972,149.1718309859155,195.58356940509915,192.6402266288952,201.03399433427762,2.990539073944092
frame1671,124.31549295774649,138.0056338028169,151.05070422535212,194.43909348441926,192.1728045325779,200.46175637393767,2.8241066932678223
frame1672,125.70985915492957,139.28450704225352,152.30422535211267,193.9943342776204,192.05099150141643,200.8555240793201,2.7675538063049316
frame1673,127.90704225352113,141.39154929577464,153.89295774647888,193.68555240793202,191.8300283286119,200.6515580736544,2.6962664127349854
frame1674,129.32394366197184,142.42816901408452,154.7943661971831,192.88385269121812,191.39943342776203,200.10198300283287,2.5077056884765625
frame1675,130.45070422535213,143.7605633802817,156.456338,193.04815864022663,193.46742209631728,201.56657223796034,1.9441218376159668
frame1676,131.29295774647886,144.49859154929578,157.29577464788733,193.04815864022663,193.46742209631728,201.56657223796034,1.2814710140228271
frame1677,131.61408450704226,145.43380281690142,157.8056338028169,193.41643059490085,192.58923512747876,201.38526912181302,0.9545012712478638
frame1678,131.74647887323943,145.6338028169014,158.0112676056338,193.6713881,192.9943342776204,201.58923512747876,0.9456319808959961
frame1679,131.87605633802818,145.89577464788732,157.85915492957747,192.8385269121813,191.6685552407932,200.86968838526911,0.9688746929168701
frame1680,131.84788732394367,145.8394366197183,157.79154929577464,196.53824362606233,194.45609065155807,202.57507082152975,0.9805984497070312
frame1681,132.07042253521126,146.5211267605634,158.45352112676056,197.3626062322946,196.1586402266289,203.5184135977337,0.9851373434066772
frame1682,131.90985915492956,146.28450704225352,158.1549295774648,198.10764872521247,196.1586402266289,203.5184135977337,0.9892516136169434
frame1683,131.43943661971832,146.01971830985914,157.81408450704225,197.72804532577905,196.02549575070822,203.38526912181302,0.9938583374023438
frame1684,131.42535211267605,146.00281690140844,157.58028169014085,196.3512747875354,195.28045325779036,202.6402266288952,0.9913445711135864
frame1685,132.00845070422534,146.50140845070422,158.16338028169014,196.37110481586402,195.28045325779036,202.6402266288952,0.9926185607910156
frame1686,131.96338028169015,146.54084507042253,158.1943661971831,203.75354107648724,202.81303116147308,208.1444759206799,0.9931634664535522
frame1687,132.68732394366197,146.88732394366198,159.0281690140845,203.6487252124646,202.39660056657223,208.26062322946174,0.9928227663040161
frame1688,132.32957746478874,146.93802816901407,158.85915492957747,203.6487252124646,202.39660056657223,208.26062322946174,0.9921799898147583
frame1689,132.13521126760563,147.14647887323943,158.73239436619718,210.08498583569406,209.60339943342777,212.94050991501416,0.9911253452301025
frame1690,131.9718309859155,147.09014084507044,158.6112676056338,210.08498583569406,209.60339943342777,212.94050991501416,0.9894667863845825
frame1691,132.27605633802816,147.1661971830986,159.00845070422534,211.9858357,211.94050991501416,214.18980169971672,0.9882267713546753
frame1692,132.42816901408452,147.12957746478872,158.7549295774648,212.3427762,211.39660056657223,214.18980169971672,0.9876474142074585
frame1693,132.33239436619718,147.11549295774648,158.50704225352112,212.3427762,211.39660056657223,214.18980169971672,0.9880231618881226
frame1694,132.31830985915494,147.28732394366196,158.75211267605633,211.56090651558074,211.6600566572238,214.4957507082153,0.9882322549819946
frame1695,132.7549295774648,147.52394366197183,159.41971830985915,211.56090651558074,211.6600566572238,213.6628895184136,0.9880573749542236
frame1696,132.7549295774648,147.52394366197183,159.41971830985915,211.56090651558074,211.6600566572238,213.6628895184136,0.9881011247634888
frame1697,133.3549295774648,147.8281690140845,159.18591549295775,210.72804532577905,210.8271954674221,213.6628895184136,0.9878842830657959
frame1698,133.30704225352113,147.91830985915493,159.8338028169014,211.05099150141643,211.08215297450425,213.6628895184136,0.9879424571990967
frame1699,132.72676056338028,147.64788732394365,159.8985915492958,214.68838526912182,213.47592067988668,215,0.9883221387863159
frame1700,132.67042253521126,147.543662,159.47605633802817,215.1501416430595,213.5099150141643,215,0.9885776042938232
frame1701,132.38028169014083,147.26760563380282,159.3830985915493,214.68838526912182,213.5099150141643,215,0.9885668754577637
frame1702,132.92957746478874,147.41408450704225,159.32676056338028,214.68838526912182,213.47592067988668,215,0.9881207942962646
frame1703,132.79154929577464,147.4169014084507,158.7380281690141,214.68838526912182,213.47592067988668,215,0.988664985
frame1704,133.32957746478874,147.5380281690141,159.06760563380283,214.68838526912182,213.47592067988668,215,0.9879782199859619
frame1705,133.26760563380282,147.61408450704226,158.72676056338028,214.68838526912182,213.47592067988668,215,0.9879319667816162
frame1706,133.26760563380282,147.61408450704226,158.72676056338028,214.68838526912182,213.47592067988668,215,0.9882063865661621
frame1707,133.26760563380282,147.61408450704226,158.72676056338028,214.68838526912182,213.47592067988668,215,0.9889082908630371
frame1708,133.27605633802816,147.6169014084507,159.22535211267606,214.68838526912182,213.47592067988668,215,0.988746166
frame1709,133.4112676056338,147.65915492957745,158.90985915492956,214.68838526912182,213.47592067988668,215,0.9888862371444702
frame1710,133.7492957746479,147.85352112676057,159.62535211267607,214.68838526912182,213.47592067988668,215,0.9873913526535034
frame1711,135.18591549295775,148.7887323943662,159.81690140845072,214.6543909348442,213.47592067988668,215,0.985947847
frame1712,134.59154929577466,148.31549295774647,159.2,215.11614730878188,214.44192634560906,215,0.9855937957763672
frame1713,134.69859154929577,148.3549295774648,159.12394366197182,214.6543909348442,213.44192634560906,215,0.9856126308441162
frame1714,134.71549295774648,148.3549295774648,159.5380281690141,215.11614730878188,213.47592067988668,215,0.9854780435562134
frame1715,134.76338028169013,148.25915492957748,159.21971830985916,215.11614730878188,213.47592067988668,215,0.9851094484329224
frame1716,134.74647887323943,148.25915492957748,159.21971830985916,214.68838526912182,213.47592067988668,215,0.9849257469177246
frame1717,134.74647887323943,148.25915492957748,159.21971830985916,214.68838526912182,213.47592067988668,215,0.9847831726074219
frame1718,134.74647887323943,148.25915492957748,159.59718309859156,214.68838526912182,213.47592067988668,215,0.984541655
frame1719,134.72394366197184,148.30704225352113,159.25915492957748,214.68838526912182,213.47592067988668,215,0.9847161769866943
frame1720,134.81126760563382,148.32394366197184,159.25915492957748,214.68838526912182,213.47592067988668,215,0.9848045110702515
frame1721,134.81126760563382,148.32394366197184,159.25915492957748,214.68838526912182,213.5099150141643,215,0.984964132
frame1722,134.8281690140845,148.32394366197184,159.6450704225352,215.1501416430595,213.5099150141643,215,0.985247016
frame1723,133.97464788732395,148.28732394366196,160.11830985915492,215.61189801699717,213.5099150141643,215,0.9861743450164795
frame1724,133.92394366197183,148.30985915492957,159.91549295774647,215.61189801699717,213.47592067988668,215,0.9864999055862427
frame1725,133.9718309859155,148.3830985915493,160.0112676056338,215.61189801699717,214.47592067988668,215,0.9864639043807983
frame1726,133.8619718309859,148.24788732394367,159.83098591549296,215.61189801699717,213.47592067988668,215,0.9868518114089966
frame1727,134.1549295774648,148.43380281690142,159.96901408450705,215.61189801699717,213.47592067988668,215,0.9869364500045776
frame1728,133.2507042253521,148.54647887323944,160.07323943661973,215.61189801699717,213.47592067988668,215,0.9883232116699219
frame1729,133.19718309859155,148.4056338028169,159.40281690140844,215.61189801699717,213.47592067988668,215,0.9886250495910645
frame1730,133.14647887323943,148.3887323943662,159.40281690140844,215.61189801699717,213.47592067988668,215,0.989087701
frame1731,133.14647887323943,148.3887323943662,159.40281690140844,215.61189801699717,213.47592067988668,215,0.9892470836639404
frame1732,133.19718309859155,148.3887323943662,159.40281690140844,215.61189801699717,213.47592067988668,215,0.9894270896911621
frame1733,133.14647887323943,148.3887323943662,159.40281690140844,215.61189801699717,213.47592067988668,215,0.9895981550216675
frame1734,133.14647887323943,148.3887323943662,159.40281690140844,215.61189801699717,213.47592067988668,215,0.9896465539932251
frame1735,133.28169014084506,147.86478873239437,159.24225352112677,214.72237960339945,213.5099150141643,215,0.9883158206939697
frame1736,133.1774647887324,147.8056338028169,159.3605633802817,215.90368271954674,214.27762039660055,215,0.9883638620376587
frame1737,133.04507042253522,147.80845070422535,159.21971830985916,215.72521246458925,214.1586402266289,215,0.9884999990463257
frame1738,133.04507042253522,147.80845070422535,159.81971830985916,215.72521246458925,214.1586402266289,215,0.9881998300552368
frame1739,132.88169014084508,147.67605633802816,159.07887323943663,215.72521246458925,214.1586402266289,215,0.9884551763534546
frame1740,131.86478873239437,146.77464788732394,158.7887323943662,215.72521246458925,214.1586402266289,215,0.9891880750656128
frame1741,130.02535211267605,145.47042253521127,157.69859154929577,215.73654390934846,214.1586402266289,215,0.9939229488372803
frame1742,128.93521126760564,144.47042253521127,156.69859154929577,216.24645892351276,214.1586402266289,215,1.0057069063186646
frame1743,127.52676056338028,143.47042253521127,155.29295774647886,217.1501416430595,214.47592067988668,215,1.0424288511276245
frame1744,125.1774647887324,141.67887323943663,153.56338028169014,217.18413597733712,214.47592067988668,215,1.096132516860962
frame1745,124.43098591549295,140.74084507042252,152.69577464788733,217.68838526912182,214.47592067988668,214,1.1620488166809082
frame1746,123.31830985915492,139.71830985915494,151.67323943661972,218.1501416430595,214.47592067988668,214,1.254603385925293
frame1747,122.34084507042253,138.3887323943662,149.11830985915492,218.8328611898017,214.59490084985836,214,1.469933271408081
frame1748,121.02253521126761,137.16901408450704,147.98028169014086,218.8328611898017,214.59490084985836,214,1.8618929386138916
frame1749,119.58028169014085,136.42816901408452,147.3830985915493,219.03682719546742,214.74787535410766,214,2.327441930770874
frame1750,118.36901408450704,135.3943661971831,146.3830985915493,223.3682719546742,217.1444759206799,213,2.6981000900268555
frame1751,116.85633802816902,134.38591549295774,145.60281690140846,235.25779036827194,225.6430595,213,2.874725341796875
frame1752,115.6281690140845,132.26478873239438,144.72676056338028,236.81303116147308,226.20679886685554,213,2.940272092819214
frame1753,114.48169014084507,131.18028169014084,143.81690140845072,247.02266288951841,234.0141643,213,2.9749460220336914
frame1754,112.6281690140845,130.41971830985915,143.06478873239436,255,243.74220963172806,213,2.9966883659362793
frame1755,111.45915492957747,129.2056338028169,142.0112676056338,254.97733711048159,243.96883852691218,213,3.0098466873168945
frame1756,110.14929577464788,128.04507042253522,140.66760563380282,255,244.62322946175638,213,3.022749662399292
frame1757,111.22253521126761,128.47605633802817,141.50704225352112,255,245.02549575070822,213,3.037008762359619
frame1758,117.25070422535211,132.8676056338028,146.1323943661972,252.6515580736544,242.20113314447593,213,3.028219699859619
frame1759,119.95211267605634,134.70985915492957,148.88732394366198,199.08498583569406,195.78186968838526,193.67422096317281,2.954416513442993
frame1760,119.99154929577465,134.8732394366197,148.47605633802817,154.18413597733712,158.97167138810198,165.31728045325778,2.8341710567474365
frame1761,121.46478873239437,135.91549295774647,149.6338028169014,153.75354107648724,158.19546742209633,165.43342776203966,2.707822084
frame1777,103.72676056338028,122.23098591549295,134.9042253521127,237.3456090651558,226.3314447592068,212.95467422096317,2.6670689582824707
frame1778,106.18028169014084,123.25915492957746,135.8394366197183,235.61189801699717,225.37677053824362,213.90934844192634,3.0753540992736816
frame1779,106.56901408450705,123.97183098591549,136.31267605633803,225.59490084985836,216.3456090651558,211.54674220963173,3.1023292541503906
frame1780,107.78028169014084,126.63098591549296,138.05352112676056,214.11614730878188,206.9886685552408,210.8300283286119,3.0997180938720703
frame1781,109.51549295774647,128.1267605633803,139.63661971830984,207.45325779036827,201.02266288951841,206.5155807365439,3.1018354892730713
frame1782,111.08732394366197,129.31830985915494,141.69577464788733,198.69688385269123,194.59206798866856,201.5184135977337,3.1080193519592285
frame1783,113.40563380281691,130.28450704225352,141.89014084507042,197.1388101983003,193.39660056657223,201.22379603399435,3.1191906929016113
frame1784,114.43661971830986,131.30140845070423,142.89014084507042,197.55524079320114,193.69121813031163,201.44192634560906,3.0923428535461426
frame1785,116.54084507042253,133.28169014084506,144.3830985915493,197.55524079320114,193.69121813031163,201.8271954674221,3.0724403858184814
frame1786,119.15774647887324,134.6225352112676,146.2056338028169,196.92067988668555,193.6515580736544,202.40226628895184,3.0476577281951904
frame1787,121.05915492957746,135.85915492957747,147.29014084507043,196.26345609065154,193.3512747875354,201.73654390934846,3.0350306034088135
frame1788,123.45915492957747,137.34084507042255,150.07605633802817,193.89518413597733,192.06798866855524,200.89518413597733,3.0027687549591064
frame1789,125.85352112676057,139.28450704225352,152.0112676056338,193.3427762,191.5155807365439,200.89518413597733,2.8382346630096436
frame1790,126.88732394366197,140.90985915492956,153.1380281690141,192.72237960339945,191.4815864022663,200.89518413597733,2.7326319217681885
frame1791,128.6394366197183,142.456338,155.6225352112676,195.1586402266289,193.37960339943342,202.58356940509915,2.6521694660186768
frame1792,129.76338028169013,144.35211267605635,157.05070422535212,194.07648725212465,193.58356940509915,202.75354107648724,2.4249374866485596
frame1793,131.40281690140844,145.76338028169013,158.69295774647887,192.72804532577905,193.05949008498584,202.88951841359773,1.799638032913208
frame1794,133.1323943661972,147.5830985915493,160.21971830985916,197.28045325779036,196.4815864022663,205.9830028328612,1.1402455568313599
frame1795,134.38028169014083,148.38591549295774,160.94366197183098,198.9801699716714,197.5212464589235,205.8328611898017,0.9291864633560181
frame1796,136.24788732394367,150.1549295774648,162.4,198.08215297450425,197.60906515580737,205.90651558073654,0.9465550184249878
frame1797,136.67887323943663,150.74084507042252,162.96901408450705,203.17563739376772,202.8385269121813,208.8328611898017,0.9723629951477051
frame1798,138.26760563380282,152.14084507042253,163.90985915492956,211.05665722379604,209.81303116147308,211.72804532577905,0.987572432
frame1799,138.94929577464788,153.10985915492958,164.57183098591548,217.72804532577905,215.3626062322946,213.24929178470256,1.0001786947250366
frame1800,139.79718309859155,153.38028169014083,165.1380281690141,215.77337110481585,211.61756373937678,217.25779036827194,1.0109056234359741
frame1801,139.64788732394365,153.28169014084506,165.12112676056339,222.08215297450425,217.0198300283286,218,1.0055077075958252
frame1802,139.16338028169014,152.53521126760563,164.4845070422535,218.3597733711048,213.96600566572238,216.3654390934844,1.008292794
frame1803,139.19154929577465,152.3549295774648,164.2169014084507,219.5099150141643,214.40793201133144,217,1.0079737901687622
frame1804,138.88732394366198,152.30985915492957,164.00845070422534,224.47592067988668,218.37393767705382,217,0.9997818470001221
frame1805,138.54929577464787,151.73521126760562,163.57464788732395,207.69971671388103,205.3597733711048,212.42492917847025,0.992577076
frame1806,138.2169014084507,151.4619718309859,163.30704225352113,207.78470254957506,205.3597733711048,212.42492917847025,0.9919675588607788
frame1807,138.11549295774648,151.34366197183098,162.94366197183098,207.61473087818698,205.27478753541075,212.42492917847025,0.9928158521652222
frame1808,138.0957746478873,151.32394366197184,162.92394366197183,207.52974504249292,205.18980169971672,212.42492917847025,0.9913579225540161
frame1809,138.09014084507044,151.32112676056337,162.88450704225352,207.27478753541075,205.0198300283286,212.42492917847025,0.9896979331970215
frame1810,137.90985915492956,150.92112676056337,162.56619718309858,206.18980169971672,203.93484419263456,211.5099150141643,0.9886268377304077
frame1811,137.6225352112676,150.56901408450705,162.2,205.32577903682719,203.0198300283286,210.59490084985836,0.9884823560714722
frame1812,138.08732394366197,149.43098591549295,161.59718309859156,205.4929178470255,202.9943342776204,210.74504249291786,0.9869804382324219
frame1813,137.81971830985916,149.43661971830986,161.1380281690141,205.69688385269123,203.1473087818697,210.76203966005664,0.9850187301635742
frame1814,137.38028169014083,149.18028169014084,160.77464788732394,203.77337110481585,202.30878186968837,209.8271954674221,0.9826635122299194
frame1815,137.79718309859155,149.0225352112676,160.6225352112676,206.27478753541075,204.40226628895184,211.52974504249292,0.9811116456985474
frame1816,136.92957746478874,148.72957746478872,160.32676056338028,207.10198300283287,203.1643059490085,211.90934844192634,0.980743408
frame1817,137.03098591549295,148.78591549295774,160.34084507042255,206.6402266288952,204.43626062322946,211.58923512747876,0.9786485433578491
frame1818,137.05633802816902,148.92112676056337,160.61408450704226,206.93201133144476,204.41076487252124,211.30311614730877,0.9775097370147705
frame1819,136.7718309859155,148.84225352112676,160.39718309859154,208.5099150141643,204.58073654390935,212.10481586402267,0.9770030975341797
frame1820,136.7380281690141,148.9774647887324,160.63098591549297,205.9858357,203.54674220963173,211.1388101983003,0.9759765863418579
frame1821,136.5098591549296,148.65633802816902,160.27605633802816,205.5099150141643,203.06515580736544,210.73087818696885,0.9755363464355469
frame1822,136.20281690140845,148.50422535211268,160.12394366197182,206.18413597733712,203.43626062322946,209.9858357,0.9753596782684326
frame1823,136.3549295774648,148.67605633802816,160.1380281690141,207.88951841359773,205.4957507082153,211.03682719546742,0.9749096632003784
frame1824,134.92112676056337,148.6056338028169,160.36338028169016,213.1586402266289,210.27195467422095,212.93484419263456,0.976006031
frame1825,134.90140845070422,148.26478873239438,160.07605633802817,212.70538243626063,209.8526912181303,212.77620396600565,0.9755882024765015
frame1826,135.03661971830985,148.7943661971831,160.66760563380282,210.96600566572238,208.04532577903683,212.03682719546742,0.9752846956253052
frame1827,135.1718309859155,148.5323943661972,160.34084507042255,219.4844192634561,217.44475920679886,214.56090651558074,0.9762089252471924
frame1828,135.64225352112675,149.13521126760563,161.14647887323943,217.03399433427762,215.71954674220964,213.55524079320114,0.9760054349899292
frame1829,134.57464788732395,148.54647887323944,160.5943661971831,218.30878186968837,216.6402266288952,215.38526912181302,0.978904128
frame1830,135.15774647887324,148.96901408450705,161.05070422535212,215.92634560906515,215.6402266288952,214.38526912181302,0.9817548990249634
frame1831,134.8394366197183,148.543662,160.55492957746478,214.69971671388103,215.0028328611898,215.45609065155807,0.9822767972946167
frame1832,134.91830985915493,148.50704225352112,160.60845070422536,213.70538243626063,214.25495750708214,216,0.9823180437088013
frame1833,134.86478873239437,148.44225352112676,160.54647887323944,213.06232294617564,213.5099150141643,216,0.9825706481933594
frame1834,134.85352112676057,148.44225352112676,160.54647887323944,214.80169971671387,214.8300283286119,216,0.9831185340881348
frame1835,134.34647887323945,147.9830985915493,160.08732394366197,216.91501416430594,216.1671388101983,216,0.9836776256561279
frame1836,135.18028169014084,148.78028169014084,160.29014084507043,220.43059490084985,218.37110481586402,215.46175637393767,0.9844338893890381
frame1837,135.32394366197184,148.78591549295774,160.0338028169014,219.6657223796034,216.94334277620396,215.46175637393767,0.9848780632019043
frame1838,135.6338028169014,149.08450704225353,160.39154929577464,219.12747875354108,216.67422096317281,215.46175637393767,0.9853020906448364
frame1839,135.6394366197183,148.97464788732395,160.40281690140844,215.67705382436262,214.58356940509915,215.46175637393767,0.9849861860275269
frame1840,135.79718309859155,149.7943661971831,160.4,217.03399433427762,215.5155807365439,215.19263456090653,0.9862068891525269
frame1841,135.58591549295775,148.9718309859155,160.4,216.45042492917847,215.4985835694051,215.19263456090653,0.9853007793426514
frame1842,136.456338,149.71549295774648,161.33521126760564,215.18696883852692,214.23512747875355,215.19263456090653,0.9858217239379883
frame1843,136.32957746478874,149.47605633802817,161.0338028169014,213.23229461756375,212.86968838526911,215.19263456090653,0.9852577447891235
frame1844,136.10985915492958,149.30422535211267,160.8676056338028,213.07932011331445,212.75070821529744,215.19263456090653,0.9849134683609009
frame1845,136.10985915492958,149.30422535211267,160.8676056338028,213.07932011331445,212.75070821529744,215.19263456090653,0.9847798347473145
frame1846,136.24788732394367,150.1492957746479,160.8676056338028,213.07932011331445,212.75070821529744,215.19263456090653,0.985274076
frame1847,136.24788732394367,149.31267605633803,160.8676056338028,212.72237960339945,211.93767705382436,215.09915014164307,0.984513521
frame1848,135.45352112676056,148.90985915492956,161.2112676056338,213.31728045325778,212.18413597733712,214.8328611898017,0.9846662282943726
frame1849,134.9661971830986,149.09859154929578,161.26478873239438,213.31728045325778,212.18413597733712,214.8328611898017,0.9851505756378174
frame1850,134.72957746478872,149.27323943661972,161.20845070422536,209.75354107648724,209.6685552407932,214.41359773371104,0.9851361513137817
frame1851,134.4788732394366,148.4845070422535,160.88169014084508,210.02266288951841,209.6657223796034,216,0.9845379590988159
frame1852,134.6112676056338,148.6394366197183,160.71830985915494,210.02266288951841,209.6657223796034,216,0.9845070838928223
frame1853,134.6112676056338,148.65070422535211,161.09295774647887,210.87818696883852,210.54674220963173,216,0.9844892024993896
frame1854,134.6112676056338,148.65070422535211,160.73521126760562,210.6685552407932,210.31728045325778,216,0.98446548
frame1855,134.1492957746479,148.09859154929578,160.0338028169014,213.4929178470255,213.1416430594901,216,0.984315038
frame1856,133.8619718309859,147.94647887323944,160.1943661971831,212.44759206798867,212.56090651558074,215.10764872521247,0.9844485521316528
frame1857,133.59718309859156,147.71830985915494,160.06760563380283,212.61756373937678,212.6317280453258,215.10764872521247,0.9846677780151367
frame1858,133.12394366197182,147.31830985915494,159.38591549295774,215.1331444759207,213.92067988668555,216,0.9854873418807983
frame1859,131.78591549295774,146.09859154929578,158.2225352112676,215.20396600566573,213.92067988668555,216,0.9871139526367188
frame1860,130.88169014084508,145.33802816901408,157.06478873239436,216.6543909348442,214.47592067988668,216,0.9896436929702759
frame1861,128.7718309859155,143.87605633802818,155.16901408450704,217.1501416430595,214.5099150141643,216,1.0007336139678955
frame1862,127.4112676056338,142.51267605633802,154.24225352112677,217.1501416430595,214.47592067988668,215,1.0132145881652832
frame1863,126.34647887323943,141.51267605633802,153.0169014084507,217.68838526912182,214.47592067988668,215,1.048685073852539
frame1864,125.18591549295775,140.39718309859154,151.43380281690142,217.68838526912182,214.47592067988668,215,1.122873067855835
frame1865,123.50985915492957,138.9718309859155,149.7943661971831,218.1501416430595,214.47592067988668,215,1.256445288658142
frame1866,121.93521126760564,138.0169014084507,149.03098591549295,219.21813031161474,215.47592067988668,214,1.4520349502563477
frame1867,120.90422535211268,137.00281690140844,148.456338,223.75070821529744,217.81019830028328,214,1.734480619430542
frame1868,119.75211267605634,135.98591549295776,147.5380281690141,223.5155807365439,217.96883852691218,214,2.1217570304870605
frame1869,118.66760563380282,135.02535211267605,146.60281690140846,225.72804532577905,219.31728045325778,214,2.4777863025665283
frame1870,116.52957746478873,133.6450704225352,145.4169014084507,239.47025495750708,229.77620396600565,214,2.728487014770508
frame1871,114.93521126760564,132.68169014084506,144.4169014084507,245.3286119,233.87818696883852,214,2.877901077270508
frame1872,113.7661971830986,131.7943661971831,144.07605633802817,253.6685552407932,241.54957507082153,214,2.951310396194458
frame1873,113.11830985915493,130.69577464788733,142.75774647887323,254.4787535410765,243.67988668555242,214,2.983424186706543
frame1874,112.13802816901408,130.25915492957748,142.33239436619718,254.60906515580737,244.37960339943342,213,3.0008509159088135
frame1875,110.69859154929577,128.76338028169013,141.8225352112676,254.79603399433427,244.62889518413598,213,3.0189738273620605
frame1876,116.87887323943661,133.28450704225352,146.03943661971832,254.75070821529744,244.40226628895184,213,3.0164432525634766
frame1877,118.74366197183099,133.8507042253521,147.7492957746479,232.9858357,225.37110481586402,206.72804532577905,2.986449956893921
frame1878,119.93239436619719,135.72112676056338,149.2619718309859,152.53541076487252,158.1529745042493,164.3399433427762,2.8138327598571777
frame1879,119.64788732394366,135.84788732394367,149.32112676056337,153.37393767705382,159.6487252124646,164.82436260623228,2.6901373863220215
frame1880,120.14929577464788,135.92112676056337,149.41971830985915,158.0084985835694,163.88951841359773,167.8470254957507,2.4999279975891113
frame1881,123.03380281690141,138.44507042253522,147.3943661971831,160.30028328611897,165.68838526912182,169.57790368271955,2.1960179805755615
frame1882,148.00845070422534,156.1492957746479,161.44507042253522,163.45042492917847,167.88951841359773,171.40509915014164,1.646497130393982
frame1883,161.7492957746479,166.60845070422536,170.85352112676057,165.56090651558074,170.0141643,173.58640226628896,0.780830443
frame1884,164.01408450704224,168.0225352112676,173.01408450704224,168.91784702549575,173.03116147308782,175.40226628895184,0.5912563800811768
frame1885,161.83098591549296,166.68169014084506,171.29859154929576,166.11331444759207,171.07932011331445,174.06798866855524,0.4733516275882721
frame1886,154.50704225352112,161.42253521126761,167.42253521126761,149.56940509915015,158.97450424929178,163.37960339943342,0.2668406665325165
frame1898,106.4225352112676,124.41971830985915,136.80281690140845,223.54957507082153,216.86968838526911,214,4.727942943572998
frame1899,107.85352112676057,125.90704225352113,137.74647887323943,221.8583569405099,215.39376770538243,214,4.9211602210998535
frame1900,109.5661971830986,127.20845070422536,139.30704225352113,219.04249291784703,214.09348441926346,214,5.000804901123047
frame1901,110.59436619718309,128.09859154929578,140.32394366197184,217.3371104815864,213,215,5.050361156463623
frame1902,111.08450704225352,128.72112676056338,140.8676056338028,204.72237960339945,200.8470254957507,206.3427762,5.039884090423584
frame1903,112.9830985915493,130.44507042253522,142.33521126760564,205.18130311614732,201.18980169971672,206.68555240793202,5.023610591888428
frame1904,115.87887323943661,131.89295774647888,144.2394366197183,202.73654390934846,199.4844192634561,205.29461756373937,4.951683998
frame1905,116.21690140845071,132.7830985915493,145.08450704225353,199.90368271954674,196.6515580736544,204.11048158640227,4.361909389
frame1906,117.86197183098592,133.7605633802817,146.08450704225353,198.27195467422095,195.39376770538243,203.0056657223796,3.078967809677124
frame1907,120.81971830985916,135.2,147.5830985915493,198.23796033994336,195.42776203966005,203.0056657223796,3.0418667793273926
frame1908,122.40845070422536,136.4112676056338,149.16901408450704,196.6345609065156,195.22096317280455,202.58073654390935,2.9572815895080566
frame1909,123.91267605633803,137.52394366197183,150.1014084507042,196.6345609065156,196.0028328611898,202.61473087818698,2.8656914234161377
frame1910,126.07605633802817,139.30704225352113,151.8394366197183,196.60056657223797,196.0028328611898,202.61473087818698,2.825792074203491
frame1911,127.31549295774649,140.5267605633803,152.94929577464788,195.81869688385268,196.0028328611898,202.61473087818698,2.7897558212280273
frame1912,128.96056338028168,142.04225352112675,154.543662,195.6345609065156,196.0028328611898,202.61473087818698,2.6435017585754395
frame1913,129.90985915492956,143.1014084507042,155.56056338028168,195.6345609065156,196.0028328611898,203.58073654390935,2.290198802947998
frame1914,128.8,144.58028169014085,156.54929577464787,197.61189801699717,195.67988668555242,202.47592067988668,1.7072275876998901
frame1915,128.6,144.3605633802817,156.08732394366197,199.60056657223797,197.95184135977337,204.08498583569406,1.1579383611679077
frame1916,129.06197183098593,144.65352112676055,156.7830985915493,197.26912181303115,197.11331444759207,203.3371104815864,0.9695345163345337
frame1917,129.14084507042253,144.64788732394365,156.34929577464789,197.26912181303115,197.11331444759207,203.3371104815864,0.9738881587982178
frame1918,129.87042253521128,144.81126760563382,156.7661971830986,197.26912181303115,196.31161473087818,203.3371104815864,0.9877086877822876
frame1919,129.856338,145.06760563380283,157.06478873239436,197.26912181303115,196.24079320113316,203.3371104815864,0.9948440790176392
frame1920,129.99154929577466,144.93521126760564,157.05352112676056,197.1416430594901,196.9858357,203.3371104815864,0.9975287914276123
frame1921,129.58028169014085,144.98028169014086,157.0225352112676,199.1671388101983,198.32577903682719,204.67988668555242,1.003173589706421
frame1922,130.0056338028169,145.14084507042253,157.30704225352113,198.93201133144476,198.8555240793201,204.67988668555242,1.0098429918289185
frame1923,129.6169014084507,145.10422535211268,157.13521126760563,198.69688385269123,198.8555240793201,204.67988668555242,1.0336260795593262
frame1924,129.98591549295776,145.47605633802817,157.63098591549297,201.05665722379604,201.0141643,206.31161473087818,1.0405316352844238
frame1925,130.26478873239438,145.32394366197184,157.29014084507043,201.05665722379604,201.0141643,206.31161473087818,1.013287067
frame1926,130.27323943661972,145.4788732394366,157.30422535211267,206.13031161473089,206.62322946175638,210.78470254957506,1.0115457773208618
frame1927,130.56901408450705,145.5830985915493,156.90985915492956,206.13031161473089,207.1501416430595,211.25779036827194,1.0116885900497437
frame1928,130.72676056338028,145.67323943661972,157.20281690140845,206.13031161473089,206.62322946175638,210.78470254957506,1.0093268156051636
frame1929,130.72676056338028,145.67323943661972,157.20281690140845,206.13031161473089,206.1501416430595,210.78470254957506,1.0060667991638184
frame1930,130.9887323943662,145.7943661971831,157.09014084507044,206.27478753541075,206.26062322946174,210.8526912181303,1.0017428398132324
frame1931,131.70704225352114,145.7887323943662,156.7380281690141,206.27478753541075,206.26062322946174,210.8526912181303,0.9982742071151733
frame1932,131.70704225352114,145.7887323943662,156.71549295774648,206.27478753541075,206.74220963172806,210.8526912181303,0.9989854097366333
frame1933,131.7492957746479,145.7887323943662,156.71549295774648,206.27478753541075,206.74220963172806,210.8526912181303,1.0011327266693115
frame1934,131.81126760563382,146.10985915492958,157.3943661971831,206.27478753541075,207.26062322946174,210.8526912181303,1.000004768371582
frame1935,131.8394366197183,146.10985915492958,157.5211267605634,206.79320113314446,206.74220963172806,210.8526912181303,0.9999774694442749
frame1936,131.99718309859156,146.21971830985916,157.73239436619718,206.27478753541075,207.26062322946174,210.8526912181303,0.998698354
frame1937,131.8056338028169,146.05070422535212,157.19154929577465,207.1473087818697,207.09915014164307,211.05665722379604,1.0008162260055542
frame1938,131.06478873239436,145.60281690140846,156.5211267605634,207.70821529745044,208.06515580736544,210.78470254957506,1.005882978439331
frame1939,130.89295774647888,145.8,157.2225352112676,207.29178470254956,207.26628895184135,211.1331444759207,1.0075082778930664
frame1940,130.28450704225352,145.7549295774648,157.3718309859155,207.29178470254956,206.81869688385268,211.1331444759207,1.0106680393218994
frame1941,130.4,145.66197183098592,157.1774647887324,207.29178470254956,207.26628895184135,211.1331444759207,1.0125406980514526
frame1942,130.4,145.66197183098592,157.1774647887324,207.29178470254956,207.26628895184135,211.1331444759207,1.0136889219284058
frame1943,130.4,145.66197183098592,157.21971830985916,207.38526912181302,207.3456090651558,211.1728045325779,1.0139789581298828
frame1944,130.4,145.66197183098592,157.1774647887324,207.38526912181302,207.3456090651558,211.1728045325779,1.0144615173339844
frame1945,130.743662,145.57183098591548,156.65070422535211,207.38526912181302,207.3456090651558,211.1728045325779,1.0169302225112915
frame1946,130.91549295774647,145.68169014084506,156.65915492957745,207.38526912181302,207.89235127478753,211.1728045325779,1.0181654691696167
frame1947,130.91549295774647,145.68169014084506,156.65915492957745,207.38526912181302,206.89235127478753,211.1728045325779,1.0211200714111328
frame1948,130.91549295774647,145.68169014084506,156.65915492957745,207.38526912181302,207.3456090651558,211.1728045325779,1.0240709781646729
frame1949,130.91549295774647,145.68169014084506,156.65915492957745,207.38526912181302,206.89235127478753,211.1728045325779,1.0279641151428223
frame1950,131.14084507042253,146.07042253521126,157.33521126760564,211.8668555240793,211.70821529745044,213.3541076487252,1.0326765775680542
frame1951,131.41971830985915,146.02535211267605,157.68169014084506,211.8668555240793,211.94334277620396,213.3541076487252,1.032112479
frame1952,131.43380281690142,146.10422535211268,157.66760563380282,211.8668555240793,211.94334277620396,213.3541076487252,1.0321519374847412
frame1953,131.48732394366198,146.15774647887324,157.85915492957747,211.8668555240793,211.94334277620396,213.3541076487252,1.034926176071167
frame1954,131.39718309859154,146.143662,157.73239436619718,212.6317280453258,211.70821529745044,213.3541076487252,1.0432235
frame1955,131.6338028169014,146.143662,157.73239436619718,212.6317280453258,211.70821529745044,213.3541076487252,1.0541234016418457
frame1956,131.6338028169014,146.143662,157.73239436619718,211.8668555240793,211.70821529745044,213.3541076487252,1.059598684310913
frame1957,132.0112676056338,146.43661971830986,157.9042253521127,211.8668555240793,211.94334277620396,213.3541076487252,1.0492249727249146
frame1958,131.6338028169014,146.143662,157.73239436619718,212.6317280453258,211.70821529745044,213.3541076487252,1.0521050691604614
frame1959,132.0112676056338,146.43661971830986,157.8056338028169,211.8668555240793,211.70821529745044,213.3541076487252,1.0508822202682495
frame1960,131.96338028169015,146.27605633802816,158.17464788732394,211.8668555240793,211.70821529745044,213.3541076487252,1.0436152219772339
frame1961,131.85352112676057,146.27605633802816,158.17464788732394,212.6317280453258,211.70821529745044,213.3541076487252,1.038237214
frame1962,131.28450704225352,146.44507042253522,158.2112676056338,210.5042492917847,210.72521246458925,212.62606232294618,1.031752586364746
frame1963,131.18873239436618,146.2507042253521,157.6450704225352,211.0113314447592,210.32577903682719,212.62606232294618,1.0329139232635498
frame1964,131.35211267605635,146.4112676056338,158.06760563380283,211.0113314447592,210.96033994334277,212.62606232294618,1.0240364074707031
frame1965,131.35211267605635,146.4112676056338,158.06760563380283,211.0113314447592,210.3597733711048,212.62606232294618,1.0172713994979858
frame1966,131.32676056338028,146.40281690140844,158.05915492957746,210.88668555240793,210.32577903682719,212.62606232294618,1.0124926567077637
frame1967,131.04507042253522,146.40281690140844,158.05915492957746,210.80736543909347,210.3597733711048,212.62606232294618,1.010091781616211
frame1968,131.04225352112675,146.40281690140844,158.05915492957746,210.80736543909347,210.3597733711048,212.62606232294618,1.008165717124939
frame1969,131.00845070422534,146.0056338028169,157.41971830985915,213.69121813031163,212.8583569405099,214.03682719546742,1.0131056308746338
frame1970,130.73521126760562,146.0056338028169,157.34647887323945,213.6458923512748,212.8583569405099,214.03682719546742,1.020782470703125
frame1971,131.00845070422534,146.0056338028169,157.41971830985915,213.69121813031163,212.8583569405099,214.03682719546742,1.026593565940857
frame1972,130.73521126760562,146.0056338028169,157.41971830985915,213.6458923512748,212.8583569405099,214.03682719546742,1.037827491760254
frame1973,130.2507042253521,145.96056338028168,157.8507042253521,213.69121813031163,212.8583569405099,214.03682719546742,1.0458707809448242
frame1974,130.92394366197183,146.4788732394366,158.55774647887324,215.3342776203966,215.24645892351276,214.67705382436262,1.044043779373169
frame1975,130.6450704225352,146.1661971830986,157.97464788732395,214.75070821529744,213.71104815864024,214.40509915014164,1.0502294301986694
frame1976,130.34084507042255,145.8394366197183,157.5267605633803,214.75070821529744,213.71104815864024,214.40509915014164,1.0707147121429443
frame1977,129.7774647887324,145.1380281690141,156.96056338028168,215.39093484419263,215.28895184135976,214.26628895184135,1.0998084545135498
frame1978,128.32676056338028,144.0281690140845,155.70140845070424,216.25212464589234,215.28895184135976,214.26628895184135,1.1866329908370972
frame1979,127.10985915492958,143.0281690140845,154.7605633802817,216.25212464589234,215.28895184135976,214.1614730878187,1.293944239616394
frame1980,126.0056338028169,141.98028169014086,153.53521126760563,216.25212464589234,215.28895184135976,214.1614730878187,1.4496815204620361
frame1981,124.73521126760564,140.84225352112676,152.1774647887324,216.60056657223797,215.39376770538243,214.26628895184135,1.671635627746582
frame1982,123.46478873239437,139.54084507042253,150.95774647887325,217.55240793201133,215.47308781869688,213.40509915014164,1.9645681381225586
frame1983,122.43098591549295,138.47605633802817,150,218.3314447592068,215.9830028328612,213.30594900849857,2.291165590286255
frame1984,120.51267605633802,137.54929577464787,148.9830985915493,218.03399433427762,215.88385269121812,213.20679886685554,2.561877965927124
frame1985,119.75774647887324,135.96901408450705,147.2394366197183,217.93201133144476,215.79886685552407,213.1614730878187,2.7271811962127686
frame1986,117.63098591549296,135.1774647887324,147.1323943661972,219.6713881,215.57790368271955,214,2.8213226795196533
frame1987,116.1943661971831,134.20845070422536,145.96338028169015,221.9886685552408,217.79603399433427,214,2.8899407386779785
frame1988,113.7943661971831,132.75774647887323,144.48732394366198,221.52691218130312,216.54107648725213,213,2.9380855560302734
frame1989,112.54084507042253,130.68732394366197,143.3887323943662,230.6685552407932,222.4872521246459,213,2.9703938961029053
frame1990,111.45633802816901,129.7830985915493,142.7380281690141,237.91501416430594,227.20396600566573,213,2.9908251762390137
frame1991,109.45915492957747,129.0112676056338,142.44225352112676,248,235.20679886685554,213,3.0088369846343994
frame1992,107.3774647887324,128.29295774647886,142.1661971830986,251.53541076487252,240.0198300283286,213,3.0229337215423584
frame1993,106.63098591549296,127.23098591549295,140.84788732394367,251.3399433427762,240.1728045325779,213,3.0369694232940674
frame1994,104.62535211267605,125.69577464788732,139.5267605633803,254.59206798866856,244.08498583569406,213,3.0506820678710938
frame1995,112.23661971830985,128.85915492957747,140.96338028169015,254.71104815864024,245.3682719546742,213,3.0584230422973633
frame1996,114.49859154929578,132.7943661971831,145.456338,246.75920679886684,237.73371104815865,211.91501416430594,3.0623631477355957
frame1997,116.12394366197184,134.38591549295774,147.6,162.78186968838526,166.41359773371104,173.1416430594901,2.941087245941162
frame1998,116.6112676056338,134.91830985915493,148.4056338028169,152.8470254957507,158.29745042492917,164.19830028328613,2.8937206268310547
frame1999,116.65915492957747,135.57464788732395,148.94084507042254,152.5155807365439,157.57790368271955,164.30594900849857,2.821240186691284
frame2000,118.3943661971831,137.72112676056338,147.67323943661972,154.20963172804534,161.03682719546742,165.69121813031163,2.713519811630249
frame2001,144.67605633802816,154.33802816901408,160.06197183098593,157.81303116147308,163.58640226628896,167.3597733711048,2.4167404174804688
frame2015,103.97746478873239,121.11830985915493,134.51830985915493,242.3371104815864,230.77053824362605,213.93201133144476,3.7305831909179688
frame2016,104.95211267605634,121.15211267605633,133.99718309859156,230.73937677053826,219.41359773371104,213.6657223796034,4.565598011016846
frame2017,105.84225352112676,122.04507042253522,134.8281690140845,227.20396600566573,217.22096317280455,212.43626062322946,4.880664825439453
frame2018,108.43661971830986,124.74929577464789,136.8619718309859,218.93201133144476,210.60056657223797,211.92634560906515,4.971258640289307
frame2019,109.8169014084507,126.15211267605633,138.35211267605635,210.0028328611898,203.30028328611897,209.25495750708214,4.978659152984619
frame2020,111.12676056338029,127.26760563380282,139.6225352112676,201.79886685552407,196.37110481586402,203.72521246458925,4.960223197937012
frame2021,112.23098591549295,128.42816901408452,140.72676056338028,201.77337110481585,196.3512747875354,203.71671388101984,4.425955295562744
frame2022,114.10704225352113,129.56338028169014,142.92957746478874,194.5212464589235,191.29745042492917,199.92351274787535,3.1569931507110596
frame2023,115.75211267605634,131.2056338028169,144.4901408450704,195.1643059490085,191.60339943342777,200.28895184135976,3.0248992443084717
frame2024,116.4225352112676,131.58591549295775,144.856338,194.41076487252124,191.58073654390935,200.26628895184135,3.0263419151306152
frame2025,118.08450704225352,133.14084507042253,146.1943661971831,194.42209631728045,191.59490084985836,200.27195467422095,3.020289421081543
frame2026,120.47042253521127,134.4619718309859,147.60845070422536,194.39376770538243,191.59490084985836,200.27195467422095,3.0145437717437744
frame2027,121.21971830985916,135.89295774647888,148.5943661971831,193.91784702549575,191.3569405,200.76770538243625,2.992382049560547
frame2028,121.80281690140845,137.32676056338028,149.31549295774647,192.1614730878187,191.38810198300283,199.89518413597733,2.857393503189087
frame2029,122.91267605633803,138.40845070422534,150.41971830985915,190.1558073654391,189.6713881,197.5212464589235,2.8435230255126953
frame2030,124.70140845070422,139.82535211267606,151.70985915492957,189.07365439093485,189.55524079320114,197.40509915014164,2.8028953075408936
frame2031,125.9943661971831,140.8338028169014,152.65915492957745,188.55524079320114,188.1359773371105,197.60906515580737,2.718968152999878
frame2032,128.87887323943661,142.3830985915493,154.79154929577464,189.77337110481585,190.05949008498584,198.44759206798867,2.422597646713257
frame2033,129.48732394366198,143.143662,155.34647887323945,193.37110481586402,192.89801699716713,200.82436260623228,1.873763084411621
frame2034,130.2,143.85352112676057,156.4901408450704,192.56657223796034,191.45892351274787,200.69971671388103,1.2412571907043457
frame2035,130.90140845070422,144.06197183098593,156.69859154929577,194.8611898016997,194.32577903682719,202.23512747875355,0.9684685468673706
frame2036,131.38028169014083,144.66760563380282,157.00281690140844,195.28045325779036,195.6487252124646,203.43342776203966,0.9540417194366455
frame2037,131.35211267605635,144.9943661971831,157.14647887323943,195.96883852691218,195.1416430594901,203.89235127478753,0.9739962816238403
frame2038,131.61971830985917,145.95774647887325,158.2225352112676,197.60623229461757,197.3314447592068,204.82152974504248,0.9833629131317139
frame2039,131.56056338028168,145.96901408450705,158.21971830985916,197.08215297450425,196.80736543909347,204.29745042492917,0.987313986
frame2040,131.16901408450704,145.55492957746478,156.6338028169014,195.53257790368272,194.71671388101984,202.55524079320114,0.9914741516113281
frame2041,131.2338028169014,145.3830985915493,156.70704225352114,198.3371104815864,195.94617563739376,204.11331444759207,0.9983333349227905
frame2042,131.56338028169014,146.07887323943663,157.44225352112676,197.76487252124645,195.31444759206798,203.52974504249292,1.0010333061218262
frame2043,131.58028169014085,145.92957746478874,157.29295774647886,197.75354107648724,195.28611898016996,203.5014164305949,0.9920748472213745
frame2044,131.1661971830986,146.31549295774647,158.21971830985916,197.73654390934846,195.28611898016996,203.5014164305949,0.9936162233352661
frame2045,131.41408450704225,146.33239436619718,158.21971830985916,197.75354107648724,195.28611898016996,203.5014164305949,0.9934324026107788
frame2046,131.6225352112676,146.55774647887324,158.42816901408452,197.75354107648724,195.32011331444758,203.5014164305949,0.9925868511199951
frame2047,131.89295774647888,146.6,158.03661971830985,198.6600566572238,196.05949008498584,204.07932011331445,0.9909125566482544
frame2048,131.7492957746479,146.9661971830986,158.70140845070424,201.17847025495752,199.04815864022663,205.59490084985836,0.9894417524337769
frame2049,131.94929577464788,146.9774647887324,158.71549295774648,201.19546742209633,199.04815864022663,205.59490084985836,0.9879268407821655
frame2050,132.2281690140845,147.4845070422535,159.56619718309858,202.45325779036827,200.60623229461757,206.3597733711048,0.9872946739196777
frame2051,132.21971830985916,147.4845070422535,159.56056338028168,202.6713881,200.82436260623228,206.57790368271955,0.986422062
frame2052,132.54084507042253,147.52394366197183,159.44788732394366,206.37677053824362,204.31728045325778,209.41643059490085,0.9862914085388184
frame2053,132.40845070422534,147.4732394366197,159.45915492957747,206.37677053824362,204.31728045325778,209.41643059490085,0.9864758253097534
frame2054,132.56619718309858,147.50140845070422,159.18873239436618,206.37677053824362,204.31728045325778,209.41643059490085,0.9864928722381592
frame2055,132.67887323943663,147.55492957746478,159.5830985915493,206.37677053824362,204.31728045325778,209.41643059490085,0.9866248369216919
frame2056,132.68732394366197,147.68169014084506,159.7661971830986,207.53257790368272,205.58640226628896,210.17847025495752,0.9868911504745483
frame2057,132.68732394366197,147.68169014084506,159.7661971830986,207.77903682719545,205.8328611898017,210.42492917847025,0.9869904518127441
frame2058,132.45070422535213,147.71549295774648,159.4619718309859,207.57790368271955,205.8328611898017,210.42492917847025,0.9872883558273315
frame2059,132.71267605633804,147.66197183098592,159.71267605633804,207.77903682719545,205.8328611898017,210.42492917847025,0.987012506
frame2060,133.34647887323945,148.06478873239436,159.87042253521128,207.77903682719545,205.8328611898017,210.42492917847025,0.9869509935379028
frame2061,133.1323943661972,148.06478873239436,160.23098591549297,207.74504249291786,205.8328611898017,210.42492917847025,0.9870666265487671
frame2062,133.1323943661972,148.06478873239436,160.23098591549297,207.08498583569406,205.58640226628896,210.17847025495752,0.9868056774139404
frame2063,133.60281690140846,148.34366197183098,160.49577464788732,207.57790368271955,205.8328611898017,210.42492917847025,0.9866828918457031
frame2064,133.2338028169014,148.4169014084507,160.83661971830986,214.1359773371105,213.43342776203966,214.5155807365439,0.986812949
frame2065,133.05915492957746,148.47042253521127,160.64788732394365,214.1359773371105,213.43342776203966,214.5155807365439,0.9870679378509521
frame2066,133.09014084507044,148.33802816901408,160.72112676056338,214.19546742209633,213.42492917847025,214.23512747875355,0.9870727062225342
frame2067,133.07887323943663,148.27042253521128,160.5323943661972,214.19546742209633,213.40793201133144,214.23512747875355,0.9871437549591064
frame2068,133.28732394366196,148.18028169014084,160.5323943661972,214.42492917847025,213.91218130311614,214.56940509915015,0.9868464469909668
frame2069,133.28732394366196,148.18028169014084,160.54084507042253,214.53824362606233,213.91218130311614,214.56940509915015,0.986975908
frame2070,133.28732394366196,148.18028169014084,160.54084507042253,214.42492917847025,213.91218130311614,214.56940509915015,0.9869626760482788
frame2071,133.143662,148.07887323943663,160.04507042253522,214.53824362606233,213.91218130311614,214.56940509915015,0.9870578050613403
frame2072,133.28732394366196,148.29859154929576,160.456338,213.77053824362605,213.1614730878187,214.56940509915015,0.9873377084732056
frame2073,132.99154929577466,147.96901408450705,160.39154929577464,215.3342776203966,214.89235127478753,215.3626062322946,0.9871468544006348
frame2074,132.92957746478874,147.9943661971831,160.56901408450705,215.3342776203966,214.89235127478753,215.3626062322946,0.9872773885726929
frame2075,132.92957746478874,147.9943661971831,160.56901408450705,215.3342776203966,214.89235127478753,215.3626062322946,0.9873090982437134
frame2076,133.18309859154928,148.54084507042253,161.33802816901408,218.21813031161474,216.97167138810198,216,0.9879342317581177
frame2077,133.45915492957747,148.62535211267607,161.26478873239438,218.04815864022663,216.8441926345609,216,0.9876961708068848
frame2078,133.17464788732394,148.60845070422536,161.43098591549295,218.04815864022663,216.8441926345609,216,0.9878571033477783
frame2079,133.57746478873239,148.6112676056338,161.43380281690142,217.9971671388102,216.79320113314446,216,0.9873605966567993
frame2080,133.49577464788732,148.8985915492958,161.07323943661973,217.9971671388102,216.79320113314446,216,0.9878658056259155
frame2081,133.50422535211268,148.90140845070422,161.07605633802817,217.9971671388102,216.79320113314446,216,0.9878478050231934
frame2082,133.8338028169014,148.8985915492958,161.06760563380283,217.02266288951841,215.38243626062322,216,0.9875741004943848
frame2083,133.5154929577465,148.77464788732394,160.81126760563382,217.9971671388102,216.79320113314446,216,0.9873528480529785
frame2084,133.81971830985916,148.743662,160.72957746478872,217.02266288951841,215.38243626062322,216,0.9871413707733154
frame2085,133.8450704225352,148.77464788732394,160.8056338028169,217.02266288951841,215.3569405,216,0.987118125
frame2086,133.47605633802817,148.7380281690141,160.72957746478872,217.02266288951841,215.3569405,216,0.9874392747879028
frame2087,133.80845070422535,148.7380281690141,160.72957746478872,217.02266288951841,215.3569405,216,0.9870412349700928
frame2088,134.09859154929578,148.11830985915492,159.0338028169014,217.11614730878188,215.47592067988668,216,0.9862216711044312
frame2089,133.7661971830986,147.94647887323944,159.01408450704224,217.18413597733712,215.47592067988668,216,0.9868127107620239
frame2090,133.97464788732395,148.23661971830987,159.10985915492958,217.18413597733712,215.47592067988668,216,0.987398624
frame2091,134.2507042253521,148.23661971830987,159.4169014084507,217.11614730878188,215.47592067988668,216,0.9871865510940552
frame2092,134.08732394366197,148.23661971830987,159.10985915492958,216.1501416430595,214.5099150141643,215,0.9874042272567749
frame2093,133.97464788732395,148.23661971830987,159.4169014084507,217.18413597733712,215.47592067988668,216,0.9877055883407593
frame2094,133.97464788732395,148.23661971830987,159.1014084507042,217.11614730878188,215.44192634560906,215,0.9879598617553711
frame2095,132.66197183098592,147.42253521126761,158.16338028169014,217.18413597733712,215.47592067988668,215,0.9898087978363037
frame2096,132.69577464788733,147.1267605633803,158.0957746478873,217.21813031161474,215.47592067988668,215,0.9901304244995117
frame2097,131.3943661971831,146.1943661971831,156.99154929577466,217.21813031161474,215.47592067988668,215,0.9953533411026001
frame2098,130.19718309859155,145.1774647887324,155.94366197183098,217.21813031161474,215.47592067988668,215,1.0101900100708008
frame2099,128.6169014084507,144.10985915492958,155.14647887323943,218.18413597733712,215.47592067988668,215,1.0456510782241821
frame2100,127.34366197183098,143.27605633802816,154.29577464788733,218.6458923512748,215.47592067988668,215,1.0979442596435547
frame2101,126.07887323943662,142.07042253521126,153.37464788732393,218.67988668555242,215.47592067988668,215,1.162625789642334
frame2102,124.67887323943663,141.13521126760563,152.03098591549295,219.6458923512748,215.47592067988668,214,1.2514809370040894
frame2103,122.89014084507042,139.50140845070422,150.32394366197184,219.67988668555242,215.47592067988668,214,1.4589073657989502
frame2104,121.84225352112676,138.44507042253522,149.3887323943662,219.67988668555242,215.47592067988668,214,1.8369015455245972
frame2105,121.50985915492957,137.87605633802818,149.36338028169016,219.67988668555242,215.47592067988668,214,2.29927659
frame2106,120.08450704225352,136.8732394366197,148.4056338028169,220.67988668555242,215.54390934844193,214,2.673532485961914
frame2107,118.58028169014085,135.87042253521128,147.42253521126761,230.69971671388103,223.11331444759207,214,2.8408915996551514
frame2108,117.4338028169014,134.78591549295774,146.32957746478874,239.74220963172806,230.0028328611898,213,2.913886070251465
frame2109,115.85633802816902,132.07042253521126,143.9943661971831,245.19263456090653,232.6345609065156,213,2.958566188812256
frame2110,114.56056338028169,131.2394366197183,143.16338028169014,249.79603399433427,236.81869688385268,213,2.9818828105926514
frame2111,112.90140845070422,129.83098591549296,142.00281690140844,253.18980169971672,240.68271954674222,213,2.998422384262085
frame2112,110.72394366197183,128.8056338028169,141.72957746478872,254.3456090651558,242.9858357,213,3.0133919715881348
frame2113,110.20845070422536,128.30422535211267,140.72112676056338,254.62606232294618,244.12747875354108,213,3.026306152
frame2114,110.91549295774648,129.0056338028169,141.55492957746478,255,245.1728045325779,213,3.041912078857422
frame2115,118.45915492957747,133.543662,146.7605633802817,253.90651558073654,243.9830028328612,212.95467422096317,3.0275449752807617
frame2116,119.32112676056337,134.18873239436618,148.29577464788733,195.6572238,193.07082152974505,191.47025495750708,2.962489604949951
frame2117,120.27323943661972,135.16338028169014,149.99154929577466,153.60623229461757,158.12747875354108,165.0169971671388,2.840604305267334
frame2118,121.72957746478873,136.4901408450704,150.856338,151.0169971671388,157.0169971671388,163.0028328611898,2.717341184616089
frame2119,122.58028169014085,137.2507042253521,151.07042253521126,153.02266288951841,160.0141643,165.0028328611898,2.4593822956085205
frame2120,132.94366197183098,144.10422535211268,152.7718309859155,157.21529745042494,163.03682719546742,166.8583569405099,1.8377108573913574
frame2121,153.60845070422536,159.27042253521128,166.06197183098593,159.97733711048159,165.59773371104816,168.8526912181303,0.9512760639190674
frame2122,164.72112676056338,168.52957746478873,173.3943661971831,167.62322946175638,172.62322946175638,173.8385269121813,0.6576374173164368
frame2123,164,168,173,171.3626062322946,174.5042492917847,176.57507082152975,0.5622720718383789
frame2124,154.07887323943663,161.87887323943661,166.49577464788732,147.22662889518415,157.1699716713881,161.1699716713881,0.3885441720485687
frame2125,152.3943661971831,160.0169014084507,164.60281690140846,148.03682719546742,157.69121813031163,161.5184135977337,0.16985076665878296
frame2126,142.74084507042252,153.35211267605635,158.28169014084506,147.67988668555242,157.25779036827194,160.8526912181303,0.043023526668548584
frame2127,124.74366197183099,136.39718309859154,145.43098591549295,146.4872521246459,156.79036827195466,160.26628895184135,0.002337724
frame2128,116.1887323943662,130.72957746478872,143.25352112676057,146.30594900849857,155.24079320113316,160.1529745042493,-0.034211546
frame2129,115.25633802816901,130.5154929577465,144.34084507042255,146.1501416430595,155.57507082152975,159.78753541076486,-0.041025907
frame2130,113.0112676056338,129.18591549295775,142.94929577464788,144.59773371104816,153.88668555240793,159.5014164305949,-0.021071106
frame2131,113.54929577464789,129.6394366197183,143.0112676056338,197.26912181303115,195.24929178470256,191.75920679886684,0.088097185
frame2132,112.35492957746479,128.5830985915493,141.81690140845072,242.60906515580737,230.8611898016997,212.97167138810198,0.7161829471588135
frame2133,106.07042253521126,123.4338028169014,135.5154929577465,242.81586402266288,231.39093484419263,213,1.664420724
frame2134,105.81408450704225,123.32394366197182,135.44507042253522,241.23512747875355,230.57507082152975,212.97450424929178,2.7941365242004395
frame2135,108.07323943661972,123.65915492957747,135.97464788732395,229.81019830028328,219.60056657223797,212.6713881,3.1291563510894775
frame2136,109.9943661971831,125.09014084507042,137.74084507042252,222.81019830028328,212.74220963172806,212.72521246458925,3.1379871368408203
frame2137,111.10140845070423,127.06760563380281,138.75211267605633,215.59490084985836,208.40793201133144,210.8300283286119,3.1260385513305664
frame2138,113.11267605633803,128.2169014084507,139.88732394366198,209.24362606232296,202.69121813031163,208.78186968838526,3.113046646118164