Frame,Red channel,Green channel,Blue Channel,Red_back,Green_back,Blue_back,Pressure
frame0,160.11917443408788,158.64247669773636,156.51997336884153,244.72569906790946,239.939414114514,243.72569906790946,-0.04616233706474304
frame1,159.70372836218377,158.21304926764313,156.1005326231691,244.95272969374167,239.9520639147803,243.73768308921439,-0.050148725509643555
frame2,159.23102529960053,157.8814913448735,155.62982689747005,243.0093209054594,237.35885486018643,241.0093209054594,-0.051512211561203
frame3,159.6438082556591,158.3561917443409,156.13515312916113,244.16844207723037,238.47536617842877,242.16844207723037,-0.04915088415145874
frame4,159.0745672436751,158.09454061251665,155.7190412782956,243.47536617842877,237.78229027962718,241.47536617842877,-0.054014652967453
frame5,158.982689747004,158.18774966711052,155.72969374167775,244.16844207723037,238.47536617842877,242.16844207723037,-0.059739917516708374
frame6,159.99866844207722,158.8774966711052,156.53462050599202,243.2063914780293,237.51131824234355,241.2063914780293,-0.047486841678619385
frame7,160.59520639147803,159.59454061251665,157.3422103861518,244.90146471371506,239.11717709720372,242.90146471371506,-0.0281754732131958
frame8,160.04194407456725,159.00532623169107,156.66844207723037,244.78761651131825,239.0093209054594,242.78761651131825,-0.021063178777694702
frame9,160.42343541944075,159.32623169107856,157.10252996005326,244.90146471371506,239.11717709720372,242.90146471371506,-0.01316457986831665
frame10,159.9347536617843,158.89813581890812,156.6005326231691,245.5659121171771,239.78761651131825,243.5659121171771,-0.01702401041984558
frame11,159.5965379494008,158.57589880159787,156.19906790945407,245.47270306258324,239.69906790945407,243.47270306258324,-0.024121612310409546
frame12,159.3022636484687,158.30026631158455,155.91810918774968,244.6358189081225,239.6358189081225,243.40612516644475,-0.03550073504447937
frame13,159.42210386151797,158.47669773635153,156.10852197070574,245.47270306258324,239.69906790945407,243.47270306258324,-0.04226386547088623
frame14,159.27430093209054,158.30625832223703,156.3195739014647,244.6358189081225,239.6358189081225,243.40612516644475,-0.044383734464645386
frame15,159.45406125166446,158.62516644474036,156.48934753661786,244.69906790945407,239.69906790945407,243.47270306258324,-0.0404837429523468
frame16,160.1484687083888,159.23968042609854,157.2157123834887,244.5659121171771,239.78761651131825,243.5659121171771,-0.026200205087661743
frame17,160.03195739014646,159.26897470039947,157.37416777629826,244.16777629826896,239.16777629826896,242.91344873501998,-0.01230892539024353
frame18,159.61717709720372,158.83621837549933,156.96338215712385,244.12982689747005,239.12982689747005,242.8735019973369,-0.008932113647460938
frame19,159.99001331557923,159.19906790945407,157.2363515312916,243.91344873501998,239.16777629826896,242.91344873501998,-0.006323188543319702
frame20,159.7982689747004,158.9553928095872,157.08189081225032,244.12982689747005,239.12982689747005,242.8735019973369,-0.006737321615219116
frame21,160.08721704394142,159.37882822902796,157.41611185086552,244.16777629826896,239.16777629826896,242.91344873501998,-0.004684001207351685
frame22,159.84753661784288,159.07656458055925,157.25632490013317,243.78828229027962,238.78828229027962,242.51398135818908,-0.005852818489074707
frame23,159.17709720372835,158.44340878828228,156.57256990679093,243.4607190412783,238.73768308921439,242.4607190412783,-0.012562990188598633
frame24,159.03728362183756,158.28761651131825,156.3382157123835,243.71238348868175,238.71238348868175,242.4340878828229,-0.01762908697128296
frame25,159.19107856191744,158.69374167776297,156.44673768308922,243.73768308921439,238.73768308921439,242.4607190412783,-0.01719912886619568
frame26,158.78295605858855,158.00998668442077,155.56458055925432,243.09853528628494,238.09853528628494,241.82623169107856,-0.02613428235054016
frame27,159.02796271637817,158.36817576564582,155.9300932090546,243.18242343541945,238.18242343541945,241.91478029294274,-0.028085142374038696
frame28,159.38748335552597,158.72769640479362,156.33222370173104,243.6977363515313,238.6977363515313,242.45872170439415,-0.021085739135742188
frame29,159.87616511318242,159.09853528628494,156.7583222370173,244.33954727030627,238.57256990679093,242.33954727030627,-0.011714756488800049
frame30,159.3728362183755,158.6757656458056,156.262982689747,243.6977363515313,238.6977363515313,242.45872170439415,-0.01267176866531372
frame31,160.0559254327563,159.28362183754993,156.939414114514,244.57256990679093,238.80559254327562,242.57256990679093,-0.007474333047866821
frame32,159.74633821571237,158.974034620506,156.57190412782955,244.21970705725698,238.45872170439415,242.21970705725698,-0.009084999561309814
frame33,160.22902796271637,159.4906790945406,157.12050599201066,244.33954727030627,238.57256990679093,242.33954727030627,-0.0057697594165802
frame34,160.11917443408788,159.26431424766977,156.84420772303596,243.45872170439415,237.6977363515313,241.45872170439415,-0.006919980049133301
frame35,159.48402130492676,158.79693741677764,156.3821571238349,245.54593874833554,239.67509986684422,243.54593874833554,-0.01404482126235962
frame36,159.82689747003994,159.23368841544607,156.76165113182424,243.17043941411453,238.17043941411453,242.00399467376832,-0.011440098285675049
frame37,160.5845539280959,159.9347536617843,157.48535286284954,243.27230359520638,238.27230359520638,241.27230359520638,-0.004705935716629028
frame38,159.8854860186418,159.12516644474036,156.66711051930758,243.41278295605858,238.41278295605858,241.41278295605858,-0.009301751852035522
frame39,160.0079893475366,159.13315579227697,156.814913448735,244.41411451398136,239.41411451398136,242.41411451398136,-0.011770427227020264
frame40,159.81091877496672,158.9613848202397,156.65512649800266,243.46737683089214,238.46737683089214,242.43275632490014,-0.013454794883728027
frame41,160.262982689747,159.73368841544607,157.38348868175765,244.3774966711052,239.3774966711052,243.34087882822902,-0.009795725345611572
frame42,160.33555259653795,159.80492676431425,157.39081225033289,246.71171770972038,242.70972037283622,245.70972037283622,-0.009875625371932983
frame43,166.21970705725698,164.84753661784288,163.32623169107856,248.37882822902796,242.80159786950733,245.61118508655127,-0.007299840450286865
frame44,173.80559254327562,171.69573901464713,170.43541944074568,248.34953395472704,242.79227696404794,245.08055925432757,-0.01966571807861328
frame45,169.39613848202396,168.1491344873502,166.95672436751,245.33155792276963,239.79161118508654,242.68442077230358,-0.023635506629943848
frame46,162.1797603195739,160.5798934753662,159.33621837549933,244.4600532623169,239.28029294274302,242.67310252996006,-0.013108611106872559
frame47,155.5832223701731,153.92676431424766,152.98402130492676,243.58588548601864,238.40945406125167,241.54327563249,-0.039564311504364014
frame48,146.06458055925432,145.30958721704394,143.49933422103862,238.07922769640479,232.74434087882824,234.02529960053263,-0.060253262519836426
frame49,137.66378162450067,135.4474034620506,133.39347536617842,240.84354194407456,235.1577896138482,236.5266311584554,-0.051176607608795166
frame50,128.0306258322237,126.10119840213049,123.33688415446072,232.98468708388816,228.0785619174434,229.02463382157123,-0.03897222876548767
frame51,123.99667110519307,122.52663115845539,119.14713715046605,199.77430093209054,197.474034620506,196.8022636484687,-0.03621262311935425
frame52,170.44074567243675,168.2103861517976,166.92676431424766,176.53328894806924,175.61717709720372,177.20838881491346,-0.05556577444076538
frame53,123.17909454061251,120.11185086551265,115.92809587217045,169.09454061251665,167.67243675099866,169.5226364846871,-0.06498271226882935
frame54,136.8901464713715,133.16711051930758,127.55392809587217,186.21637816245007,183.13981358189082,183.39747003994674,-0.06849756836891174
frame55,149.4906790945406,145.0798934753662,140.55858854860188,243.32756324900134,236.23035952063915,238.38415446071903,-0.0669562816619873
frame56,150.42743009320907,145.60186418109188,145.05992010652463,243.99866844207722,237.99467376830893,239.75565912117176,-0.06543105840682983
frame57,156.3508655126498,152.19107856191744,151.65579227696404,243.92876165113182,238.32756324900134,239.79760319573901,-0.055466294288635254
frame58,163.51930758988016,159.26165113182424,159.185086551265,245.07589880159787,239.53395472703062,242.49001331557923,-0.04111456871032715
frame59,172.08521970705726,167.5079893475366,167.5798934753662,248.9041278295606,243.7583222370173,247.22569906790946,-0.05600982904434204
frame60,176.0752330226365,172.3774966711052,172.7416777629827,250.25299600532622,245.36085219707059,249.0752330226365,-0.06555822491645813
frame61,172.44474034620507,169.06790945406127,168.05459387483356,248.65113182423434,244.79227696404794,248.61651131824235,-0.0672193169593811
frame62,170.82623169107856,167.43541944074568,166.10186418109188,246.02529960053263,242.8548601864181,246.65645805592544,-0.06724512577056885
frame63,169.7496671105193,166.52862849533955,164.99400798934752,239.79693741677764,235.75233022636485,238.77030625832225,-0.06587770581245422
frame64,169.86684420772303,166.5219707057257,165.36351531291612,244.07656458055925,238.57723035952063,241.27097203728363,-0.062190860509872437
frame65,169.47203728362183,166.16844207723037,165.0133155792277,242.63182423435418,236.58255659121173,240.9474034620506,-0.058497488498687744
frame66,167.79294274300932,164.96271637816244,163.1051930758988,243.7636484687084,239.00199733688416,243.75699067909454,-0.0527346134185791
frame67,168.15645805592544,165.3688415446072,163.64580559254327,244.46737683089214,239.21304926764313,244.03129161118508,-0.049412280321121216
frame68,167.74700399467378,164.79693741677764,163.18242343541945,244.38681757656457,240.28029294274302,243.83222370173104,-0.04598882794380188
frame69,167.98934753661786,164.89813581890812,162.7669773635153,246.62516644474036,241.9613848202397,246.27696404793608,-0.04362225532531738
frame70,167.67643142476697,164.73368841544607,162.83288948069242,243.5958721704394,238.4041278295606,243.19174434087884,-0.042970478534698486
frame71,168.13515312916113,165.32290279627165,163.66777629826896,241.1977363515313,236.11984021304926,240.30625832223703,-0.044702351093292236
frame72,166.2103861517976,165.0386151797603,163.54260985352863,243.8721704394141,239.36551264980028,242.33288948069242,-0.041240304708480835
frame73,166.06258322237017,164.7683089214381,163.37549933422105,240.05858854860188,236.24234354194408,238.5399467376831,-0.03973281383514404
frame74,165.71371504660453,164.3462050599201,162.77363515312916,237.6264980026631,232.46338215712385,235.482689747004,-0.037594228982925415
frame75,166.3508655126498,165.0046604527297,163.29760319573901,240.03129161118508,235.2157123834887,237.5046604527297,-0.03863641619682312
frame76,165.56857523302264,164.19973368841545,162.4247669773635,240.474034620506,232.68575233022636,237.07723035952063,-0.031191378831863403
frame77,166.56724367509986,164.95472703062583,163.20439414114514,241.54327563249,235.30559254327562,240.3035952063915,-0.03452783823013306
frame78,165.7896138482024,164.05392809587218,162.2203728362184,239.53794940079894,233.5832223701731,238.53262316910786,-0.03267216682434082
frame79,166.17842876165113,164.54394141145139,162.6484687083888,240.19840213049267,234.77363515312916,239.19440745672438,-0.03337070345878601
frame80,166.1537949400799,164.38814913448735,162.42743009320907,238.74434087882824,233.0699067909454,237.74434087882824,-0.03390580415725708
frame81,165.86684420772303,164.5266311584554,162.7237017310253,237.65179760319575,232.65179760319575,236.65179760319575,-0.03456723690032959
frame82,165.49267643142477,164.33222370173104,162.245672436751,238.35752330226364,233.25366178428763,237.35752330226364,-0.03407284617424011
frame83,165.57256990679093,164.3162450066578,162.33621837549933,237.99866844207722,232.7856191744341,236.99866844207722,-0.034358590841293335
frame84,166.3022636484687,164.39613848202396,163.6264980026631,238.88748335552597,233.41944074567243,237.88748335552597,-0.035522907972335815
frame85,166.4121171770972,164.6138482023968,163.70505992010652,238.94141145139812,233.90812250332888,237.94141145139812,-0.036090314388275146
frame86,165.94474034620507,164.19107856191744,163.28828229027962,238.28761651131825,233.28761651131825,237.31890812250333,-0.03558027744293213
frame87,166.03595206391478,164.31691078561917,163.4294274300932,239.36817576564582,234.36950732356857,238.37083888149135,-0.03550451993942261
frame88,165.50133155792278,163.7849533954727,162.7589880159787,241.2057256990679,236.21371504660453,240.21171770972038,-0.033810555934906006
frame89,166.11118508655127,164.36551264980028,163.61318242343543,241.27696404793608,236.3821571238349,240.32956058588547,-0.03474026918411255
frame90,165.60719041278296,163.94540612516644,163.0399467376831,242.02396804260985,237.185086551265,241.12183754993342,-0.03364676237106323
frame91,165.90945406125167,164.21770972037282,163.33555259653795,241.34753661784288,236.41344873501998,240.3994673768309,-0.03424122929573059
frame92,165.55925432756325,163.8515312916112,163.0386151797603,241.42743009320907,236.5033288948069,240.482689747004,-0.0336323082447052
frame93,165.9247669773635,164.15912117177098,163.38348868175765,240.3994673768309,235.5033288948069,239.45139813581892,-0.03450390696525574
frame94,165.0965379494008,163.32689747003994,162.38082556591212,240.482689747004,235.55858854860188,239.53794940079894,-0.032881855964660645
frame95,165.23102529960053,163.39414114513983,162.6438082556591,240.36151797603196,235.46537949400798,239.41344873501998,-0.032928407192230225
frame96,159.97270306258324,157.84021304926765,157.36484687083887,242.96205059920106,238.25499334221038,242.9600532623169,-0.03286832571029663
frame97,154.62583222370174,152.83288948069242,151.92276964047937,243.3195739014647,237.94540612516644,242.6324900133156,-0.058448612689971924
frame98,148.09853528628494,146.30958721704394,145.7057256990679,249.91877496671106,244.2010652463382,249.2010652463382,-0.06407266855239868
frame99,143.27762982689748,141.81291611185085,140.73834886817576,253.94940079893476,248.62583222370174,251.1531291611185,-0.04972964525222778
frame100,150.21837549933423,148.90679094540613,148.52463382157123,251.73435419440744,247.04394141145139,249.12183754993342,-0.04041019082069397
frame101,151.06657789613848,149.56324900133157,149.14181091877498,253.19440745672438,249.6231691078562,251.35552596537948,-0.0335160493850708
frame102,148.1264980026631,146.47869507323568,145.6491344873502,254.13848202396804,250.00133155792278,250.52996005326233,-0.02267661690711975
frame103,144.96804260985354,143.13781624500666,141.29560585885486,227.4034620505992,223.0925432756325,223.74700399467378,-0.023631632328033447
frame104,139.44141145139812,137.0126498002663,133.59920106524635,158.00066577896138,156.33022636484688,156.7583222370173,-0.011101245880126953
frame105,145.62450066577895,142.27230359520638,138.45605858854861,172.86950732356857,170.76165113182424,171.3022636484687,0.08919747173786163
frame106,147.84820239680425,144.9041278295606,141.80892143808256,223.98868175765645,219.8821571238349,221.34886817576566,0.07882469892501831
frame107,151.60719041278296,148.9154460719041,146.53661784287615,248.35552596537948,244.76964047936085,247.35552596537948,0.05572196841239929
frame108,142.8721704394141,140.3115845539281,138.32556591211718,250.7762982689747,247.61584553928097,249.77829560585886,0.04629892110824585
frame109,142.85352862849533,140.40812250332888,137.9254327563249,247.82490013315578,243.82490013315578,246.82490013315578,0.052022188901901245
frame110,143.97270306258324,141.4866844207723,138.89147802929426,246.81358189081226,241.02396804260985,246.30026631158455,0.06989172101020813
frame111,149.8022636484687,147.12583222370174,144.49001331557923,244.91744340878827,239.15179760319575,244.20372836218377,0.10971994698047638
frame112,153.82556591211718,151.42676431424766,148.23368841544607,243.9440745672437,238.73368841544607,243.38814913448735,0.23190076649188995
frame113,158.96205059920106,157.01930758988016,155.27030625832225,241.95872170439415,236.42343541944075,241.42343541944075,0.6463268995285034
frame114,162.26231691078561,160.41411451398136,158.32290279627165,242.13781624500666,236.52862849533955,241.13781624500666,0.7339730858802795
frame115,166.7796271637816,164.5705725699068,163.0752330226365,245.53129161118508,239.560585885486,244.53129161118508,0.7376291751861572
frame116,166.20505992010652,164.0785619174434,162.58189081225032,241.09786950732357,236.09786950732357,240.1264980026631,0.7578831315040588
frame117,166.73368841544607,164.61051930758987,163.08189081225032,241.68708388814915,236.02130492676432,240.2636484687084,0.634992241859436
frame118,166.5752330226365,164.44141145139812,162.97137150466045,242.94607190412782,237.48002663115847,240.35419440745673,0.40235427021980286
frame119,166.81757656458055,164.87083888149135,163.28029294274302,242.40545938748335,235.76897470039947,238.89347536617842,0.14607952535152435
frame120,167.0965379494008,165.12516644474036,163.4300932090546,240.262982689747,233.4647137150466,237.32822902796272,0.02060636878013611
frame121,166.9074567243675,164.88748335552597,163.1797603195739,243.49800266311584,236.72902796271637,240.53661784287615,-0.013992607593536377
frame122,166.86151797603196,164.72902796271637,162.9474034620506,242.56857523302264,235.5752330226365,240.1757656458056,-0.029619842767715454
frame123,167.7057256990679,165.72237017310252,163.9041278295606,242.7589880159787,237.44207723035953,242.28628495339547,-0.03455948829650879
frame124,166.82956058588547,164.66844207723037,163.00665778961385,241.97470039946737,236.96671105193076,240.96671105193076,-0.03896886110305786
frame125,167.06324900133157,165.5033288948069,164.07190412782955,242.09520639147803,236.80958721704394,241.08122503328894,-0.04202699661254883
frame126,166.0133155792277,164.59986684420772,163.09920106524635,242.23901464713714,236.81890812250333,241.2330226364847,-0.03697502613067627
frame127,166.08521970705726,164.5958721704394,163.12916111850865,241.34487350199734,235.34021304926765,240.15113182423434,-0.03635883331298828
frame128,165.79960053262317,164.32822902796272,162.8994673768309,240.33555259653795,234.39414114513983,239.32956058588547,-0.03548434376716614
frame129,165.68308921438083,164.39813581890812,162.8774966711052,240.6005326231691,234.6664447403462,239.5745672436751,-0.03375422954559326
frame130,165.25366178428763,164.20972037283622,162.6664447403462,241.96870838881492,236.47003994673767,240.96870838881492,-0.030564844608306885
frame131,165.5079893475366,164.5392809587217,162.9600532623169,244.71837549933423,238.83488681757657,243.71837549933423,-0.02739131450653076
frame132,165.6757656458056,164.4154460719041,162.88881491344873,243.2896138482024,237.35419440745673,242.2896138482024,-0.034353166818618774
frame133,166.19973368841545,164.90146471371506,163.3901464713715,242.3335552596538,236.39414114513983,241.3335552596538,-0.03599086403846741
frame134,165.52396804260985,164.60785619174433,163.07190412782955,241.55326231691078,235.59387483355525,240.55326231691078,-0.0353664755821228
frame135,165.96671105193076,165.04327563249,163.47137150466045,239.71704394141145,234.74300932090546,238.72569906790946,-0.03668150305747986
frame136,165.35552596537948,164.49267643142477,162.9074567243675,239.74367509986683,234.7636484687084,239.70306258322236,-0.035667985677719116
frame137,166.41877496671106,165.19507323568575,163.7323568575233,239.00266311584554,234.02862849533955,238.9613848202397,-0.03729504346847534
frame138,165.8688415446072,164.67043941411453,163.19041278295606,237.98002663115847,233.0,237.94007989347537,-0.03677940368652344
frame139,166.38681757656457,165.1531291611185,163.55992010652463,238.517310252996,233.517310252996,237.56924101198402,-0.03746825456619263
frame140,165.95805592543275,164.71837549933423,163.26165113182424,238.2063914780293,233.23968042609854,237.23968042609854,-0.0369226336479187
frame141,166.5798934753662,165.2982689747004,163.8508655126498,238.245672436751,233.28162450066577,237.28162450066577,-0.037883877754211426
frame142,165.61118508655127,164.27496671105192,162.61118508655127,238.9520639147803,233.974034620506,237.974034620506,-0.03571230173110962
frame143,162.26897470039947,160.8022636484687,159.36551264980028,239.92276964047937,234.9474034620506,238.98801597869507,-0.029045701026916504
frame144,157.87549933422105,156.55193075898802,155.08388814913448,239.81358189081226,233.86950732356857,237.86950732356857,-0.04274362325668335
frame145,154.70905459387484,153.4440745672437,151.65113182423434,236.49933422103862,230.94940079893476,234.94940079893476,-0.061111003160476685
frame146,148.69973368841545,147.25366178428763,145.8948069241012,235.94141145139812,229.94207723035953,233.94207723035953,-0.0661572515964508
frame147,144.7942743009321,143.814913448735,142.13781624500666,235.49933422103862,229.94940079893476,233.94940079893476,-0.050617069005966187
frame148,142.1804260985353,141.3069241011984,139.54061251664447,237.66444740346205,231.7017310252996,235.7017310252996,-0.03661409020423889
frame149,143.21238348868175,140.96271637816244,138.5972037283622,245.0912117177097,239.55392809587218,243.53661784287615,-0.03602558374404907
frame150,141.1757656458056,138.87483355525964,136.4380825565912,252.38482023968044,245.45006657789614,247.55392809587218,-0.03947734832763672
frame151,146.23768308921439,144.5046604527297,143.11251664447403,243.7103861517976,238.75699067909454,240.69041278295606,-0.045685648918151855
frame152,143.84487350199734,142.02929427430092,140.3854860186418,181.5739014647137,178.5739014647137,179.30758988015978,-0.0453125536441803
frame153,151.254327563249,149.1138482023968,147.3501997336884,178.66511318242343,176.1664447403462,175.57256990679093,-0.038291335105895996
frame154,144.04660452729695,141.18109187749667,137.9294274300932,179.0,176.0,177.6484687083888,-0.057128190994262695
frame155,145.7143808255659,142.8382157123835,141.06258322237017,195.15645805592544,192.02529960053263,192.0798934753662,-0.043747395277023315
frame156,140.4474034620506,137.98002663115847,135.31091877496672,239.2809587217044,234.80758988015978,236.8814913448735,-0.02027192711830139
frame157,141.9427430093209,139.52463382157123,137.09986684420772,237.74766977363515,233.3735019973369,236.0612516644474,0.008258581161499023
frame158,143.36018641810918,140.78362183754993,138.55858854860188,238.85352862849533,234.86684420772303,236.86684420772303,0.03729599714279175
frame159,145.60852197070574,143.0479360852197,140.7849533954727,241.8209054593875,237.79494007989348,240.8162450066578,0.07422192394733429
frame160,148.36018641810918,145.4474034620506,143.25366178428763,241.76897470039947,237.72902796271637,240.762982689747,0.1383991539478302
frame161,153.5266311584554,150.42743009320907,148.32290279627165,241.63715046604528,237.5798934753662,239.66577896138483,0.41258367896080017
frame162,157.60452729693742,154.93209054593873,152.88881491344873,241.2762982689747,236.9260985352863,239.43675099866843,0.8605145215988159
frame163,161.9920106524634,158.8994673768309,156.86484687083887,240.5572569906791,236.39214380825567,238.95739014647137,1.2380298376083374
frame164,164.18242343541945,161.6498002663116,159.61651131824235,242.03661784287615,236.88482023968044,240.1498002663116,1.3223811388015747
frame165,166.61251664447403,165.2143808255659,163.51531291611184,238.34953395472704,232.22170439414114,235.03195739014646,0.9679921865463257
frame166,166.25632490013317,164.81025299600532,162.9607190412783,240.45406125166446,233.9214380825566,236.9600532623169,0.8179439306259155
frame167,167.24034620505992,165.5739014647137,163.68641810918774,240.88482023968044,234.2896138482024,238.20772303595206,0.5632997155189514
frame168,166.6324900133156,164.95006657789614,163.1138482023968,244.61118508655127,237.66511318242343,241.84487350199734,0.26545587182044983
frame169,166.97470039946737,165.271637816245,163.4873501997337,242.85286284953395,235.4254327563249,239.5745672436751,0.04902440309524536
frame170,166.51464713715046,164.94074567243675,162.95406125166446,243.70039946737683,236.57789613848203,241.44673768308922,-0.014501392841339111
frame171,167.01398135818908,165.3202396804261,163.44607190412782,245.0699067909454,239.03262316910786,243.9300932090546,-0.04146382212638855
frame172,167.18641810918774,165.35219707057257,163.39214380825567,241.9613848202397,235.94007989347537,240.87949400798934,-0.044665247201919556
frame173,167.70039946737683,165.82157123834887,163.91145139813582,240.6804260985353,234.65512649800266,239.60386151797604,-0.035334229469299316
frame174,166.83555259653795,165.25233022636485,163.14181091877498,241.288948069241,235.288948069241,240.28295605858855,-0.03853437304496765
frame175,166.89547270306258,165.14713715046605,163.07789613848203,244.00998668442077,238.0033288948069,242.81091877496672,-0.03742519021034241
frame176,166.71837549933423,165.0752330226365,162.88482023968044,242.7063914780293,236.72902796271637,241.70039946737683,-0.03643953800201416
frame177,167.1531291611185,165.474034620506,164.00732356857523,241.19374167776297,235.31025299600532,239.31025299600532,-0.037372738122940063
frame178,166.47070572569908,164.87150466045273,163.29494007989348,241.0,235.00399467376832,239.20838881491346,-0.03490680456161499
frame179,166.5525965379494,165.3162450066578,163.60319573901464,243.57256990679093,237.85818908122502,242.57256990679093,-0.0337161123752594
frame180,165.75099866844207,164.44474034620507,162.88948069241013,243.2237017310253,237.2942743009321,242.2237017310253,-0.03150525689125061
frame181,165.84420772303596,164.61118508655127,162.74633821571237,243.83222370173104,237.8462050599201,241.8462050599201,-0.029031366109848022
frame182,165.7237017310253,164.54860186418108,162.65179760319575,242.0752330226365,237.13515312916113,241.08721704394142,-0.03498697280883789
frame183,166.2636484687084,165.19041278295606,163.32290279627165,240.0079893475366,235.03595206391478,239.017310252996,-0.03661686182022095
frame184,165.3468708388815,164.2237017310253,162.36684420772303,242.9773635153129,238.47536617842877,242.22636484687084,-0.03380653262138367
frame185,165.7363515312916,164.7237017310253,162.7896138482024,244.36617842876166,239.7410119840213,243.7410119840213,-0.03395646810531616
frame186,165.2636484687084,164.22569906790946,162.45672436751,242.58388814913448,238.1231691078562,241.85352862849533,-0.033574581146240234
frame187,165.53728362183756,164.64181091877498,162.8988015978695,246.56924101198402,242.63315579227697,246.1011984021305,-0.03317722678184509
frame188,164.98801597869507,164.0093209054594,162.24367509986683,244.9387483355526,240.38015978695074,244.38082556591212,-0.03241455554962158
frame189,166.03129161118508,164.4953395472703,162.99400798934752,245.07723035952063,240.07723035952063,244.525965379494,-0.03378254175186157
frame190,166.29494007989348,164.80559254327562,163.4613848202397,244.53794940079894,239.53794940079894,243.95672436751,-0.03484511375427246
frame191,164.0612516644474,162.5046604527297,160.99001331557923,244.03262316910786,239.6098535286285,244.03262316910786,-0.03068414330482483
frame192,162.1011984021305,160.5,159.22436750998668,244.53794940079894,239.53794940079894,243.95672436751,-0.029498577117919922
frame193,161.6617842876165,160.08988015978696,158.6138482023968,244.87017310252995,239.87017310252995,244.27430093209054,-0.03155824542045593
frame194,159.685086551265,158.26098535286286,156.66577896138483,239.53129161118508,234.53129161118508,238.5739014647137,-0.03531309962272644
frame195,156.8768308921438,155.98934753661786,154.37616511318242,237.92809587217045,233.8209054593875,237.92809587217045,-0.04382786154747009
frame196,153.44540612516644,152.73568575233023,151.35352862849533,235.63448735019972,230.67509986684422,235.67509986684422,-0.06011781096458435
frame197,152.0965379494008,151.271637816245,149.94007989347537,237.97003994673767,232.97470039946737,237.97003994673767,-0.06535735726356506
frame198,148.37549933422105,147.27030625832225,146.21837549933423,250.3035952063915,244.9347536617843,249.19241011984022,-0.04753807187080383
frame199,145.70905459387484,144.29960053262317,142.5266311584554,254.66111850865514,250.711051930759,253.4474034620506,-0.03432822227478027
frame200,146.6498002663116,144.87416777629826,143.29094540612516,187.1358189081225,184.99933422103862,185.73901464713714,-0.04086226224899292
frame201,149.26165113182424,146.88748335552597,145.4440745672437,186.1231691078562,183.8422103861518,183.70039946737683,-0.04880136251449585
frame202,143.8735019973369,141.69107856191744,140.51997336884153,181.89081225033289,178.89081225033289,180.36351531291612,-0.04934760928153992
frame203,146.59920106524635,144.52996005326233,143.22569906790946,229.41011984021304,224.51664447403462,225.94207723035953,-0.029718875885009766
frame204,144.6631158455393,143.24034620505992,141.43142476697736,238.05193075898802,234.69041278295606,236.98535286284954,0.017576485872268677
frame205,149.2503328894807,147.9201065246338,146.42743009320907,235.4440745672437,233.91478029294274,237.39147802929426,0.10921134054660797
frame206,150.01065246338214,148.9034620505992,147.5386151797603,234.99267643142477,233.86617842876166,236.89214380825567,0.24584399163722992
frame207,152.05992010652463,150.61917443408788,149.3242343541944,234.98868175765645,233.85352862849533,236.90812250332888,0.34386321902275085
frame208,155.39547270306258,153.94474034620507,153.0699067909454,233.21171770972038,231.16777629826896,235.1930758988016,0.3641654849052429
frame209,160.1178428761651,158.46537949400798,157.99267643142477,242.38482023968044,239.47270306258324,244.47270306258324,0.6464698314666748
frame210,164.14780292942743,162.55193075898802,162.55659121171772,239.11251664447403,237.11517976031956,241.1358189081225,0.786360502243042
frame211,167.7410119840213,166.12982689747005,165.8988015978695,240.4920106524634,238.91810918774968,243.4920106524634,0.8332610130310059
frame212,170.67776298268976,168.9074567243675,169.12916111850865,239.76564580559256,238.76564580559256,243.6438082556591,0.8052252531051636
frame213,172.85818908122502,171.12117177097204,171.54327563249,237.7496671105193,236.60252996005326,240.5126498002663,0.7136499881744385
frame214,173.31025299600532,171.92343541944075,171.73834886817576,237.10452729693742,234.64580559254327,239.54394141145139,0.6244955062866211
frame215,173.79760319573901,172.16444740346205,172.09187749667112,242.5446071904128,240.69507323568575,244.52796271637817,0.44295579195022583
frame216,172.90479360852197,171.67243675099866,171.78628495339547,240.89813581890812,237.73901464713714,242.0033288948069,0.1871904730796814
frame217,173.12982689747005,172.21171770972038,172.32623169107856,238.47270306258324,234.90479360852197,240.12516644474036,0.03193578124046326
frame218,172.34021304926765,171.560585885486,171.50133155792278,240.8029294274301,238.70039946737683,243.67243675099866,-0.012732654809951782
frame219,172.64580559254327,171.88482023968044,172.00599201065248,240.47203728362183,236.93342210386152,242.8029294274301,-0.03119480609893799
frame220,172.2203728362184,171.38681757656457,171.60386151797604,237.53328894806924,233.96804260985354,239.79760319573901,-0.040725648403167725
frame221,172.87882822902796,171.93142476697736,172.1278295605859,238.95938748335553,235.36950732356857,241.1617842876165,-0.03745311498641968
frame222,172.75632490013317,171.88681757656457,172.00732356857523,242.16844207723037,238.55392809587218,243.71637816245007,-0.04244762659072876
frame223,172.79627163781623,171.8994673768309,172.04993342210386,241.58854860186418,238.46604527296938,243.7842876165113,-0.044422149658203125
frame224,172.0958721704394,171.23102529960053,171.42276964047937,239.81557922769642,235.9340878828229,241.16511318242343,-0.04523387551307678
frame225,172.7936085219707,171.86617842876166,172.24300932090546,238.78628495339547,234.90479360852197,240.13315579227697,-0.04579481482505798
frame226,171.8468708388815,170.9247669773635,171.05858854860188,238.33888149134486,234.77030625832225,239.34487350199734,-0.047335803508758545
frame227,171.75965379494008,170.71371504660453,171.01131824234355,243.33422103861517,239.8422103861518,245.66977363515312,-0.03921446204185486
frame228,171.29560585885486,170.73834886817576,170.5266311584554,241.7157123834887,238.68974700399468,244.4906790945406,-0.030828505754470825
frame229,172.0525965379494,171.1964047936085,171.17177097203728,240.3901464713715,236.91344873501998,242.95139813581892,-0.03135994076728821
frame230,171.61717709720372,170.74766977363515,170.63182423435418,240.4254327563249,236.9780292942743,243.08122503328894,-0.03152540326118469
frame231,172.12516644474036,171.29294274300932,171.0798934753662,239.49001331557923,236.0133155792277,242.05792276964047,-0.032027631998062134
frame232,171.79627163781623,170.95872170439415,170.6884154460719,239.47137150466045,236.025965379494,241.68575233022636,-0.031772345304489136
frame233,172.38881491344873,171.5612516644474,171.29161118508654,238.53328894806924,235.0659121171771,240.13914780292941,-0.0320606529712677
frame234,172.07256990679093,171.19973368841545,171.08521970705726,237.5652463382157,234.11984021304926,240.21704394141145,-0.031953245401382446
frame235,172.4254327563249,171.55459387483356,171.48335552596538,237.53328894806924,234.0745672436751,239.6537949400799,-0.0321480929851532
frame236,171.78295605858855,170.80958721704394,170.62183754993342,237.89280958721704,234.4380825565912,240.0739014647137,-0.03176319599151611
frame237,171.43275632490014,170.55992010652463,170.47003994673767,237.52929427430092,233.95339547270305,239.79693741677764,-0.031546592712402344
frame238,169.88482023968044,169.0079893475366,168.42410119840213,237.95739014647137,234.40679094540613,239.3368841544607,-0.030252665281295776
frame239,166.85818908122502,165.91877496671106,165.4873501997337,239.61517976031956,236.0392809587217,240.90079893475365,-0.025483787059783936
frame240,163.07789613848203,162.62583222370174,162.06857523302264,239.525965379494,236.6537949400799,242.4041278295606,-0.014372140169143677
frame241,160.19440745672438,159.45006657789614,158.98535286284954,239.63382157123834,235.7503328894807,242.517310252996,-0.0086173415184021
frame242,155.21371504660453,155.00732356857523,154.17243675099866,233.4154460719041,230.4154460719041,236.4154460719041,-0.03128087520599365
frame243,151.6624500665779,151.55193075898802,150.5832223701731,232.55858854860188,229.55858854860188,235.27430093209054,-0.058095455169677734
frame244,148.7896138482024,148.71171770972038,147.62849533954727,234.60252996005326,231.60252996005326,236.60252996005326,-0.06769627332687378
frame245,146.9380825565912,146.80758988015978,145.61717709720372,239.08255659121173,236.06657789613848,241.0572569906791,-0.05762609839439392
frame246,144.18641810918774,143.69241011984022,142.34487350199734,248.8774966711052,245.65645805592544,249.66977363515312,-0.0411209762096405
frame247,143.09520639147803,141.80625832223703,140.82956058588547,247.51930758988016,244.36617842876166,247.4427430093209,-0.03099888563156128
frame248,144.0392809587217,141.814913448735,140.65179760319575,186.45605858854861,185.39280958721704,186.228362183755,-0.03361824154853821
frame249,152.35419440745673,149.61118508655127,147.0925432756325,190.69174434087884,187.90146471371506,187.7936085219707,-0.02097448706626892
frame250,150.50133155792278,147.88482023968044,145.7796271637816,186.46205059920106,182.46205059920106,180.3948069241012,-0.02543586492538452
frame251,144.90479360852197,142.52063914780294,140.19107856191744,176.77896138482024,174.62916111850865,175.57323568575234,0.0145188570022583
frame252,139.63049267643143,138.0925432756325,137.75233022636485,244.4167776298269,238.85885486018643,241.4214380825566,0.4605657458305359
frame253,141.439414114514,139.67509986684422,138.7330226364847,237.60852197070574,233.88015978695074,236.3335552596538,1.606152057647705
frame254,141.17776298268976,139.18575233022636,138.41478029294274,236.51864181091878,233.33022636484688,236.95339547270305,2.8459696769714355
frame255,143.23834886817576,141.1970705725699,140.4427430093209,236.65046604527296,233.4247669773635,237.11118508655127,3.2320380210876465
frame256,145.2942743009321,142.89613848202396,142.39347536617842,233.39347536617842,229.31757656458055,234.2796271637816,3.1304430961608887
frame257,150.69241011984022,148.20505992010652,147.5705725699068,234.60785619174433,231.23568575233023,235.91944074567243,2.888791561126709
frame258,154.65645805592544,152.13382157123834,151.474034620506,240.20705725699068,237.28628495339547,241.1311584553928,2.4679579734802246
frame259,158.2363515312916,155.60386151797604,155.09187749667112,243.8774966711052,240.1311584553928,244.05792276964047,2.1332895755767822
frame260,161.7589880159787,159.26897470039947,158.78229027962718,241.974034620506,238.95139813581892,243.83488681757657,2.0808539390563965
frame261,165.58588548601864,163.08655126498002,162.7849533954727,239.3382157123835,236.25699067909454,239.70705725699068,2.0457613468170166
frame262,166.27829560585886,163.82290279627165,163.4041278295606,242.439414114514,238.8768308921438,241.71171770972038,1.8752161264419556
frame263,166.49400798934752,163.9074567243675,163.44007989347537,241.26897470039947,238.2936085219707,241.02529960053263,1.382112979888916
frame264,167.18908122503328,164.6624500665779,164.1884154460719,240.6977363515313,236.59187749667112,239.68974700399468,0.9176771640777588
frame265,166.83422103861517,164.26231691078561,163.81291611185085,238.4440745672437,233.90612516644475,237.7270306258322,0.6298798322677612
frame266,167.07323568575234,164.41810918774968,164.07589880159787,242.91078561917445,238.17243675099866,243.09853528628494,0.33126765489578247
frame267,167.10652463382158,164.46671105193076,164.13715046604528,240.4167776298269,234.71238348868175,240.0479360852197,0.04209795594215393
frame268,166.77496671105192,164.38415446071903,163.9294274300932,240.40013315579228,234.65645805592544,239.16910785619174,-0.02522227168083191
frame269,166.68308921438083,164.45605858854861,164.08655126498002,243.60252996005326,238.16511318242343,243.7669773635153,-0.0311773419380188
frame270,166.7203728362184,164.41877496671106,164.0079893475366,241.34287616511318,235.8209054593875,240.77696404793608,-0.029088258743286133
frame271,167.09454061251665,164.8988015978695,164.4087882822903,241.15978695073235,235.6537949400799,240.3115845539281,-0.03460508584976196
frame272,165.69374167776297,163.5033288948069,163.00599201065248,241.1484687083888,235.80426098535287,240.36085219707059,-0.033614665269851685
frame273,167.15113182423434,164.9260985352863,164.32490013315578,243.67776298268976,238.67776298268976,244.67776298268976,-0.03626415133476257
frame274,166.88348868175765,164.62383488681758,163.68442077230358,242.51131824234355,237.68908122503328,243.51131824234355,-0.03630760312080383
frame275,167.51464713715046,165.18708388814915,164.36018641810918,241.29027962716378,236.34487350199734,242.29027962716378,-0.03761696815490723
frame276,166.6584553928096,164.44074567243675,163.32756324900134,240.7809587217044,236.03395472703062,240.7809587217044,-0.035849690437316895
frame277,167.29227696404794,164.99866844207722,163.95739014647137,240.52063914780294,235.8202396804261,240.52063914780294,-0.03462216258049011
frame278,166.85286284953395,164.5572569906791,163.53328894806924,240.46338215712385,235.65579227696404,240.46338215712385,-0.03626009821891785
frame279,167.3195739014647,165.00998668442077,164.00066577896138,247.84953395472704,242.84953395472704,247.84953395472704,-0.034973710775375366
frame280,166.31757656458055,164.78029294274302,163.50399467376832,246.0798934753662,240.48535286284954,245.0798934753662,-0.0336461067199707
frame281,165.9260985352863,164.39414114513983,163.13914780292941,246.82689747003994,241.19840213049267,245.82689747003994,-0.0325695276260376
frame282,166.0306258322237,164.69507323568575,163.32689747003994,246.94540612516644,241.64580559254327,246.29560585885486,-0.03281891345977783
frame283,166.71970705725698,165.30892143808256,164.06324900133157,245.7856191744341,240.12916111850865,244.7856191744341,-0.034818559885025024
frame284,166.61251664447403,165.18774966711052,163.7316910785619,246.29560585885486,241.64580559254327,246.29560585885486,-0.034770816564559937
frame285,166.5619174434088,165.15579227696404,163.86284953395472,246.6804260985353,240.98135818908122,245.6804260985353,-0.03500637412071228
frame286,166.68774966711052,165.15579227696404,163.86817576564582,245.54061251664447,240.54061251664447,245.54061251664447,-0.03531455993652344
frame287,163.68908122503328,161.8335552596538,160.66977363515312,246.54260985352863,241.54260985352863,246.54260985352863,-0.029283612966537476
frame288,159.87017310252995,158.76564580559256,157.58854860186418,244.3768308921438,238.81424766977364,243.3768308921438,-0.0323157012462616
frame289,156.01464713715046,154.9041278295606,153.29693741677764,244.30625832223703,238.82157123834887,243.82157123834887,-0.05185088515281677
frame290,152.45605858854861,151.08521970705726,150.01531291611184,237.27563249001332,232.11185086551265,236.27563249001332,-0.07027563452720642
frame291,147.2150466045273,145.9920106524634,144.5832223701731,234.29294274300932,229.29294274300932,233.29294274300932,-0.06032365560531616
frame292,142.11051930758987,141.38348868175765,140.13448735019972,233.89747003994674,228.88814913448735,232.86950732356857,-0.04101094603538513
frame293,139.77762982689748,138.96205059920106,137.66844207723037,234.82956058588547,228.84021304926765,232.82157123834887,-0.032664984464645386
frame294,136.88948069241013,136.1624500665779,134.67709720372835,246.91611185086552,241.89214380825567,245.87483355525964,-0.032876402139663696
frame295,135.7503328894807,135.0219707057257,133.47869507323568,250.9387483355526,245.98468708388816,247.35685752330227,-0.03414681553840637
frame296,142.07190412782955,140.45805592543275,138.9254327563249,214.98069241011984,210.94340878828228,212.2330226364847,-0.04295557737350464
frame297,142.43541944074568,140.5619174434088,138.54860186418108,178.72969374167775,175.70439414114514,177.08921438082555,-0.042563557624816895
frame298,142.1324900133156,139.7636484687084,138.9820239680426,173.80159786950733,170.8462050599201,170.00066577896138,0.0034664571285247803
frame299,144.78162450066577,142.43608521970705,141.8415446071904,198.40945406125167,195.20772303595206,196.14780292942743,-0.001888960599899292
frame300,138.03661784287615,135.3515312916112,132.98002663115847,241.94940079893476,237.94940079893476,239.94940079893476,-0.012040913105010986
frame301,140.79627163781623,138.50399467376832,136.04727030625833,238.26231691078561,234.3774966711052,236.66378162450067,-0.018900424242019653
frame302,140.82290279627165,138.525965379494,136.3209054593875,240.52529960053263,234.76964047936085,239.42410119840213,-0.02162867784500122
frame303,143.69840213049267,141.3415446071904,138.95139813581892,239.89347536617842,234.90679094540613,239.60186418109188,-0.020318537950515747
frame304,145.55792276964047,143.55059920106524,141.14181091877498,240.86151797603196,235.0972037283622,239.10452729693742,-0.012078970670700073
frame305,149.45872170439415,148.4074567243675,146.55858854860188,244.31291611185085,238.3721704394141,242.38082556591212,0.027254849672317505
frame306,153.71970705725698,152.76498002663115,150.68442077230358,242.23035952063915,237.1977363515313,241.2157123834887,0.2155400812625885
frame307,156.94207723035953,156.69241011984022,155.07922769640479,239.71770972037282,234.63382157123834,239.63382157123834,0.6783573627471924
frame308,160.05459387483356,159.30892143808256,157.55858854860188,238.25699067909454,232.38082556591212,237.22902796271637,1.4422725439071655
frame309,162.68641810918774,162.19374167776297,160.0619174434088,237.15246338215712,232.03661784287615,235.4214380825566,1.1929562091827393
frame310,162.9553928095872,162.51131824234355,160.74833555259653,237.58521970705726,231.97603195739015,235.02463382157123,0.9615978002548218
frame311,162.82623169107856,162.3814913448735,160.67243675099866,240.39547270306258,233.96205059920106,237.3195739014647,0.8751088380813599
frame312,162.28229027962718,162.13515312916113,160.43741677762983,241.1624500665779,233.9214380825566,237.90812250332888,0.7174403071403503
frame313,162.34753661784288,162.22170439414114,160.50199733688416,240.7669773635153,233.6664447403462,238.64580559254327,0.4629478454589844
frame314,162.59187749667112,162.40545938748335,160.49334221038615,238.61584553928097,230.63049267643143,235.60852197070574,0.20013539493083954
frame315,163.02396804260985,162.7636484687084,160.81358189081226,241.6005326231691,234.8548601864181,239.91078561917445,0.04170998930931091
frame316,162.7796271637816,162.25965379494008,160.7017310252996,241.45139813581892,235.20505992010652,240.12516644474036,0.0007840991020202637
frame317,163.5399467376831,163.14780292942743,161.36351531291612,239.00133155792278,233.8641810918775,237.88814913448735,-0.01910102367401123
frame318,163.0572569906791,162.57789613848203,160.9966711051931,239.02996005326233,233.73368841544607,237.9340878828229,-0.024603426456451416
frame319,164.09786950732357,162.55059920106524,161.54394141145139,242.1005326231691,236.42876165113182,241.08189081225032,-0.02396291494369507
frame320,164.44806924101198,162.58521970705726,161.53728362183756,241.36351531291612,235.508655126498,240.3595206391478,-0.023628801107406616
frame321,163.69840213049267,162.61717709720372,161.52130492676432,240.01398135818908,234.1011984021305,238.1011984021305,-0.023472636938095093
frame322,163.16910785619174,162.21238348868175,160.9340878828229,239.52796271637817,234.46737683089214,238.52796271637817,-0.023181140422821045
frame323,163.39347536617842,162.36218375499334,161.09986684420772,238.75965379494008,233.68109187749667,237.75699067909454,-0.023609578609466553
frame324,162.49733688415446,161.63981358189082,160.20039946737683,238.7010652463382,233.45406125166446,237.7010652463382,-0.021578460931777954
frame325,162.92343541944075,162.0266311584554,160.6977363515313,239.05392809587218,233.68442077230358,238.05392809587218,-0.020835012197494507
frame326,162.59520639147803,161.72237017310252,160.31424766977364,238.3462050599201,232.86018641810918,236.86018641810918,-0.02449047565460205
frame327,163.2729693741678,162.16111850865514,160.79693741677764,239.3162450066578,233.65113182423434,237.65113182423434,-0.02427533268928528
frame328,162.87616511318242,161.8735019973369,160.42210386151797,237.91744340878827,232.91744340878827,236.91744340878827,-0.023581117391586304
frame329,163.51065246338214,162.4780292942743,161.03262316910786,238.4034620505992,233.4034620505992,237.4034620505992,-0.024340182542800903
frame330,163.04061251664447,162.09520639147803,160.5133155792277,238.34354194407456,233.34354194407456,237.34354194407456,-0.0239812433719635
frame331,162.82157123834887,161.88282290279628,160.31291611185085,238.62849533954727,233.62849533954727,237.62849533954727,-0.023533910512924194
frame332,162.25499334221038,161.51597869507324,159.88082556591212,238.7150466045273,233.7150466045273,237.7150466045273,-0.022755026817321777
frame333,162.8688415446072,162.0972037283622,160.2796271637816,238.72170439414114,233.72170439414114,237.72170439414114,-0.023144036531448364
frame334,161.89081225033289,161.14580559254327,159.2150466045273,238.7150466045273,233.7150466045273,237.7150466045273,-0.022214502096176147
frame335,159.0219707057257,157.7936085219707,156.4906790945406,239.30892143808256,234.30892143808256,238.30892143808256,-0.027752935886383057
frame336,155.14114513981357,154.2936085219707,152.8561917443409,240.01531291611184,234.19573901464713,238.19573901464713,-0.04550689458847046
frame337,152.34820239680425,151.51131824234355,149.97270306258324,240.04860186418108,234.31691078561917,238.31691078561917,-0.06689614057540894
frame338,148.00199733688416,146.9074567243675,145.49866844207722,234.77430093209054,228.82556591211718,232.82556591211718,-0.05939781665802002
frame339,143.77762982689748,142.99400798934752,141.50399467376832,233.788948069241,227.83488681757657,231.83488681757657,-0.04055634140968323
frame340,138.94540612516644,138.32822902796272,136.73768308921439,229.99334221038615,224.97270306258324,228.97270306258324,-0.03069320321083069
frame341,139.0699067909454,138.36684420772303,136.80892143808256,237.2809587217044,231.65246338215712,235.65179760319575,-0.03313973546028137
frame342,136.94940079893476,136.27896138482024,134.6484687083888,245.2057256990679,239.17776298268976,242.81025299600532,-0.0383433997631073
frame343,138.2190412782956,136.525965379494,135.16444740346205,254.44873501997336,249.79693741677764,250.1884154460719,-0.04068395495414734
frame344,142.15978695073235,140.9247669773635,140.2017310252996,178.3675099866844,175.43541944074568,175.3768308921438,-0.04673534631729126
frame345,146.92276964047937,144.4167776298269,143.80559254327562,174.58854860186418,171.46537949400798,169.7150466045273,-0.04218262434005737
frame346,148.17842876165113,145.33222370173104,143.9773635153129,176.0,173.0,172.0,-0.06911396980285645
frame347,143.2849533954727,140.97137150466045,140.4613848202397,177.0046604527297,175.0,175.9906790945406,-0.07381299138069153
frame348,142.77896138482024,140.08521970705726,139.15912117177098,235.41278295605858,231.57123834886818,233.6178428761651,-4.062056541442871e-05
frame349,139.97936085219706,138.33488681757657,135.99733688415446,237.9087882822903,234.21304926764313,236.20039946737683,0.21777594089508057
frame350,141.61051930758987,139.85352862849533,137.76631158455393,238.13448735019972,234.60852197070574,236.3901464713715,1.086335301399231
frame351,143.09320905459387,141.46404793608522,139.5705725699068,239.1185086551265,235.46604527296938,237.4607190412783,2.8458170890808105
frame352,144.84753661784288,143.10852197070574,141.28162450066577,241.16577896138483,236.4866844207723,239.8688415446072,3.127211570739746
frame353,149.35219707057257,147.2410119840213,145.439414114514,242.39680426098536,237.76031957390146,241.38082556591212,2.949138879776001
frame354,153.55326231691078,152.23435419440744,150.18175765645805,242.70039946737683,237.98801597869507,241.05659121171772,2.53757905960083
frame355,157.91944074567243,156.53595206391478,154.5612516644474,243.58721704394142,238.66511318242343,241.87017310252995,2.047733783721924
frame356,160.8195739014647,160.05126498002664,157.95805592543275,241.75565912117176,237.5093209054594,241.3242343541944,2.0387065410614014
frame357,165.10585885486017,164.00199733688416,162.16577896138483,243.1970705725699,238.34287616511318,241.0386151797603,1.9654393196105957
frame358,165.8854860186418,164.79227696404794,162.97536617842877,239.08388814913448,234.32490013315578,237.24833555259653,1.524552583694458
frame359,165.52529960053263,165.17043941411453,163.52330226364847,248.02996005326233,241.60252996005326,244.5046604527297,0.9071592092514038
frame360,165.33555259653795,164.98868175765645,163.26564580559256,244.28828229027962,237.74234354194408,240.76897470039947,0.6997084617614746
frame361,165.34287616511318,164.97003994673767,163.14713715046605,243.19107856191744,236.5785619174434,240.52330226364847,0.41991758346557617
frame362,165.4294274300932,165.01531291611184,163.23768308921439,241.78029294274302,235.36085219707059,239.48402130492676,0.1270621418952942
frame363,165.32756324900134,164.88082556591212,163.15579227696404,245.83488681757657,239.62583222370174,244.19973368841545,-0.004503786563873291
frame364,165.58521970705726,164.8814913448735,163.1531291611185,241.40545938748335,236.19241011984022,239.67776298268976,-0.035633862018585205
frame365,165.35219707057257,164.728362183755,162.99866844207722,240.56458055925432,235.27430093209054,239.86351531291612,-0.03357213735580444
frame366,165.74633821571237,164.84420772303596,163.17376830892144,242.6225033288948,237.48934753661786,241.9214380825566,-0.029693931341171265
frame367,165.8854860186418,164.99001331557923,163.40812250332888,239.6484687083888,234.5739014647137,238.55792276964047,-0.031572312116622925
frame368,165.80159786950733,164.76098535286286,163.35818908122502,242.1264980026631,236.28828229027962,241.2150466045273,-0.030041784048080444
frame369,165.64181091877498,164.4693741677763,163.0525965379494,240.5785619174434,234.76964047936085,239.54660452729695,-0.02978736162185669
frame370,165.14247669773636,164.25299600532622,162.69174434087884,240.50998668442077,235.22969374167775,239.4780292942743,-0.02893802523612976
frame371,165.7323568575233,164.04061251664447,164.06258322237017,243.98002663115847,238.19573901464713,242.98002663115847,-0.028859317302703857
frame372,165.29227696404794,163.60918774966711,163.70705725699068,241.7063914780293,235.88282290279628,240.7063914780293,-0.02741837501525879
frame373,165.36218375499334,163.92276964047937,163.5925432756325,241.36284953395472,236.36284953395472,240.36284953395472,-0.02525576949119568
frame374,165.0972037283622,163.65446071904128,163.57656458055925,240.40679094540613,235.40679094540613,239.40679094540613,-0.03466096520423889
frame375,165.34553928095872,163.91944074567243,163.7237017310253,239.84953395472704,234.92343541944075,238.87416777629826,-0.03614306449890137
frame376,165.1790945406125,163.76431424766977,163.45672436751,239.9613848202397,235.23901464713714,239.0972037283622,-0.03535154461860657
frame377,165.4953395472703,164.07656458055925,163.5739014647137,239.23435419440744,234.44074567243675,238.3375499334221,-0.03598770499229431
frame378,164.81025299600532,163.36351531291612,163.07656458055925,244.95472703062583,240.39813581890812,244.40079893475365,-0.032888442277908325
frame379,165.3069241011984,163.90079893475365,163.63848202396804,242.4167776298269,237.7270306258322,241.7270306258322,-0.034241706132888794
frame380,164.86817576564582,163.43275632490014,163.09054593874833,242.26098535286286,237.55326231691078,241.55326231691078,-0.03351888060569763
frame381,164.98335552596538,163.63848202396804,163.25233022636485,242.5965379494008,237.9074567243675,241.9074567243675,-0.03372550010681152
frame382,164.59853528628494,163.1311584553928,162.70372836218377,242.26098535286286,237.55326231691078,241.55326231691078,-0.03290766477584839
frame383,162.91744340878827,161.83954727030627,160.5226364846871,244.04660452729695,239.4380825565912,243.4380825565912,-0.029773205518722534
frame384,158.6884154460719,157.3768308921438,156.59387483355525,242.47669773635153,237.81757656458055,242.47669773635153,-0.0392514169216156
frame385,155.51864181091878,154.65512649800266,153.4034620505992,239.12117177097204,234.23435419440744,238.23435419440744,-0.05349522829055786
frame386,151.16844207723037,149.82556591211718,149.15912117177098,238.66711051930758,232.80492676431425,237.70039946737683,-0.06848970055580139
frame387,147.3508655126498,146.39214380825567,145.35885486018643,236.20972037283622,231.21171770972038,235.02929427430092,-0.05857717990875244
frame388,143.31557922769642,142.40146471371506,141.41611185086552,235.43608521970705,230.43608521970705,234.4387483355526,-0.04168003797531128
frame389,141.39414114513983,140.63848202396804,139.5965379494008,233.6970705725699,228.6970705725699,232.6970705725699,-0.034275591373443604
frame390,139.2103861517976,138.48135818908122,137.36617842876166,248.57123834886818,242.27496671105192,245.89347536617842,-0.0334206223487854
frame391,137.9074567243675,137.22237017310252,136.05925432756325,251.60852197070574,244.69440745672438,246.87083888149135,-0.03391498327255249
frame392,141.79960053262317,140.57323568575234,139.50133155792278,241.30159786950733,236.8115845539281,238.11251664447403,-0.034395694732666016
frame393,143.4693741677763,141.9440745672437,140.96804260985354,189.48135818908122,185.97270306258324,187.08588548601864,-0.04314178228378296
frame394,154.9647137150466,151.56657789613848,151.18908122503328,183.22503328894808,180.56724367509986,179.38814913448735,-0.03899911046028137
frame395,144.8821571238349,142.27230359520638,141.03262316910786,178.00399467376832,175.0,174.11185086551265,-0.06992515921592712
frame396,142.88748335552597,140.22503328894808,139.2410119840213,187.3728362183755,184.37949400798934,185.32822902796272,-0.053428441286087036
frame397,136.5612516644474,135.58189081225032,134.65978695073235,240.08122503328894,235.79627163781623,236.46338215712385,0.0426691472530365
frame398,135.91810918774968,135.33222370173104,134.93541944074568,235.68308921438083,230.83089214380826,234.28761651131825,0.4251294434070587
frame399,137.98002663115847,136.92276964047937,137.46537949400798,238.0,233.0,237.0,1.4810925722122192
frame400,138.57656458055925,137.5,138.20772303595206,239.0,233.0,238.0,2.9144856929779053
frame401,141.81890812250333,140.73834886817576,141.5219707057257,240.0,234.0,239.0,3.154745101928711
frame402,145.8508655126498,144.41078561917445,145.28628495339547,241.0,235.0,240.0,3.0891597270965576
frame403,150.1358189081225,148.9041278295606,149.5352862849534,241.27097203728363,235.86684420772303,240.64181091877498,3.0217840671539307
frame404,153.24633821571237,152.0079893475366,152.9300932090546,245.64780292942743,240.07589880159787,242.42876165113182,2.7345221042633057
frame405,157.83555259653795,156.30625832223703,157.1404793608522,242.53262316910786,236.84021304926765,239.95406125166446,2.19199275970459
frame406,160.50599201065248,158.91011984021304,159.72436750998668,240.23834886817576,234.2157123834887,237.54127829560585,2.088899612426758
frame407,161.21371504660453,159.61318242343543,160.37017310252995,244.06724367509986,236.03195739014646,241.02463382157123,1.9885635375976562
frame408,161.2989347536618,159.5878828229028,160.3821571238349,243.8242343541944,235.95339547270305,240.78229027962718,1.4304344654083252
frame409,160.81091877496672,159.14780292942743,159.95672436751,240.66577896138483,232.67509986684422,238.6311584553928,0.9249612092971802
frame410,160.94873501997336,159.01997336884153,159.89547270306258,243.05326231691078,236.78295605858855,241.5965379494008,0.670179009437561
frame411,161.3675099866844,159.43342210386152,160.24300932090546,242.89747003994674,236.88814913448735,241.88814913448735,0.3845055401325226
frame412,160.93675099866843,158.9966711051931,159.79494007989348,240.32756324900134,234.3548601864181,239.3548601864181,0.08403512835502625
frame413,160.60252996005326,158.85419440745673,159.6884154460719,243.8721704394141,238.36151797603196,242.8721704394141,0.004183471202850342
frame414,159.88015978695074,158.0559254327563,158.94540612516644,245.2010652463382,240.2010652463382,244.2010652463382,0.0018028616905212402
frame415,160.288948069241,158.55925432756325,159.37017310252995,242.44873501997336,236.49467376830893,241.44873501997336,-0.012736886739730835
frame416,159.99400798934752,158.13715046604528,158.9440745672437,241.0,235.0,240.0,-0.01768055558204651
frame417,160.08921438082555,158.3288948069241,158.7237017310253,238.0,233.0,237.0,-0.017973393201828003
frame418,159.35352862849533,157.59387483355525,158.1324900133156,243.5126498002663,237.9347536617843,242.5126498002663,-0.02097657322883606
frame419,159.68641810918774,158.04527296937417,158.52330226364847,242.33954727030627,236.67243675099866,241.33954727030627,-0.018945425748825073
frame420,159.4034620505992,157.7683089214381,158.18575233022636,241.4214380825566,236.4214380825566,240.4214380825566,-0.018432676792144775
frame421,159.27563249001332,157.71837549933423,158.01531291611184,240.88282290279628,235.88282290279628,239.88282290279628,-0.018392711877822876
frame422,158.91478029294274,157.40479360852197,157.7583222370173,239.68175765645805,234.80958721704394,238.72436750998668,-0.018267303705215454
frame423,159.314913448735,157.79760319573901,158.0093209054594,241.8595206391478,237.08655126498002,241.08655126498002,-0.01795494556427002
frame424,158.6977363515313,157.15113182423434,157.4440745672437,240.23568575233023,235.4154460719041,239.4154460719041,-0.019279032945632935
frame425,159.23435419440744,157.65978695073235,157.8774966711052,242.64114513981357,237.64114513981357,241.9906790945406,-0.01841270923614502
frame426,158.67643142476697,156.93142476697736,157.38814913448735,242.47669773635153,237.47669773635153,241.81757656458055,-0.01903700828552246
frame427,158.8415446071904,157.22436750998668,157.64447403462052,242.50199733688416,237.50199733688416,241.84420772303596,-0.017209231853485107
frame428,158.36950732356857,156.45805592543275,157.1051930758988,242.0572569906791,236.41011984021304,241.41011984021304,-0.019250571727752686
frame429,158.69973368841545,156.88881491344873,157.46604527296938,241.28362183754993,236.91944074567243,240.91944074567243,-0.017494291067123413
frame430,158.16844207723037,156.27563249001332,156.94207723035953,241.24234354194408,236.89747003994674,241.24234354194408,-0.021714478731155396
frame431,157.81424766977364,156.15046604527296,156.7496671105193,241.7809587217044,236.7809587217044,241.08521970705726,-0.02614837884902954
frame432,153.5832223701731,152.10319573901464,152.97003994673767,240.24633821571237,235.24633821571237,240.24633821571237,-0.04661467671394348
frame433,150.2762982689747,149.1757656458056,149.3375499334221,241.62916111850865,236.33288948069242,240.62916111850865,-0.06304037570953369
frame434,146.10652463382158,145.05858854860188,145.1930758988016,240.6311584553928,235.6311584553928,239.6311584553928,-0.05522608757019043
frame435,142.13781624500666,140.99001331557923,141.5752330226365,236.12916111850865,230.3162450066578,234.3162450066578,-0.043783873319625854
frame436,137.50266311584554,136.48868175765645,136.4693741677763,234.25565912117176,229.25565912117176,233.25565912117176,-0.03904053568840027
frame437,134.36351531291612,133.38748335552597,133.3561917443409,233.67776298268976,228.67776298268976,232.67776298268976,-0.038863688707351685
frame438,132.33621837549933,131.34886817576566,131.33621837549933,235.70705725699068,229.84553928095872,233.84553928095872,-0.03940969705581665
frame439,130.8209054593875,129.8335552596538,129.7503328894807,246.1631158455393,239.98868175765645,243.69507323568575,-0.03734242916107178
frame440,128.98335552596538,128.0386151797603,127.90013315579228,252.3115845539281,246.2157123834887,248.89081225033289,-0.03286588191986084
frame441,137.79161118508654,136.482689747004,136.2237017310253,196.82623169107856,193.46205059920106,194.0352862849534,-0.04013165831565857
frame442,137.92809587217045,136.6225033288948,136.18175765645805,181.12050599201066,178.0,178.36151797603196,-0.05047360062599182
frame443,133.3988015978695,131.91278295605858,132.32689747003994,176.27762982689748,173.9440745672437,174.27696404793608,-0.047177910804748535
frame444,132.92410119840213,131.64447403462052,132.60918774966711,214.78828229027962,210.9866844207723,211.94806924101198,-0.03442266583442688
frame445,119.95339547270306,119.36151797603196,120.53794940079894,240.0079893475366,235.9340878828229,238.27829560585886,-0.01875409483909607
frame446,120.47736351531292,120.14513981358189,121.35019973368841,237.1178428761651,233.0845539280959,235.13448735019972,0.002527296543121338
frame447,122.60852197070572,122.16111850865512,123.43608521970705,238.8861517976032,234.84420772303596,236.9121171770972,0.09833790361881256
frame448,124.76231691078561,124.28894806924102,125.64713715046605,240.94007989347537,236.8948069241012,238.96537949400798,0.4994322955608368
frame449,128.1278295605859,127.46870838881492,128.72170439414114,237.95672436751,233.2237017310253,235.33155792276963,1.021562099456787
frame450,131.7330226364847,131.3515312916112,132.74500665778962,241.0179760319574,236.4520639147803,238.69973368841545,1.2836589813232422
frame451,135.84420772303596,135.22636484687084,136.67776298268976,241.2143808255659,237.57323568575234,239.3561917443409,3.1428089141845703
frame452,139.37483355525964,139.025965379494,140.51864181091878,238.16378162450067,233.7316910785619,237.26431424766977,3.123276710510254
frame453,143.84820239680425,143.40146471371506,145.17842876165113,236.58988015978696,233.19374167776297,235.6138482023968,3.11576771736145
frame454,146.06657789613848,145.46604527296938,147.38415446071903,238.7410119840213,233.9440745672437,236.52063914780294,3.0870893001556396
frame455,146.54194407456725,146.2729693741678,148.14181091877498,237.83222370173104,231.91944074567243,235.08588548601864,3.0433833599090576
frame456,146.65113182423434,146.19107856191744,147.9340878828229,237.0226364846871,230.71171770972038,234.87816245006658,3.0184364318847656
frame457,146.98468708388816,146.5079893475366,148.30958721704394,240.08388814913448,233.04260985352863,236.58521970705726,3.0081675052642822
frame458,146.33155792276963,146.03728362183756,147.63448735019972,239.45339547270305,232.61917443408788,236.0033288948069,3.0074124336242676
frame459,147.12916111850865,146.49800266311584,148.0925432756325,239.03262316910786,232.2270306258322,235.74500665778962,2.981219530105591
frame460,147.83288948069242,147.26231691078561,148.8515312916112,241.3728362183755,235.4607190412783,239.5126498002663,2.958864212036133
frame461,148.42276964047937,147.77230359520638,149.44141145139812,241.72569906790946,235.70905459387484,240.65912117177098,2.9211339950561523
frame462,148.96671105193076,148.1491344873502,149.74300932090546,238.94673768308922,233.94141145139812,237.93075898801598,2.8209335803985596
frame463,149.16444740346205,148.37882822902796,150.0659121171771,237.86684420772303,232.85752330226364,236.83888149134486,2.6187074184417725
frame464,149.51664447403462,148.57589880159787,150.41278295605858,240.7796271637816,235.77430093209054,239.7636484687084,2.212981700897217
frame465,149.8988015978695,148.97470039946737,150.71171770972038,241.86617842876166,235.96804260985354,240.86218375499334,1.7102930545806885
frame466,149.9041278295606,149.03595206391478,150.62516644474036,239.86484687083887,233.96804260985354,237.96804260985354,1.3679219484329224
frame467,151.26964047936085,150.4474034620506,152.0832223701731,238.814913448735,232.83222370173104,236.82956058588547,1.118094801902771
frame468,150.8994673768309,150.03328894806924,151.71637816245007,236.98868175765645,231.98868175765645,235.98868175765645,1.0508193969726562
frame469,151.20372836218377,150.4154460719041,152.1451398135819,240.93142476697736,235.48135818908122,239.92743009320907,1.0374860763549805
frame470,151.0525965379494,150.2636484687084,151.96804260985354,240.55925432756325,235.55925432756325,239.55925432756325,1.031988501548767
frame471,151.25565912117176,150.41011984021304,152.02396804260985,239.7762982689747,234.7762982689747,238.7762982689747,1.0256383419036865
frame472,151.20905459387484,150.3688415446072,151.97603195739015,238.66977363515312,233.66977363515312,237.43675099866843,1.0214929580688477
frame473,151.2017310252996,150.41877496671106,152.01930758988016,239.16910785619174,234.16910785619174,237.98601864181092,1.020041823387146
frame474,150.974034620506,150.20505992010652,151.7842876165113,238.5925432756325,233.5925432756325,237.5925432756325,1.0197585821151733
frame475,151.47070572569908,150.60452729693742,152.18708388814915,238.560585885486,233.560585885486,237.560585885486,1.01583993434906
frame476,151.05858854860188,150.20239680426099,151.79294274300932,238.54727030625833,233.54727030625833,237.54727030625833,1.0181001424789429
frame477,151.7010652463382,150.8415446071904,152.39680426098536,238.560585885486,233.560585885486,237.560585885486,1.0132012367248535
frame478,151.33888149134486,150.4773635153129,152.06724367509986,237.5925432756325,232.5925432756325,236.5925432756325,1.014866590499878
frame479,150.57589880159787,149.68575233022636,151.18641810918774,238.80026631158455,233.80026631158455,237.80026631158455,1.0188394784927368
frame480,146.2330226364847,145.36218375499334,146.97470039946737,238.8242343541944,233.84021304926765,237.8242343541944,1.0282702445983887
frame481,142.7583222370173,142.17643142476697,143.2942743009321,238.60452729693742,233.60452729693742,237.60452729693742,1.0351814031600952
frame482,138.65179760319575,138.31424766977364,139.46271637816244,239.54727030625833,234.54727030625833,238.50199733688416,1.0496538877487183
frame483,135.0033288948069,134.49733688415446,135.47936085219706,233.68175765645805,228.37549933422105,232.36484687083887,1.0610744953155518
frame484,130.7143808255659,130.1964047936085,131.13049267643143,232.45938748335553,227.288948069241,231.27829560585886,1.0654569864273071
frame485,127.271637816245,126.80359520639148,127.72170439414114,232.64314247669773,227.23834886817576,231.23834886817576,1.0590578317642212
frame486,125.93675099866844,125.5352862849534,126.40545938748336,238.4600532623169,233.288948069241,236.4600532623169,1.0608763694763184
frame487,124.80159786950732,124.40679094540613,125.24833555259654,249.23501997336885,243.88814913448735,246.22237017310252,1.0724281072616577
frame488,127.1364846870839,126.12183754993342,127.03661784287617,251.68442077230358,247.47137150466045,248.2103861517976,1.0738074779510498
frame489,136.4034620505992,134.86551264980028,134.99800266311584,176.94207723035953,174.91611185086552,175.4260985352863,1.0499651432037354
frame490,147.762982689747,145.15579227696404,145.49267643142477,173.52862849533955,170.84553928095872,169.9154460719041,1.0411744117736816
frame491,143.5046604527297,141.28828229027962,139.6711051930759,175.15978695073235,172.15978695073235,171.15978695073235,1.4743270874023438
frame492,135.76098535286286,134.41944074567243,134.47869507323568,176.90146471371506,174.79627163781623,175.57789613848203,1.725345253944397
frame493,128.54593874833554,127.754327563249,128.09920106524635,240.64247669773636,236.7809587217044,238.5612516644474,1.9192224740982056
frame494,124.06990679094541,123.22170439414114,123.44007989347537,241.38082556591212,238.2856191744341,239.38082556591212,2.0227439403533936
frame495,125.90878828229027,125.1271637816245,125.27829560585886,239.84021304926765,233.94806924101198,238.79227696404794,2.1098461151123047
frame496,125.83688415446072,125.20972037283622,125.47003994673769,238.8994673768309,233.991344873502,238.84420772303596,2.322192430496216
frame497,128.92809587217045,128.31691078561917,128.62982689747005,242.6311584553928,237.68442077230358,241.6311584553928,2.635517120361328
frame498,132.88282290279628,132.17509986684422,132.64247669773636,243.04993342210386,238.08521970705726,242.01198402130493,2.868873357772827
frame499,136.76964047936085,135.91611185086552,136.72636484687084,244.10719041278296,238.1584553928096,243.10719041278296,2.9631595611572266
frame500,140.70306258322236,140.08588548601864,140.93608521970705,240.88948069241013,235.9034620505992,239.98801597869507,2.9795923233032227
frame501,144.7762982689747,144.11318242343543,145.1498002663116,238.19241011984022,233.11051930758987,237.66910785619174,2.982431173324585
frame502,148.12117177097204,147.2017310252996,148.2583222370173,238.82822902796272,232.8035952063915,235.78029294274302,3.013723373413086
frame503,149.75099866844207,148.78229027962718,149.8735019973369,237.2316910785619,231.04660452729695,234.22237017310252,2.9697930812835693
frame504,149.45739014647137,148.5046604527297,149.57190412782955,237.8422103861518,231.8375499334221,233.95006657789614,2.8994553089141846
frame505,150.04727030625833,149.05858854860188,150.1145139813582,236.72436750998668,230.10652463382158,233.08655126498002,2.6710166931152344
frame506,150.06790945406127,149.0785619174434,150.1005326231691,239.88881491344873,234.2842876165113,237.8069241011984,2.394646167755127
frame507,150.99933422103862,150.0093209054594,150.93075898801598,239.43275632490014,232.78628495339547,236.9214380825566,2.1454553604125977
frame508,150.95406125166446,149.89747003994674,150.6577896138482,238.3948069241012,232.60652463382158,236.75765645805592,2.0216689109802246
frame509,151.58055925432757,150.52862849533955,151.33621837549933,239.75965379494008,234.37882822902796,238.45073235685751,1.759006142616272
frame510,150.80825565912116,149.70972037283622,150.5739014647137,239.2057256990679,233.85885486018643,237.72103861517976,1.2457163333892822
frame511,151.30093209054593,150.12050599201066,150.76098535286286,240.7150466045273,235.07323568575234,239.1011984021305,1.042249083518982
frame512,150.82223701731024,149.762982689747,150.36817576564582,238.13382157123834,232.77496671105192,236.48801597869507,1.0395665168762207
frame513,151.32756324900134,150.13382157123834,150.74367509986683,239.5079893475366,233.88415446071903,237.89347536617842,1.034990906715393
frame514,150.78761651131825,149.6484687083888,150.63049267643143,239.50266311584554,233.72969374167775,238.50266311584554,1.0351778268814087
frame515,151.745672436751,150.57723035952063,151.47603195739015,238.44873501997336,233.44873501997336,237.44873501997336,1.0254846811294556
frame516,151.55525965379493,150.3721704394141,151.1977363515313,238.439414114514,233.36950732356857,237.439414114514,1.0246635675430298
frame517,151.51065246338214,150.39214380825567,151.31557922769642,237.46537949400798,232.3901464713715,236.46537949400798,1.0213780403137207
frame518,151.38814913448735,150.29161118508654,151.08988015978696,237.40213049267643,232.1837549933422,236.1837549933422,1.020476222038269
frame519,151.74434087882824,150.68308921438083,151.71704394141145,238.91611185086552,233.76564580559256,237.61517976031956,1.0178101062774658
frame520,151.3022636484687,150.29094540612516,151.36284953395472,240.2729693741678,235.12916111850865,238.8415446071904,1.0201070308685303
frame521,151.76031957390146,150.7496671105193,151.76564580559256,240.2330226364847,235.08255659121173,238.78162450066577,1.0166298151016235
frame522,151.1178428761651,150.1271637816245,151.26498002663115,239.84287616511318,234.55525965379493,238.2676431424767,1.0192561149597168
frame523,151.4553928095872,150.44340878828228,151.54860186418108,238.85885486018643,233.70838881491346,237.4074567243675,1.016113042831421
frame524,150.982689747004,150.07922769640479,151.47003994673767,238.38881491344873,233.24500665778962,236.95739014647137,1.0175092220306396
frame525,151.01597869507324,150.0652463382157,151.66977363515312,238.47270306258324,233.47270306258324,237.47270306258324,1.0167906284332275
frame526,150.60918774966711,149.7856191744341,151.34753661784288,238.4340878828229,233.4340878828229,237.4340878828229,1.018548607826233
frame527,150.75499334221038,150.0446071904128,151.5399467376831,238.38748335552597,233.38748335552597,237.38748335552597,1.0172418355941772
frame528,148.17376830892144,147.08721704394142,148.7842876165113,239.3774966711052,234.3774966711052,238.3774966711052,1.0278346538543701
frame529,143.72636484687084,143.0399467376831,144.35818908122502,239.38881491344873,233.5352862849534,237.5352862849534,1.0359416007995605
frame530,139.85419440745673,139.2849533954727,140.43608521970705,238.6884154460719,233.6884154460719,237.5572569906791,1.0507084131240845
frame531,135.99933422103862,135.44340878828228,136.82223701731024,237.03195739014646,231.61118508655127,235.04260985352863,1.070565104484558
frame532,131.39613848202396,130.82623169107856,131.75166444740347,231.45139813581892,226.3988015978695,230.38814913448735,1.0866390466690063
frame533,127.51131824234355,127.0439414114514,127.94340878828228,231.3515312916112,226.30492676431425,230.30492676431425,1.0969316959381104
frame534,124.42743009320905,124.01398135818908,124.92010652463382,233.1011984021305,227.69107856191744,231.69107856191744,1.1096522808074951
frame535,123.51531291611185,123.01664447403462,123.89680426098535,242.45073235685751,236.68242343541945,240.45073235685751,1.1193464994430542
frame536,122.07390146471371,121.62782956058588,122.38948069241012,250.3561917443409,244.27097203728363,246.025965379494,1.1321640014648438
frame537,133.77829560585886,132.99600532623168,133.2982689747004,223.68974700399468,219.10252996005326,220.31091877496672,1.1234701871871948
frame538,134.47869507323568,133.4247669773635,133.51597869507324,173.0,170.0,168.0,1.1407606601715088
frame539,138.58055925432757,137.27430093209054,137.7237017310253,186.88814913448735,184.30958721704394,184.32490013315578,1.1413592100143433
frame540,137.6804260985353,136.6837549933422,139.73102529960053,201.8854860186418,198.3768308921438,198.75499334221038,1.2975291013717651
frame541,126.07123834886818,125.67909454061251,130.22769640479362,245.37549933422105,240.80958721704394,240.50066577896138,1.7937884330749512
frame542,126.98402130492677,126.71770972037284,131.17043941411453,239.15912117177098,235.33954727030627,236.6005326231691,2.797666311264038
frame543,129.10719041278296,128.87017310252995,133.56458055925432,240.02929427430092,235.26498002663115,237.46205059920106,3.3494136333465576
frame544,130.1964047936085,129.97070572569908,134.77496671105192,240.77363515312916,236.31091877496672,238.3854860186418,3.363774299621582
frame545,133.64181091877498,133.2856191744341,138.11118508655127,240.41344873501998,235.50199733688416,237.96804260985354,3.232583522796631
frame546,137.09054593874833,136.76897470039947,141.40479360852197,241.4387483355526,236.58854860186418,239.2762982689747,3.1892542839050293
frame547,141.32756324900134,141.33555259653795,145.83222370173104,245.77230359520638,241.96804260985354,243.9920106524634,3.1636219024658203
frame548,144.92876165113182,144.82290279627165,149.7410119840213,244.7856191744341,240.67842876165113,243.6757656458056,3.151059627532959
frame549,148.67043941411453,148.70505992010652,153.4780292942743,243.36684420772303,238.72769640479362,241.3988015978695,2.944074869155884
frame550,150.96404793608522,151.0226364846871,155.67643142476697,247.44607190412782,240.0619174434088,244.09920106524635,1.9775257110595703
frame551,151.66444740346205,151.71238348868175,156.20372836218377,242.3735019973369,236.30093209054593,240.23501997336885,1.163642406463623
frame552,151.61651131824235,151.65712383488682,156.25233022636485,241.9866844207723,234.49400798934752,240.01065246338214,0.9760581254959106
frame553,151.60319573901464,151.7583222370173,156.18974700399468,247.77363515312916,241.53328894806924,246.58189081225032,0.974384069442749
frame554,151.3115845539281,151.46404793608522,156.02396804260985,244.12516644474036,237.96804260985354,242.96804260985354,0.9779397249221802
frame555,151.30426098535287,151.5093209054594,156.01664447403462,242.03328894806924,235.9520639147803,240.9520639147803,0.9790773391723633
frame556,150.58055925432757,150.7796271637816,155.3548601864181,245.82756324900134,240.60186418109188,245.03195739014646,0.9831991195678711
frame557,150.02729693741676,150.85552596537948,156.67509986684422,245.69174434087884,240.67310252996006,244.82822902796272,0.9829064607620239
frame558,150.00266311584554,150.75499334221038,156.5619174434088,242.42876165113182,236.47270306258324,241.4247669773635,0.9843292236328125
frame559,149.9953395472703,150.73035952063915,156.66577896138483,240.63648468708388,234.737017310253,239.6271637816245,0.984256386756897
frame560,149.6797603195739,150.61251664447403,156.49334221038615,245.41877496671106,239.83022636484688,244.79627163781623,0.9851999282836914
frame561,149.77563249001332,150.6884154460719,156.61051930758987,246.83954727030627,241.1005326231691,245.83954727030627,0.9854596853256226
frame562,149.5,149.9154460719041,156.00133155792278,246.1011984021305,240.1011984021305,245.1011984021305,0.9864028692245483
frame563,149.95339547270305,150.68109187749667,156.74700399467378,240.32623169107856,235.26498002663115,239.32623169107856,0.9854459762573242
frame564,149.61651131824235,150.3721704394141,156.3721704394141,240.3209054593875,235.3209054593875,239.3209054593875,0.986519455909729
frame565,149.75632490013317,150.4121171770972,156.3821571238349,244.21371504660453,240.31025299600532,243.57922769640479,0.9864344596862793
frame566,148.95339547270305,149.54926764314249,155.61651131824235,244.5619174434088,240.40213049267643,243.9820239680426,0.9873963594436646
frame567,148.9300932090546,150.07789613848203,155.76098535286286,244.5386151797603,239.98801597869507,243.98801597869507,0.986522912979126
frame568,148.53728362183756,149.44673768308922,155.42743009320907,247.5033288948069,243.12849533954727,247.12849533954727,0.9869241714477539
frame569,149.0046604527297,149.95073235685751,155.86085219707059,247.54327563249,242.54327563249,247.17043941411453,0.9838223457336426
frame570,148.26165113182424,149.2323568575233,155.09920106524635,246.75366178428763,241.75366178428763,246.37882822902796,0.9867608547210693
frame571,148.48934753661786,149.53661784287615,155.32623169107856,249.15579227696404,243.4214380825566,248.15579227696404,0.9864022731781006
frame572,147.95073235685751,149.017310252996,154.8901464713715,250.55792276964047,244.74300932090546,249.74300932090546,0.989557147026062
frame573,147.91810918774968,149.04860186418108,154.90679094540613,249.54394141145139,244.54394141145139,248.54394141145139,0.9878396987915039
frame574,146.81424766977364,148.04327563249,153.8901464713715,249.74300932090546,244.74300932090546,248.74300932090546,0.9917470216751099
frame575,146.74234354194408,147.9300932090546,153.72969374167775,247.93142476697736,242.93142476697736,247.93142476697736,0.9925398826599121
frame576,142.71637816245007,144.05925432756325,149.72902796271637,249.74300932090546,244.74300932090546,248.74300932090546,1.00370454788208
frame577,138.6970705725699,140.51065246338214,145.66777629826896,246.42343541944075,241.42343541944075,245.42343541944075,1.017464280128479
frame578,134.31890812250333,135.95472703062583,141.59320905459387,244.77230359520638,239.77230359520638,243.77230359520638,1.0249987840652466
frame579,129.7363515312916,131.6098535286285,136.66910785619174,238.03462050599202,232.83288948069242,236.03462050599202,1.0419684648513794
frame580,125.15645805592543,127.23302263648469,132.37816245006658,235.77097203728363,229.77097203728363,233.77097203728363,1.062676191329956
frame581,121.84087882822902,123.80625832223701,128.8994673768309,230.9920106524634,225.9920106524634,229.9920106524634,1.090346336364746
frame582,119.60918774966711,121.3601864181092,126.37150466045273,235.7057256990679,230.53661784287615,234.53661784287615,1.1346864700317383
frame583,117.4074567243675,119.56857523302264,124.42876165113182,249.2157123834887,242.67043941411453,245.77363515312916,1.1975327730178833
frame584,117.52130492676432,119.08655126498003,123.92809587217045,254.98801597869507,250.32157123834887,252.20972037283622,1.2979881763458252
frame585,132.39147802929426,130.37150466045273,136.61318242343543,193.12583222370174,190.53595206391478,191.79693741677764,1.4846009016036987
frame586,142.44074567243675,140.0745672436751,141.76631158455393,192.4607190412783,188.8069241011984,189.8069241011984,1.5049304962158203
frame587,150.50266311584554,148.3994673768309,148.24234354194408,182.79627163781623,178.51131824234355,177.21704394141145,1.522892713546753
frame588,127.13781624500666,126.71304926764314,134.2103861517976,185.0,183.0,184.0,1.6531686782836914
frame589,116.9693741677763,119.47869507323568,127.33155792276965,236.2270306258322,232.05326231691078,232.63448735019972,1.7860567569732666
frame590,101.61051930758988,106.29960053262317,114.68908122503329,239.85352862849533,236.00998668442077,236.99334221038615,1.9631136655807495
frame591,104.35486018641811,109.19107856191745,117.46205059920106,238.16977363515312,233.85286284953395,236.1977363515313,2.2391788959503174
frame592,106.96870838881492,112.08055925432757,120.52063914780292,240.3242343541944,235.44074567243675,238.3595206391478,2.4923930168151855
frame593,109.46404793608522,114.6491344873502,123.28428761651132,238.17243675099866,233.5306258322237,236.74700399467378,2.5751805305480957
frame594,112.16577896138482,117.57723035952064,127.37616511318242,240.68908122503328,235.80426098535287,239.01065246338214,2.674229621887207
frame595,116.10585885486019,121.42876165113182,131.6664447403462,242.20505992010652,237.5699067909454,240.14181091877498,2.7565712928771973
frame596,119.37083888149135,124.51065246338216,135.17709720372835,244.2157123834887,237.6231691078562,241.41145139813582,2.83325457572937
frame597,123.15113182423435,128.52529960053263,139.0972037283622,241.28295605858855,235.88015978695074,237.88948069241013,2.938086748123169
frame598,126.02729693741678,131.525965379494,142.24700399467378,240.15046604527296,234.13715046604528,237.60186418109188,3.0522043704986572
frame599,128.45605858854861,133.70306258322236,144.60918774966711,247.85818908122502,239.05659121171772,244.92676431424766,3.142368793487549
frame600,128.2363515312916,133.58988015978696,144.38681757656457,244.05193075898802,236.2237017310253,241.1264980026631,3.18536114692688
frame601,128.66444740346205,134.00133155792278,144.73102529960053,245.73435419440744,239.28628495339547,244.20905459387484,3.1930103302001953
frame602,129.13515312916113,134.44141145139812,145.18442077230358,245.12450066577895,239.56724367509986,243.49933422103862,3.200758218765259
frame603,129.81557922769642,135.05925432756325,145.82490013315578,242.78029294274302,237.61185086551265,241.44340878828228,3.202686071395874
frame604,129.44607190412782,134.6438082556591,145.3515312916112,242.6451398135819,236.87616511318242,241.61917443408788,3.1841073036193848
frame605,129.86617842876166,135.90545938748335,146.3994673768309,245.24766977363515,239.45938748335553,244.24766977363515,3.178159236907959
frame606,129.2010652463382,135.25499334221038,145.8515312916112,243.2729693741678,237.3335552596538,242.2729693741678,3.146571159362793
frame607,129.58854860186418,135.54127829560585,146.00199733688416,241.70439414114514,235.72902796271637,240.70439414114514,3.1421780586242676
frame608,129.04394141145139,135.00066577896138,146.04260985352863,245.4607190412783,239.46604527296938,244.0093209054594,3.1387853622436523
frame609,129.4427430093209,135.45672436751,146.36151797603196,247.44940079893476,241.63914780292941,246.44940079893476,3.134009599685669
frame610,129.1404793608522,135.30559254327562,146.6358189081225,244.86151797603196,239.8508655126498,243.86151797603196,3.13489031791687
frame611,129.9866844207723,136.65712383488682,147.66444740346205,240.89747003994674,235.89747003994674,239.89747003994674,3.1379647254943848
frame612,129.38814913448735,136.14447403462052,147.05193075898802,240.6005326231691,236.00665778961385,239.70306258322236,3.1267247200012207
frame613,130.20772303595206,136.85419440745673,147.7103861517976,241.79760319573901,237.48069241011984,241.03195739014646,3.119643211364746
frame614,130.0392809587217,136.76165113182424,147.72769640479362,252.12849533954727,247.9773635153129,251.9773635153129,3.1121296882629395
frame615,130.79760319573901,137.560585885486,148.54061251664447,252.7363515312916,247.6231691078562,252.6231691078562,3.112894296646118
frame616,130.52529960053263,137.54327563249,148.3548601864181,253.77496671105192,248.77496671105192,253.77496671105192,3.1098432540893555
frame617,130.29294274300932,137.69573901464713,148.95339547270305,252.7842876165113,247.814913448735,252.7842876165113,3.1131865978240967
frame618,130.15978695073235,137.54394141145139,149.18575233022636,250.8721704394141,245.8721704394141,250.8721704394141,3.114515781402588
frame619,130.37150466045273,137.66910785619174,149.11318242343543,250.80559254327562,245.80559254327562,250.80559254327562,3.1131043434143066
frame620,129.974034620506,137.3988015978695,149.03794940079894,251.75499334221038,246.75499334221038,251.75499334221038,3.1136395931243896
frame621,129.69507323568575,137.4613848202397,149.0,251.75499334221038,246.75499334221038,250.75499334221038,3.1147186756134033
frame622,128.69440745672438,136.53395472703062,148.0958721704394,251.75499334221038,246.75499334221038,251.75499334221038,3.111123561859131
frame623,129.12849533954727,136.84287616511318,148.27896138482024,250.76564580559256,245.76564580559256,249.76564580559256,3.111727237701416
frame624,126.59520639147803,134.37017310252995,145.88415446071903,251.6324900133156,246.6324900133156,250.6324900133156,3.100118398666382
frame625,123.31424766977364,130.73901464713714,142.24500665778962,253.50066577896138,247.54061251664447,252.52063914780294,3.067781686782837
frame626,118.98468708388815,126.49400798934754,137.63715046604528,252.6324900133156,247.6324900133156,251.6324900133156,3.0468215942382812
frame627,114.20572569906791,122.0745672436751,132.9260985352863,251.57789613848203,246.57789613848203,250.57789613848203,3.047105073928833
frame628,109.73568575233023,117.59054593874833,128.83288948069242,232.8721704394141,227.8721704394141,231.8561917443409,3.0264153480529785
frame629,105.0878828229028,113.22103861517976,124.88948069241012,234.81091877496672,229.59920106524635,233.81091877496672,3.0133676528930664
frame630,101.19906790945406,109.58721704394141,121.09054593874833,234.35752330226364,229.1011984021305,233.35752330226364,3.0006613731384277
frame631,97.91078561917443,106.09786950732357,117.20505992010652,247.8415446071904,241.8508655126498,245.8508655126498,2.993544578552246
frame632,93.64713715046605,101.90279627163781,113.05992010652463,249.18708388814915,242.39813581890812,245.37083888149135,2.990885019302368
frame633,108.78229027962716,113.97603195739015,124.84021304926765,246.11984021304926,242.0659121171771,243.89747003994674,2.9844207763671875
frame634,120.3994673768309,123.80292942743009,131.54127829560585,191.96671105193076,189.14647137150467,189.70039946737683,3.008072853088379
frame635,149.56857523302264,147.54860186418108,148.20439414114514,188.75965379494008,185.32223701731024,186.47669773635153,3.235852003097534
frame636,128.19041278295606,128.19573901464713,131.38681757656457,175.48002663115847,172.7316910785619,172.97203728362183,3.0758230686187744
frame637,103.93608521970705,109.80559254327564,120.49866844207723,176.86617842876166,174.09786950732357,174.8721704394141,2.970374584197998
frame638,75.97003994673769,85.91278295605859,100.46737683089215,240.974034620506,236.97137150466045,237.97470039946737,3.0298166275024414
frame639,74.82623169107856,85.98002663115845,100.58521970705726,235.90812250332888,231.8774966711052,234.11185086551265,3.0858023166656494
frame640,77.46271637816245,88.81025299600533,103.54593874833556,237.12183754993342,231.7063914780293,235.01664447403462,3.1329257488250732
frame641,81.18708388814913,92.37882822902796,107.26364846870838,237.0745672436751,232.45339547270305,234.42210386151797,3.1880552768707275
frame642,83.33089214380826,95.0965379494008,109.8814913448735,239.08388814913448,234.53262316910786,236.38082556591212,3.2684130668640137
frame643,88.60652463382156,99.93741677762982,114.90479360852197,240.1271637816245,235.4613848202397,237.50599201065248,3.359217643737793
frame644,91.33954727030626,103.84021304926765,118.43275632490014,240.68908122503328,235.53728362183756,239.1797603195739,3.460820436477661
frame645,94.1837549933422,106.72969374167776,122.22902796271637,239.69440745672438,234.91145139813582,238.474034620506,3.606985330581665
frame646,96.87217043941412,109.74300932090546,125.61517976031958,238.30559254327562,233.58854860186418,237.37549933422105,3.803677797317505
frame647,100.80559254327564,113.59720372836219,129.46271637816244,240.33222370173104,234.79294274300932,237.4613848202397,4.054011821746826
frame648,102.36750998668442,115.3728362183755,131.33222370173104,238.28761651131825,231.90079893475365,234.90013315579228,4.37752628326416
frame649,103.55193075898802,116.14780292942743,131.99733688415446,243.32356857523303,235.6358189081225,240.3382157123835,4.66457986831665
frame650,103.64846870838882,116.38282290279628,132.18774966711052,243.54593874833554,235.78029294274302,240.33288948069242,4.898707389831543
frame651,104.64314247669773,117.28894806924102,133.13382157123834,242.18242343541945,234.04194407456725,239.29294274300932,5.020389080047607
frame652,103.8162450066578,116.67643142476697,132.7589880159787,242.29693741677764,235.07656458055925,240.30159786950733,5.064661979675293
frame653,105.53861517976031,118.25233022636485,134.2809587217044,242.58588548601864,236.99467376830893,241.1231691078562,5.085415363311768
frame654,105.85286284953395,118.66178428761651,134.70905459387484,240.74434087882824,235.54993342210386,239.5659121171771,3.9250354766845703
frame655,106.83688415446072,119.52996005326231,135.49933422103862,242.99600532623168,237.60319573901464,241.62183754993342,3.85762619972229
frame656,106.46604527296937,119.38881491344874,135.40079893475365,245.91944074567243,240.80426098535287,244.9087882822903,3.4146854877471924
frame657,108.56990679094541,120.69507323568575,136.31358189081226,241.26498002663115,235.32623169107856,240.26498002663115,3.3959994316101074
frame658,109.01065246338216,121.245672436751,137.00066577896138,239.8242343541944,233.84021304926765,238.8242343541944,3.3969027996063232
frame659,110.32356857523303,122.4953395472703,138.28362183754993,241.37549933422105,235.57789613848203,240.37549933422105,3.3883368968963623
frame660,110.65046604527296,122.79227696404794,138.72237017310252,243.01597869507324,237.01597869507324,241.517310252996,3.372450351715088
frame661,111.93275632490014,124.01398135818908,139.8728362183755,244.93075898801598,239.0785619174434,243.93075898801598,3.3507919311523438
frame662,112.66910785619174,124.7676431424767,140.64780292942743,242.2989347536618,236.35286284953395,241.2989347536618,3.3240277767181396
frame663,114.6711051930759,126.60386151797603,142.3335552596538,241.92410119840213,235.95472703062583,239.9427430093209,3.2875237464904785
frame664,115.4387483355526,127.42143808255659,143.45805592543275,240.80026631158455,236.27696404793608,239.91944074567243,3.2433249950408936
frame665,117.16711051930758,128.97203728362183,144.96338215712385,243.6884154460719,239.70039946737683,243.02929427430092,3.2008261680603027
frame666,118.1844207723036,130.02396804260985,146.36151797603196,243.711051930759,239.45672436751,243.08388814913448,3.1638498306274414
frame667,119.34553928095872,131.24434087882824,147.55326231691078,244.525965379494,239.42343541944075,243.97470039946737,3.1334643363952637
frame668,119.00532623169107,130.9214380825566,147.33288948069242,247.02396804260985,242.22636484687084,246.62516644474036,3.1197550296783447
frame669,119.34021304926765,132.37483355525964,149.19840213049267,245.83089214380826,240.41411451398136,245.41411451398136,3.1089296340942383
frame670,119.46804260985353,132.67443408788282,149.60852197070574,246.9440745672437,241.57789613848203,246.57789613848203,3.1026182174682617
frame671,120.19640479360852,133.2583222370173,150.05925432756325,246.7683089214381,241.39414114513983,246.39414114513983,3.0978593826293945
frame672,119.5352862849534,132.7017310252996,149.47137150466045,244.74034620505992,240.2942743009321,244.2942743009321,3.096606969833374
frame673,117.0572569906791,130.20039946737683,146.79094540612516,245.44474034620507,240.44474034620507,245.02929427430092,3.093740701675415
frame674,113.16577896138482,126.15712383488682,142.8721704394141,247.08655126498002,241.70972037283622,246.70972037283622,3.097036838531494
frame675,109.50066577896139,122.68641810918776,138.92676431424766,247.41011984021304,241.41011984021304,246.0306258322237,3.108283042907715
frame676,105.18908122503329,118.67443408788283,134.80958721704394,243.7856191744341,238.3415446071904,242.7856191744341,3.125509262084961
frame677,101.19840213049268,114.60719041278296,130.5832223701731,236.54061251664447,230.55126498002664,234.58721704394142,3.1245665550231934
frame678,96.15312916111851,109.69241011984022,125.53328894806924,235.95139813581892,229.95339547270305,234.01398135818908,3.107624053955078
frame679,92.54260985352863,105.9600532623169,121.48735019973368,237.62117177097204,231.45938748335553,235.62583222370174,3.113642692565918
frame680,87.86085219707057,101.27829560585886,116.62050599201065,250.3162450066578,244.18641810918774,248.11984021304926,3.10648775100708
frame681,86.27030625832224,98.12982689747004,113.12782956058588,254.83488681757657,249.98135818908122,250.71637816245007,3.0924582481384277
frame682,113.02529960053262,120.16045272969374,132.06657789613848,215.86551264980028,211.3029294274301,212.60386151797604,3.059319257736206
frame683,119.41278295605859,124.38548601864181,133.74500665778962,197.18308921438083,193.26231691078561,194.33555259653795,3.060880184173584
frame684,111.28961384820239,118.5352862849534,130.508655126498,186.00199733688416,182.99800266311584,182.99600532623168,3.0569655895233154
frame685,107.51731025299601,115.16711051930758,128.94540612516644,221.48135818908122,216.96870838881492,217.85286284953395,3.0372660160064697
frame686,78.8115845539281,94.67310252996005,111.262982689747,244.4167776298269,239.11984021304926,239.3595206391478,3.1197452545166016
frame687,81.11517976031958,96.58988015978694,113.43541944074568,239.34953395472704,235.20439414114514,237.02396804260985,3.1099393367767334
frame688,84.02996005326231,99.728362183755,116.88015978695073,239.15912117177098,235.91145139813582,237.2410119840213,3.1242876052856445
frame689,87.49267643142477,102.69174434087883,119.84753661784288,236.73035952063915,232.34287616511318,235.20306258322236,3.131441116333008
frame690,89.36617842876166,104.4081225033289,122.219707057257,239.47936085219706,234.0399467376831,237.47270306258324,3.16625714302063
frame691,93.80426098535287,108.78761651131825,126.26897470039947,241.1531291611185,235.56924101198402,238.93142476697736,3.217876434326172
frame692,96.85752330226364,112.0306258322237,130.01131824234355,243.974034620506,238.11251664447403,241.3195739014647,3.3347389698028564
frame693,101.20106524633822,116.38082556591212,134.53395472703062,242.64247669773636,236.34953395472704,239.66378162450067,3.521145820617676
frame694,104.60252996005326,119.7323568575233,138.17177097203728,247.7203728362184,239.44607190412782,244.69507323568575,3.6684563159942627
frame695,107.04926764314247,122.11118508655126,140.47669773635153,245.8035952063915,237.96537949400798,242.8035952063915,3.723768949508667
frame696,107.00798934753662,121.81358189081224,141.55126498002664,248.2676431424767,241.24034620505992,246.23435419440744,3.6851000785827637
frame697,107.61384820239681,122.32223701731026,141.64713715046605,248.7270306258322,242.3209054593875,247.44474034620507,3.5886101722717285
frame698,107.96205059920106,122.76364846870838,142.1491344873502,245.97003994673767,239.97603195739015,244.96804260985354,3.4791462421417236
frame699,108.39547270306258,123.31025299600533,142.4041278295606,242.95339547270305,236.9440745672437,241.9440745672437,3.3885838985443115
frame700,108.19374167776299,123.21371504660453,142.44607190412782,245.0572569906791,239.04727030625833,244.04127829560585,3.3331868648529053
frame701,108.59853528628496,123.34221038615179,142.29627163781623,246.57789613848203,240.5739014647137,245.46804260985354,3.3074288368225098
frame702,108.09786950732357,122.9693741677763,142.16577896138483,242.98868175765645,236.95605858854861,241.88681757656457,3.2178831100463867
frame703,109.01664447403462,123.73568575233023,142.7143808255659,241.71238348868175,235.63914780292941,240.59920106524635,3.1890220642089844
frame704,108.05858854860186,122.81890812250333,141.87083888149135,243.3994673768309,237.37083888149135,241.6498002663116,3.182696580886841
frame705,108.50332889480693,123.17909454061251,141.90812250332888,247.44474034620507,241.55459387483356,246.32623169107856,3.180558204650879
frame706,108.5525965379494,123.39813581890812,142.26897470039947,245.4966711051931,239.53262316910786,243.53262316910786,3.1835527420043945
frame707,109.42809587217045,124.06458055925432,142.88881491344873,243.94207723035953,238.85685752330227,242.2503328894807,3.181715965270996
frame708,108.03595206391478,123.21704394141145,141.65113182423434,245.9773635153129,242.2856191744341,245.41344873501998,3.1767241954803467
frame709,108.47802929427431,123.43741677762982,141.5752330226365,246.38348868175765,242.4260985352863,245.90479360852197,3.1798057556152344
frame710,107.65113182423435,122.8069241011984,141.1185086551265,249.30758988015978,244.70838881491346,249.0079893475366,3.181867837905884
frame711,107.53129161118508,122.58455392809587,140.63448735019972,249.56724367509986,244.29560585885486,249.29560585885486,3.1850337982177734
frame712,106.48202396804261,121.70905459387484,139.86085219707059,254.61717709720372,249.6005326231691,254.54327563249,3.187511920928955
frame713,106.82356857523303,121.9254327563249,139.95406125166446,254.53661784287615,248.53661784287615,253.53661784287615,3.194551467895508
frame714,106.83422103861518,122.15512649800266,140.41278295605858,253.60852197070574,248.61651131824235,252.61651131824235,3.200578212738037
frame715,107.92609853528629,123.00599201065246,141.48402130492676,252.55126498002664,246.58521970705726,251.57789613848203,3.2042644023895264
frame716,107.02463382157124,122.31424766977364,140.9613848202397,252.61651131824235,246.64114513981357,251.64114513981357,3.201555013656616
frame717,106.76031957390147,122.02929427430094,140.3595206391478,252.55126498002664,246.57789613848203,251.57789613848203,3.1998610496520996
frame718,106.92809587217045,122.30758988015978,140.78029294274302,250.67376830892144,245.66378162450067,249.67376830892144,3.203531503677368
frame719,106.89680426098535,122.28428761651132,140.50199733688416,250.6977363515313,245.68908122503328,249.68908122503328,3.2016048431396484
frame720,106.47270306258322,121.77896138482024,139.84420772303596,250.10452729693742,245.09454061251665,249.0745672436751,3.2009544372558594
frame721,103.15446071904128,118.45739014647137,136.31890812250333,250.8821571238349,244.8821571238349,249.8561917443409,3.197049856185913
frame722,100.13115845539281,115.31358189081224,132.97669773635153,250.87816245006658,245.86817576564582,249.84820239680425,3.2023510932922363
frame723,96.90679094540613,112.02130492676432,129.35685752330227,252.80093209054593,246.80093209054593,251.78362183754993,3.200948715209961
frame724,93.10452729693742,108.28162450066579,125.38215712383489,242.7842876165113,237.19507323568575,241.19507323568575,3.177982807159424
frame725,88.22569906790946,103.25233022636485,120.15912117177098,237.6178428761651,232.3462050599201,236.3462050599201,3.152951240539551
frame726,84.65645805592543,99.74633821571238,116.69174434087883,235.51198402130493,230.18774966711052,234.51198402130493,3.153308153152466
frame727,81.85019973368841,96.59853528628496,113.38615179760319,247.24367509986683,241.24367509986683,245.24367509986683,3.1526589393615723
frame728,77.83888149134488,92.93075898801598,109.3641810918775,249.1005326231691,242.6138482023968,244.22969374167775,3.1748218536376953
frame729,82.08588548601864,96.02529960053262,112.10719041278296,254.1051930758988,250.1491344873502,251.60585885486017,3.136653184890747
frame730,109.91145139813582,117.07190412782955,130.4340878828229,194.2103861517976,191.25565912117176,191.3501997336884,3.126093626022339
frame731,137.3595206391478,137.1231691078562,140.89813581890812,193.32490013315578,189.52463382157123,190.55659121171772,3.296501636505127
frame732,134.15712383488682,134.3335552596538,136.97603195739015,176.94340878828228,174.2270306258322,174.27762982689748,3.4493460655212402
frame733,96.75499334221038,104.2410119840213,118.6837549933422,180.439414114514,177.1664447403462,178.16444740346205,3.5454890727996826
frame734,72.50266311584554,85.04727030625833,103.53728362183755,239.09520639147803,235.3515312916112,236.6051930758988,4.2024102210998535
frame735,64.99267643142477,82.30426098535287,101.92609853528629,240.4034620505992,236.42343541944075,237.83422103861517,4.9124755859375
frame736,64.82822902796272,82.76964047936085,103.1398135818908,239.92410119840213,235.8422103861518,238.00599201065248,5.066764831542969
frame737,68.30426098535287,86.02596537949401,106.30359520639148,238.13715046604528,232.57789613848203,236.6964047936085,5.10305118560791
frame738,69.54926764314247,87.15712383488682,107.79294274300932,240.67776298268976,235.26897470039947,239.08122503328894,5.11422872543335
frame739,74.93808255659121,92.37416777629826,113.1750998668442,240.5479360852197,233.80559254327562,238.525965379494,5.116547107696533
frame740,78.25965379494008,95.73635153129162,116.68708388814913,243.9347536617843,238.6664447403462,242.0972037283622,5.117448329925537
frame741,82.98135818908122,100.25565912117177,121.50133155792277,242.56724367509986,237.19440745672438,240.37549933422105,5.119678497314453
frame742,87.78561917443409,104.82223701731026,126.24234354194408,243.5126498002663,236.8515312916112,239.80958721704394,5.120260715484619
frame743,92.35486018641811,108.93408788282291,130.46604527296938,240.45073235685751,233.9041278295606,236.81824234354195,5.120581150054932
frame744,93.89747003994674,110.37749667110519,132.0745672436751,242.99001331557923,236.73368841544607,240.29227696404794,5.120534896850586
frame745,94.14980026631159,110.53595206391478,132.39547270306258,243.237017310253,236.5572569906791,240.39214380825567,5.120523452758789
frame746,92.92410119840213,109.56058588548602,131.48601864181092,243.30559254327562,236.76564580559256,240.24833555259653,5.120416164398193
frame747,95.04926764314247,111.48335552596538,133.2270306258322,244.9380825565912,239.20705725699068,242.92276964047937,5.120665073394775
frame748,96.48601864181092,111.98135818908122,132.79560585885486,243.98002663115847,238.974034620506,242.97603195739015,5.120657444000244
frame749,97.01264980026632,112.31091877496671,133.09786950732357,243.3595206391478,238.23768308921439,242.3501997336884,5.121170997619629
frame750,97.26098535286285,112.31757656458056,133.33288948069242,245.0972037283622,239.55992010652463,244.09320905459387,5.0838518142700195
frame751,97.49467376830893,112.76897470039947,133.4340878828229,248.3202396804261,242.31091877496672,246.35685752330227,4.332087516784668
frame752,97.31691078561917,112.60652463382156,133.49866844207722,246.0,240.0,245.0,3.4926013946533203
frame753,97.96604527296937,113.25765645805592,133.88748335552597,243.76897470039947,237.9034620505992,242.76631158455393,3.4863016605377197
frame754,97.96870838881492,113.20572569906791,134.09320905459387,247.1404793608522,241.68974700399468,246.1404793608522,3.467341184616089
frame755,97.228362183755,112.26830892143808,132.83288948069242,247.47137150466045,241.58055925432757,246.47137150466045,3.4444706439971924
frame756,96.91944074567243,112.0133155792277,132.68641810918774,246.67043941411453,240.69241011984022,245.67043941411453,3.434687852859497
frame757,97.81691078561917,113.00133155792277,133.37949400798934,243.0,237.0,241.0,3.424893856048584
frame758,97.15113182423435,112.17909454061251,132.81225033288948,242.4260985352863,237.93541944074568,241.52796271637817,3.4121062755584717
frame759,98.72303595206391,113.68175765645806,134.0878828229028,245.57256990679093,242.2157123834887,244.98335552596538,3.40055775642395
frame760,98.34420772303595,113.28561917443409,134.14181091877498,249.21171770972038,245.9254327563249,248.8901464713715,3.3887648582458496
frame761,100.08122503328894,114.87150466045273,135.65579227696404,250.88881491344873,247.23968042609854,250.67243675099866,3.378953456878662
frame762,99.95805592543276,114.84354194407457,135.8288948069241,253.29560585885486,250.0399467376831,253.2103861517976,3.3681280612945557
frame763,99.59720372836219,114.84021304926765,134.86284953395472,253.05193075898802,248.87483355525964,252.96338215712385,3.3599653244018555
frame764,100.20106524633822,115.23169107856192,135.64314247669773,254.95406125166446,250.9520639147803,254.9520639147803,3.3591361045837402
frame765,101.18641810918776,116.262982689747,136.38348868175765,254.88814913448735,249.88814913448735,254.88348868175765,3.3566486835479736
frame766,101.9474034620506,117.08122503328894,137.51864181091878,254.95006657789614,248.9520639147803,252.9520639147803,3.3530914783477783
frame767,101.51664447403462,116.55326231691079,136.55326231691078,254.88348868175765,248.88814913448735,252.88814913448735,3.3439249992370605
frame768,101.2190412782956,116.32956058588549,136.50266311584554,253.9520639147803,248.9520639147803,252.9520639147803,3.339570999145508
frame769,99.32290279627163,114.4167776298269,134.1964047936085,253.88814913448735,247.89280958721704,252.88814913448735,3.334859609603882
frame770,96.4074567243675,111.72237017310253,131.56458055925432,253.95406125166446,247.95406125166446,252.95406125166446,3.3377223014831543
frame771,94.45073235685753,109.61651131824235,128.84287616511318,253.88814913448735,247.89280958721704,252.88814913448735,3.3414039611816406
frame772,90.245672436751,104.65046604527296,123.96804260985353,250.55858854860188,244.55858854860188,249.4300932090546,3.33483624458313
frame773,86.32623169107856,100.69241011984022,119.29893475366178,237.0965379494008,231.0965379494008,235.0965379494008,3.300849437713623
frame774,81.7410119840213,96.25099866844208,115.13781624500666,237.59520639147803,232.32490013315578,236.32490013315578,3.2972705364227295
frame775,79.66111850865512,94.1491344873502,112.81424766977364,239.38348868175765,233.86218375499334,238.38348868175765,3.2728137969970703
frame776,76.73568575233023,91.26564580559254,110.28894806924102,249.17243675099866,242.98535286284954,246.64713715046605,3.3007078170776367
frame777,75.61984021304927,90.22303595206391,108.7676431424767,254.58921438082555,250.02796271637817,252.07723035952063,3.300804376602173
frame778,103.60186418109188,112.51198402130493,127.99334221038615,236.57323568575234,232.76564580559256,234.17509986684422,3.177497625350952
frame779,111.37949400798935,118.26897470039947,132.25699067909454,202.70972037283622,199.42343541944075,199.70972037283622,3.174670457839966
frame780,119.52330226364847,123.12050599201065,131.4427430093209,186.84753661784288,182.06857523302264,182.18109187749667,3.1468634605407715
frame781,107.0965379494008,114.00066577896139,129.46870838881492,200.6491344873502,197.3415446071904,198.72969374167775,3.1318435668945312
frame782,76.16444740346205,91.4387483355526,112.6364846870839,247.87882822902796,242.0,242.24234354194408,3.258531093597412
frame783,76.19640479360852,92.06524633821572,112.57723035952064,238.88814913448735,234.88814913448735,236.88814913448735,3.3057100772857666
frame784,77.29494007989348,93.47869507323568,114.28362183754993,234.87616511318242,230.87882822902796,233.52063914780294,3.3756256103515625
frame785,79.991344873502,95.93009320905459,116.84753661784288,235.19041278295606,230.44873501997336,233.8854860186418,3.460326671600342
frame786,82.04993342210386,98.07256990679095,119.07523302263648,236.7856191744341,232.03129161118508,235.4613848202397,3.551453113555908
frame787,85.49800266311584,102.38282290279628,122.64314247669773,243.66111850865514,239.20905459387484,241.66577896138483,3.646005153656006
frame788,88.70705725699068,105.70439414114514,126.69374167776299,243.80093209054593,237.5958721704394,240.70505992010652,3.749490261077881
frame789,92.76964047936085,109.47603195739015,130.4167776298269,242.0079893475366,236.08255659121173,239.06391478029295,3.8412349224090576
frame790,96.2809587217044,113.09121171770973,134.39414114513983,246.9300932090546,239.96804260985354,244.0572569906791,3.916682481765747
frame791,99.10186418109188,115.71571238348868,136.8069241011984,244.75499334221038,238.08255659121173,242.18774966711052,3.9561851024627686
frame792,98.83222370173102,115.58122503328894,136.81291611185085,243.95739014647137,236.6491344873502,240.90545938748335,3.952422618865967
frame793,99.37483355525966,115.93675099866844,137.00732356857523,248.76631158455393,242.57723035952063,247.88814913448735,3.9190876483917236
frame794,98.40679094540613,115.06324900133156,136.2323568575233,245.728362183755,239.77430093209054,245.19440745672438,3.872361898422241
frame795,98.94806924101198,115.38548601864181,136.36018641810918,243.17043941411453,237.0,241.65912117177098,3.812450408935547
frame796,99.02996005326231,115.68774966711052,136.74833555259653,241.22170439414114,235.05126498002664,239.7103861517976,3.760524034500122
frame797,99.79760319573901,115.51198402130493,136.439414114514,244.03195739014646,238.41411451398136,243.03195739014646,3.734234571456909
frame798,99.58255659121171,115.3994673768309,136.55392809587218,245.9440745672437,239.94806924101198,244.9440745672437,3.827824354171753
frame799,102.01264980026632,117.19573901464713,138.20039946737683,242.85685752330227,236.92276964047937,241.92276964047937,3.3475871086120605
frame800,101.69174434087883,116.84553928095872,138.05525965379493,243.2150466045273,237.2150466045273,242.2150466045273,3.2853622436523438
frame801,101.01997336884155,116.14980026631159,136.98335552596538,246.29027962716378,240.55525965379493,245.29027962716378,3.2745978832244873
frame802,99.52729693741678,114.8249001331558,135.8195739014647,246.9254327563249,240.93075898801598,245.9254327563249,3.263660192489624
frame803,101.27097203728363,116.21304926764314,137.28295605858855,244.40812250332888,238.62583222370174,243.45073235685751,3.2605843544006348
frame804,99.93209054593875,115.03262316910785,136.12916111850865,242.94607190412782,238.5352862849534,242.14247669773636,3.2493844032287598
frame805,100.44141145139814,115.28295605858855,136.09920106524635,245.0612516644474,240.1977363515313,244.44007989347537,3.2421507835388184
frame806,100.06924101198402,115.19440745672436,136.21704394141145,247.22237017310252,242.9260985352863,246.79027962716378,3.2388923168182373
frame807,99.54061251664447,114.34620505992011,135.17842876165113,253.72237017310252,249.5878828229028,253.65512649800266,3.233516216278076
frame808,98.87416777629826,113.7809587217044,134.78229027962718,253.68175765645805,248.61584553928097,253.61584553928097,3.2360963821411133
frame809,99.97936085219708,114.82822902796272,135.67709720372835,254.8774966711052,249.8774966711052,253.8774966711052,3.239917278289795
frame810,100.00665778961385,114.88082556591212,136.00199733688416,254.9041278295606,248.90812250332888,252.90812250332888,3.242826461791992
frame811,99.37350199733689,114.58255659121171,135.3202396804261,251.01131824234355,246.01131824234355,251.01131824234355,3.243335723876953
frame812,98.83954727030626,114.23568575233023,134.99001331557923,251.08655126498002,246.08655126498002,250.09454061251665,3.2465384006500244
frame813,99.38948069241012,114.52929427430094,135.20705725699068,250.98934753661786,245.98934753661786,249.98934753661786,3.2491238117218018
frame814,98.96338215712383,113.98002663115845,134.7496671105193,250.1051930758988,245.1051930758988,249.14780292942743,3.251221179962158
frame815,99.52263648468708,114.37083888149135,135.0219707057257,250.0352862849534,245.0352862849534,249.0352862849534,3.254687547683716
frame816,98.63448735019973,113.60319573901465,134.35552596537948,250.1051930758988,245.1051930758988,249.1051930758988,3.2578253746032715
frame817,96.48335552596538,111.47003994673769,131.89280958721704,250.98934753661786,245.0352862849534,249.98934753661786,3.26192569732666
frame818,92.12649800266311,107.1837549933422,127.37217043941412,252.01997336884153,247.01997336884153,251.01997336884153,3.2721221446990967
frame819,89.85219707057257,104.58455392809587,124.47869507323568,252.10652463382158,246.14713715046605,251.10652463382158,3.2847676277160645
frame820,86.04727030625833,100.96404793608522,120.65046604527296,244.77097203728363,239.18242343541945,243.18242343541945,3.296482801437378
frame821,82.0479360852197,97.01597869507323,116.60785619174435,239.07589880159787,233.73834886817576,237.73834886817576,3.3059558868408203
frame822,79.09853528628496,94.22037283621837,113.88348868175765,237.48535286284954,232.10386151797604,236.10386151797604,3.317817211151123
frame823,76.06058588548602,90.70439414114514,109.24633821571238,243.5912117177097,237.5912117177097,241.5912117177097,3.3097009658813477
frame824,73.28162450066579,88.1491344873502,106.6005326231691,248.55925432756325,242.02529960053263,244.8202396804261,3.3227832317352295
frame825,75.38748335552596,89.87416777629826,107.78229027962716,255.0,252.35752330226364,253.73102529960053,3.326476812362671
frame826,109.54127829560586,115.5525965379494,130.68908122503328,197.88748335552597,195.31691078561917,195.51597869507324,3.2193517684936523
frame827,125.25499334221038,128.15046604527296,134.2729693741678,192.9607190412783,189.48468708388816,189.7203728362184,3.141467332839966
frame828,106.47603195739015,113.33222370173102,129.01464713715046,186.0845539280959,182.9154460719041,183.83089214380826,3.155552625656128
frame829,98.53262316910785,108.13115845539281,125.68974700399467,234.77696404793608,228.99267643142477,229.7323568575233,3.136936902999878
frame830,75.79560585885486,91.52263648468708,111.9520639147803,238.59786950732357,233.79693741677764,234.50732356857523,3.2374839782714844
frame831,77.77563249001332,93.43009320905459,114.10852197070572,235.6264980026631,231.16378162450067,234.0572569906791,3.283581495285034
frame832,79.03129161118508,94.85419440745673,115.74234354194408,235.7589880159787,231.38748335552597,234.33022636484688,3.3270537853240967
frame833,79.87882822902796,96.44207723035952,117.0612516644474,237.36617842876166,232.4474034620506,235.9214380825566,3.361035108566284
frame834,83.22703062583223,99.78695073235686,120.73169107856192,237.61651131824235,232.67243675099866,236.61651131824235,3.410491943359375
frame835,86.75965379494008,103.30758988015978,124.1051930758988,242.50066577896138,236.6970705725699,239.51664447403462,3.4509685039520264
frame836,88.40612516644474,105.02862849533955,126.26231691078561,244.7989347536618,238.52862849533955,241.9953395472703,3.4858789443969727
frame837,92.48069241011984,108.89414114513981,130.20905459387484,243.15046604527296,237.64580559254327,240.71171770972038,3.5112009048461914
frame838,96.11917443408788,112.26964047936085,134.48601864181092,247.82689747003994,240.17509986684422,245.5352862849534,3.5241143703460693
frame839,99.32157123834887,115.23501997336884,137.18708388814915,245.31757656458055,237.89280958721704,242.5093209054594,3.5120625495910645
frame840,98.99733688415446,115.06391478029295,137.29960053262317,245.79960053262317,238.9154460719041,243.51664447403462,3.4755465984344482
frame841,98.97936085219708,114.9520639147803,136.82623169107856,247.67443408788282,241.31025299600532,246.44141145139812,3.436361312866211
frame842,98.86551264980027,114.69840213049268,136.9260985352863,245.9953395472703,239.99001331557923,244.991344873502,3.4074833393096924
frame843,100.25499334221038,116.02996005326231,137.97603195739015,242.982689747004,236.982689747004,241.982689747004,3.3825981616973877
frame844,100.89880159786951,116.49400798934754,138.62849533954727,242.38748335552597,236.38748335552597,241.38748335552597,3.407965660095215
frame845,101.18641810918776,116.67709720372837,138.56724367509986,246.6757656458056,240.77762982689748,245.6757656458056,3.817685604095459
frame846,99.42143808255659,114.93475366178428,136.84354194407456,246.82290279627165,240.83555259653795,245.82290279627165,3.3330039978027344
frame847,99.78561917443409,115.16178428761651,136.93142476697736,242.89813581890812,236.91344873501998,240.9966711051931,3.2413363456726074
frame848,99.65912117177098,115.15046604527296,137.1311584553928,243.61917443408788,238.2143808255659,242.61917443408788,3.245657444000244
frame849,100.75632490013315,116.0792276964048,137.99800266311584,242.72503328894808,237.237017310253,241.72503328894808,3.237473726272583
frame850,99.00665778961385,113.34886817576565,135.7323568575233,243.84021304926765,237.84021304926765,242.84021304926765,3.224388837814331
frame851,100.18575233022636,114.32756324900133,136.69573901464713,242.9440745672437,236.9440745672437,241.9440745672437,3.2224745750427246
frame852,99.17776298268974,113.5486018641811,135.7057256990679,240.2057256990679,234.2842876165113,239.22103861517976,3.2154812812805176
frame853,99.48069241011984,113.71238348868175,135.50732356857523,245.09320905459387,240.61651131824235,244.474034620506,3.210949659347534
frame854,97.59520639147803,112.30026631158455,133.98002663115847,248.70838881491346,245.31025299600532,248.0093209054594,3.2087604999542236
frame855,99.88948069241012,114.22569906790946,135.8675099866844,253.40612516644475,249.23834886817576,253.32223701731024,3.214202880859375
frame856,99.00332889480693,113.39081225033289,135.26631158455393,254.86218375499334,250.8561917443409,254.8561917443409,3.214628219604492
frame857,98.92876165113182,113.38348868175765,134.50133155792278,254.80093209054593,250.79227696404794,254.79227696404794,3.21527361869812
frame858,99.29893475366178,113.88881491344874,135.14580559254327,254.8561917443409,249.8561917443409,253.8561917443409,3.2214813232421875
frame859,99.50932090545939,114.29693741677762,134.87017310252995,254.80093209054593,248.79227696404794,252.78362183754993,3.223506212234497
frame860,99.6398135818908,114.47536617842876,135.11717709720372,253.86218375499334,248.86218375499334,252.86218375499334,3.227828025817871
frame861,99.96271637816245,114.65379494007989,135.0972037283622,253.79227696404794,247.79227696404794,252.77496671105192,3.2306976318359375
frame862,99.95872170439414,114.94806924101198,134.67310252996006,251.07323568575234,246.06324900133157,250.04327563249,3.23504376411438
frame863,100.25765645805592,115.05592543275633,134.71637816245007,250.99733688415446,245.98868175765645,249.97137150466045,3.2420201301574707
frame864,98.07323568575234,112.9513981358189,132.53794940079894,252.00599201065248,246.99600532623168,250.97603195739015,3.248112440109253
frame865,95.59853528628496,110.5439414114514,129.7849533954727,253.79227696404794,247.79227696404794,252.79227696404794,3.255979299545288
frame866,91.71038615179761,106.56058588548602,125.85685752330227,252.61717709720372,246.63382157123834,251.61717709720372,3.2622973918914795
frame867,87.99933422103861,102.79294274300932,121.46604527296937,253.5559254327563,247.5752330226365,252.5559254327563,3.2436447143554688
frame868,84.29893475366178,99.3069241011984,118.04061251664447,234.99800266311584,229.939414114514,233.939414114514,3.267035484313965
frame869,81.17776298268974,96.22636484687084,114.55525965379493,233.85885486018643,227.85885486018643,232.79960053262317,3.2492120265960693
frame870,78.48202396804261,93.71371504660453,112.1404793608522,238.4247669773635,232.98801597869507,236.98801597869507,3.283907651901245
frame871,76.66977363515313,91.83022636484687,109.81691078561917,247.4121171770972,241.4121171770972,245.4121171770972,3.296247720718384
frame872,74.54460719041278,89.80958721704394,107.9953395472703,251.4427430093209,245.27896138482024,246.8335552596538,3.3203439712524414
frame873,91.63448735019973,102.55326231691079,119.40479360852197,250.08588548601864,247.11185086551265,248.75499334221038,3.2569589614868164
frame874,108.96671105193076,115.23635153129162,130.73435419440744,204.53129161118508,201.53129161118508,201.5739014647137,3.1995809078216553
frame875,134.6138482023968,135.22303595206392,139.40479360852197,176.91078561917445,173.68308921438083,172.53129161118508,3.3660242557525635
frame876,106.16378162450067,112.8155792276964,129.0046604527297,184.91278295605858,180.9167776298269,182.88814913448735,3.3858606815338135
frame877,77.04194407456724,91.14114513981359,110.19174434087883,247.8861517976032,242.89214380825567,241.97869507323568,3.546322822570801
frame878,69.37150466045273,86.37416777629826,107.37549933422103,238.77363515312916,235.0446071904128,235.94940079893476,3.8060126304626465
frame879,70.33288948069242,87.63515312916113,108.31957390146471,239.75632490013317,235.75632490013317,237.20505992010652,4.112736225128174
frame880,70.90412782956058,88.40679094540613,109.28362183754993,239.83621837549933,235.83621837549933,238.83621837549933,4.44668436050415
frame881,72.89347536617844,90.03462050599201,110.89813581890812,241.4600532623169,236.0046604527297,239.0046604527297,4.726781845092773
frame882,75.5878828229028,92.72636484687084,113.9427430093209,241.02396804260985,236.2849533954727,239.13448735019972,4.882706642150879
frame883,79.8162450066578,96.77496671105193,118.01664447403462,241.77762982689748,237.75366178428763,239.9647137150466,4.963292598724365
frame884,81.99001331557923,99.14513981358189,120.53595206391478,244.95339547270305,240.95339547270305,243.94673768308922,5.002137660980225
frame885,85.30292942743009,102.33089214380826,123.77962716378163,243.98934753661786,239.98934753661786,242.98934753661786,5.022833347320557
frame886,88.88415446071905,106.02263648468708,127.9960053262317,238.71770972037282,234.36018641810918,236.64647137150467,5.034020900726318
frame887,90.32756324900133,107.17776298268974,128.814913448735,247.84753661784288,241.1498002663116,245.06924101198402,5.0405168533325195
frame888,90.09720372836219,106.57789613848202,128.3988015978695,244.59786950732357,238.29760319573901,241.7849533954727,5.045055866241455
frame889,89.87616511318242,105.5525965379494,126.71637816245007,244.45872170439415,238.80625832223703,242.0399467376831,5.047617435455322
frame890,90.48002663115845,106.13781624500666,127.48468708388815,241.51065246338214,236.16045272969373,239.762982689747,5.049623489379883
frame891,90.44474034620507,105.89880159786951,126.94340878828228,245.21770972037282,240.26031957390146,243.29161118508654,5.052522659301758
frame892,89.42143808255659,105.12849533954727,126.26031957390147,242.4034620505992,236.0,240.1930758988016,5.065460205078125
frame893,89.70372836218375,105.3162450066578,126.13448735019973,240.53462050599202,234.11185086551265,238.23834886817576,5.081058025360107
frame894,91.77296937416777,107.23635153129162,128.31025299600532,243.9613848202397,237.8508655126498,242.62982689747005,3.3444883823394775
frame895,91.60386151797603,107.14380825565912,127.89680426098535,244.13049267643143,238.13049267643143,242.7896138482024,3.484426498413086
frame896,90.97936085219708,106.66577896138482,127.52862849533955,242.02396804260985,235.91344873501998,240.6837549933422,3.6667399406433105
frame897,91.67709720372837,107.08189081225034,127.66178428761651,241.0619174434088,234.99267643142477,239.74500665778962,3.662306308746338
frame898,90.74966711051931,106.24234354194408,127.2762982689747,242.7057256990679,237.0972037283622,241.4154460719041,3.638468027114868
frame899,90.84753661784288,106.23368841544607,126.93275632490014,245.90612516644475,239.9380825565912,244.71238348868175,3.625824213027954
frame900,91.12117177097204,106.43741677762982,127.16511318242344,243.82490013315578,237.7729693741678,242.6797603195739,3.6174933910369873
frame901,92.46138482023969,106.92476697736352,128.00133155792278,241.95272969374167,235.89747003994674,239.7683089214381,3.6041312217712402
frame902,91.94540612516644,106.55126498002663,127.72969374167776,241.49267643142477,236.81091877496672,240.65179760319575,3.5905821323394775
frame903,92.85419440745673,107.2190412782956,128.21238348868175,245.04660452729695,240.46604527296938,244.46604527296938,3.5766263008117676
frame904,92.07656458055925,106.63848202396804,127.61917443408788,244.4201065246338,239.86018641810918,243.86018641810918,3.5679850578308105
frame905,93.79027962716378,108.1271637816245,128.9041278295606,247.45006657789614,242.07256990679093,247.07256990679093,3.561378240585327
frame906,93.68508655126497,108.23368841544607,129.17842876165113,248.3288948069241,243.3288948069241,247.9953395472703,3.5605521202087402
frame907,94.52996005326231,108.97203728362184,129.7416777629827,249.27430093209054,243.98801597869507,248.27430093209054,3.5583717823028564
frame908,95.11584553928095,109.70106524633822,130.66577896138483,250.6498002663116,244.6498002663116,249.6498002663116,3.559687376022339
frame909,96.13249001331558,110.5918774966711,131.33621837549933,251.57256990679093,245.57256990679093,249.728362183755,3.5581395626068115
frame910,95.95272969374167,110.51198402130493,131.33888149134486,249.91011984021304,243.91011984021304,248.91011984021304,3.556004524230957
frame911,96.9693741677763,111.36750998668442,132.08255659121173,249.728362183755,243.728362183755,247.88415446071903,3.5515737533569336
frame912,93.44074567243675,108.1491344873502,128.84953395472704,248.91011984021304,243.91011984021304,247.91011984021304,3.5449092388153076
frame913,92.15712383488682,107.21637816245007,127.09986684420772,248.728362183755,242.88415446071903,247.728362183755,3.543412923812866
frame914,88.67909454061251,103.87882822902796,123.66111850865512,251.01531291611184,245.01464713715046,249.0133155792277,3.5441842079162598
frame915,86.5479360852197,101.3994673768309,120.93808255659121,250.36351531291612,244.48335552596538,248.48335552596538,3.5345842838287354
frame916,81.45073235685753,96.6271637816245,116.10119840213049,235.67776298268976,230.5266311584554,234.67776298268976,3.528172254562378
frame917,78.43475366178428,93.57390146471371,112.76364846870838,241.24300932090546,235.6404793608522,240.24300932090546,3.5113282203674316
frame918,75.0486018641811,90.41078561917443,109.42143808255659,242.46338215712385,236.77097203728363,240.77097203728363,3.4897422790527344
frame919,73.54460719041278,88.76697736351531,107.63914780292943,248.16711051930758,241.8501997336884,245.20306258322236,3.4839415550231934
frame920,73.12316910785619,88.70705725699068,107.06990679094541,254.98402130492676,250.81691078561917,251.83954727030627,3.482851505279541
frame921,108.88881491344874,115.81358189081224,130.88082556591212,220.51065246338214,216.2496671105193,217.35219707057257,3.258087396621704
frame922,112.1757656458056,118.2849533954727,131.1225033288948,198.9773635153129,195.8368841544607,196.35286284953395,3.1944713592529297
frame923,88.8242343541944,95.64713715046605,109.94673768308921,175.33888149134486,173.29494007989348,174.2410119840213,3.126307249069214
frame924,83.29560585885486,91.22103861517976,107.52596537949401,205.2330226364847,200.74766977363515,201.02396804260985,3.0892884731292725
frame925,45.88814913448735,65.02796271637816,84.5965379494008,238.95272969374167,233.94141145139812,234.98934753661786,3.5378763675689697
frame926,45.064580559254324,64.33954727030626,84.36950732356857,233.80758988015978,230.2796271637816,231.2796271637816,4.134871959686279
frame927,46.766311584553925,65.9074567243675,85.85885486018641,231.35818908122502,227.0572569906791,229.39147802929426,4.676207065582275
frame928,46.59254327563249,66.56790945406125,86.79027962716378,233.47869507323568,228.9041278295606,232.0479360852197,4.887735843658447
frame929,48.94474034620506,68.79227696404794,88.82756324900133,235.4041278295606,230.81358189081226,233.97603195739015,4.9798712730407715
frame930,51.88415446071904,71.60918774966711,91.79227696404794,236.59786950732357,230.8988015978695,234.30758988015978,5.060267448425293
frame931,55.98135818908123,75.66977363515313,95.8242343541944,236.36284953395472,230.68708388814915,235.04061251664447,5.08625602722168
frame932,58.409454061251665,77.92676431424766,98.72503328894807,237.84354194407456,233.0832223701731,236.2982689747004,5.0895514488220215
frame933,62.53861517976032,81.78561917443409,102.82157123834887,239.51131824234355,234.79094540612516,237.78295605858855,5.087443828582764
frame934,63.90679094540612,83.30825565912117,105.14980026631159,239.05326231691078,233.8415446071904,235.85219707057257,5.081382751464844
frame935,64.22503328894807,83.4167776298269,104.81890812250333,236.04926764314249,230.93142476697736,233.01398135818908,5.077276706695557
frame936,64.2762982689747,83.31957390146471,105.06324900133156,238.07922769640479,231.16111850865514,234.6225033288948,5.0739054679870605
frame937,64.91278295605859,83.89414114513981,105.27363515312916,241.3415446071904,233.58189081225032,238.15579227696404,5.072774410247803
frame938,65.09720372836219,84.18974700399467,105.6797603195739,240.01997336884153,231.3821571238349,236.74300932090546,5.072099685668945
frame939,66.4520639147803,84.83754993342211,106.20572569906791,239.59320905459387,231.91611185086552,236.76165113182424,5.071561813354492
frame940,65.26031957390147,84.280292942743,105.62450066577897,238.73368841544607,232.0705725699068,236.52862849533955,5.07103967666626
frame941,66.00532623169107,84.7982689747004,105.98335552596538,240.1225033288948,233.78695073235687,238.5752330226365,5.071079254150391
frame942,65.48868175765645,84.36750998668442,105.51797603195739,240.04260985352863,233.97869507323568,238.0,5.070661544799805
frame943,65.65978695073235,84.38948069241012,105.39613848202397,239.62583222370174,233.62583222370174,237.77363515312916,5.07061243057251
frame944,66.00066577896139,84.76364846870838,105.92010652463382,240.51131824234355,235.1011984021305,239.51131824234355,5.068963527679443
frame945,65.77097203728363,84.3814913448735,105.28229027962716,239.85752330226364,233.85752330226364,238.54327563249,5.062936305999756
frame946,65.08255659121171,83.77363515312916,104.88348868175765,239.77363515312916,233.97603195739015,237.97603195739015,5.057022571563721
frame947,65.5039946737683,83.6930758988016,104.62982689747004,239.59387483355525,233.67443408788282,237.70772303595206,5.060567855834961
frame948,65.6364846870839,83.88082556591212,104.98268974700399,238.7143808255659,232.77430093209054,236.80825565912116,5.062373161315918
frame949,66.32290279627163,83.98402130492677,104.9081225033289,240.2237017310253,234.23435419440744,238.46737683089214,5.060659885406494
frame950,65.96737683089215,83.73901464713715,104.88082556591212,238.86950732356857,233.50998668442077,237.86950732356857,5.06013822555542
frame951,66.92010652463382,84.48002663115845,105.47270306258322,237.91611185086552,232.46338215712385,236.46338215712385,5.058266639709473
frame952,67.87416777629826,84.84420772303595,105.5133155792277,238.9387483355526,233.21704394141145,237.21704394141145,5.057551383972168
frame953,69.15179760319575,85.96138482023969,106.36750998668442,240.85752330226364,234.9613848202397,238.9613848202397,5.057065010070801
frame954,68.1757656458056,84.97869507323568,105.71038615179761,239.4906790945406,234.4906790945406,238.4906790945406,5.056982040405273
frame955,69.22237017310253,86.0,106.5133155792277,240.38748335552597,234.44873501997336,238.44873501997336,5.056673049926758
frame956,68.78628495339547,85.59520639147803,106.36484687083887,239.15579227696404,233.34021304926765,237.34021304926765,5.057032585144043
frame957,69.75699067909454,86.51065246338216,107.06324900133156,238.9201065246338,233.10918774966711,237.10918774966711,5.056175708770752
frame958,69.85352862849534,86.76697736351531,107.65179760319575,238.97137150466045,233.15579227696404,237.15579227696404,5.044487953186035
frame959,70.75699067909454,87.56391478029295,108.36151797603196,238.10918774966711,233.10918774966711,237.10918774966711,5.030470848083496
frame960,67.23102529960053,84.31757656458056,104.9121171770972,238.15579227696404,233.15579227696404,237.15579227696404,5.023514747619629
frame961,65.44207723035952,82.25965379494008,102.41611185086552,238.9201065246338,233.10918774966711,237.10918774966711,5.015000820159912
frame962,62.52596537949401,79.58189081225034,99.5479360852197,238.34021304926765,233.34021304926765,237.15579227696404,5.009236812591553
frame963,60.15712383488682,77.13115845539281,96.77696404793609,234.89214380825567,228.89214380825567,232.89214380825567,5.0076584815979
frame964,55.54793608521971,73.51131824234355,93.26498002663116,232.2589880159787,226.35818908122502,230.35818908122502,5.004263401031494
frame965,55.79161118508655,73.44940079893475,92.91011984021306,231.68308921438083,225.68308921438083,229.68308921438083,5.012771129608154
frame966,52.990013315579226,71.03661784287617,90.5832223701731,237.2796271637816,232.06458055925432,235.2796271637816,5.01536750793457
frame967,52.801597869507326,70.80426098535287,90.03661784287617,250.0958721704394,243.85885486018643,247.19241011984022,5.016911506652832
frame968,62.31757656458056,76.89613848202397,95.0572569906791,254.24900133155793,249.70905459387484,250.81424766977364,5.024785995483398
frame969,102.0133155792277,108.6491344873502,123.51131824234355,181.63981358189082,178.71304926764313,178.85685752330227,4.921888828277588
frame970,133.62183754993342,133.99467376830893,137.50732356857523,174.32490013315578,170.66045272969373,169.19440745672438,4.8165411949157715
frame971,95.39280958721704,102.4560585885486,118.4960053262317,179.36218375499334,176.4607190412783,177.44207723035953,4.724696159362793
frame972,72.84154460719041,85.30825565912117,104.43408788282291,241.85219707057257,237.91877496671106,237.58988015978696,4.861952781677246
frame973,53.533954727030626,74.26564580559254,94.46205059920106,239.01198402130493,234.6624500665779,236.77896138482024,4.940786361694336
frame974,54.16444740346205,74.05792276964048,94.90679094540613,238.68308921438083,234.1970705725699,237.21837549933423,5.002414703369141
frame975,56.717043941411454,76.76631158455393,97.30492676431425,234.72969374167775,229.79094540612516,232.74034620505992,5.03345251083374
frame976,57.78029294274301,77.78229027962716,98.73568575233023,239.01065246338214,234.98934753661786,237.02130492676432,5.05905818939209
frame977,63.6491344873502,83.07656458055925,104.7150466045273,239.6231691078562,235.60186418109188,237.63382157123834,5.077218532562256
frame978,68.45739014647137,88.04660452729694,109.85752330226364,240.96338215712385,236.24833555259653,239.27430093209054,5.083315849304199
frame979,73.69041278295606,93.06657789613848,114.89081225033289,243.939414114514,239.29560585885486,242.06458055925432,5.088947772979736
frame980,76.82290279627163,95.87949400798935,118.14247669773636,243.13715046604528,237.88415446071903,240.76098535286286,5.0954976081848145
frame981,81.63049267643143,99.72103861517976,123.05792276964048,242.18442077230358,236.04926764314249,238.76098535286286,5.098567008972168
frame982,83.89214380825565,101.85685752330227,125.46205059920106,243.26098535286286,237.34487350199734,240.66844207723037,5.10026741027832
frame983,85.19507323568575,103.02197070572569,126.54327563249001,247.00732356857523,242.0046604527297,244.4201065246338,5.093348026275635
frame984,85.01264980026632,102.74966711051931,126.31757656458056,243.70039946737683,238.4866844207723,241.25632490013317,5.08143949508667
frame985,85.66045272969374,103.29627163781625,126.62782956058588,241.4347536617843,236.0745672436751,238.73901464713714,5.076913356781006
frame986,84.48202396804261,102.19840213049268,125.66178428761651,246.3595206391478,240.70039946737683,244.7203728362184,5.079400539398193
frame987,85.05392809587217,102.52729693741678,125.80359520639148,245.81424766977364,240.74500665778962,244.14314247669773,5.081989288330078
frame988,84.34221038615179,101.91145139813582,125.21637816245007,245.91078561917445,240.91011984021304,244.75099866844207,5.092474460601807
frame989,86.21238348868175,103.35619174434088,125.57523302263648,243.4247669773635,237.4087882822903,242.23768308921439,4.70768404006958
frame990,86.47070572569906,103.50732356857523,126.0832223701731,242.754327563249,236.67776298268976,241.52463382157123,4.820378303527832
frame991,88.91877496671106,104.20639147802929,126.06591211717709,245.0079893475366,238.99733688415446,243.97603195739015,4.862946510314941
frame992,87.78561917443409,103.1837549933422,125.06657789613848,244.5958721704394,239.3994673768309,243.5745672436751,4.900404453277588
frame993,87.8288948069241,103.25166444740346,124.8069241011984,242.4474034620506,236.5572569906791,241.40479360852197,4.808487415313721
frame994,86.28761651131825,101.77896138482024,123.46537949400799,242.7842876165113,236.77363515312916,241.74034620505992,4.809118270874023
frame995,86.70306258322238,102.04993342210386,123.51731025299601,242.32157123834887,236.32556591211718,241.32157123834887,4.609987735748291
frame996,86.18974700399467,101.74633821571238,123.18575233022636,245.4953395472703,239.4953395472703,244.4953395472703,3.706627368927002
frame997,87.1051930758988,102.41478029294274,123.77762982689747,246.24900133155793,240.3115845539281,245.24900133155793,3.6890482902526855
frame998,86.35685752330227,101.8635153129161,123.08455392809587,245.8508655126498,239.86151797603196,244.8508655126498,3.6598169803619385
frame999,88.03462050599201,103.2982689747004,124.59587217043942,243.85286284953395,237.8641810918775,242.85286284953395,3.649634838104248
frame1000,87.97669773635153,103.38681757656458,124.69773635153129,242.1531291611185,236.48934753661786,241.20239680426099,3.6449267864227295
frame1001,87.38415446071905,102.68042609853529,123.72902796271637,242.20972037283622,237.85818908122502,241.37949400798934,3.639988899230957
frame1002,87.26964047936085,102.72902796271637,123.74167776298269,245.83288948069242,242.22103861517976,245.2989347536618,3.6391329765319824
frame1003,88.29693741677762,103.44141145139814,123.5745672436751,248.85219707057257,244.52862849533955,248.52862849533955,3.632905960083008
frame1004,87.16577896138482,102.38615179760319,122.61118508655126,249.59853528628494,245.31424766977364,249.31424766977364,3.629307508468628
frame1005,87.54260985352863,102.62849533954727,122.80625832223701,249.52729693741676,244.98002663115847,249.25366178428763,3.6230132579803467
frame1006,86.5039946737683,101.68308921438083,121.92476697736352,249.31424766977364,244.745672436751,249.02996005326233,3.6182479858398438
frame1007,85.0306258322237,100.21371504660453,120.33355525965379,248.22237017310252,243.88348868175765,248.22237017310252,3.612757444381714
frame1008,81.87150466045273,97.21704394141145,117.23368841544607,248.14247669773636,243.14247669773636,247.79960053262317,3.60762882232666
frame1009,79.39014647137151,94.38015978695073,113.95073235685753,248.22237017310252,242.88348868175765,247.88348868175765,3.5928268432617188
frame1010,76.22569906790946,91.5525965379494,111.19773635153129,241.3861517976032,235.8735019973369,240.62982689747005,3.573925256729126
frame1011,73.48202396804261,88.6185086551265,107.81691078561917,238.4380825565912,232.4380825565912,236.5179760319574,3.561265230178833
frame1012,68.61185086551265,83.93541944074568,103.01198402130493,235.78828229027962,230.68308921438083,234.78828229027962,3.585088014602661
frame1013,67.24434087882823,82.53462050599201,101.36950732356857,238.90013315579228,233.90013315579228,237.90013315579228,3.6462488174438477
frame1014,64.97070572569906,80.40545938748336,99.01264980026632,248.92343541944075,242.9254327563249,246.9214380825566,3.733224868774414
frame1015,66.08921438082557,81.10719041278296,98.83821571238349,254.93342210386152,250.7896138482024,251.06790945406127,3.8318428993225098
frame1016,98.66577896138482,107.79693741677762,123.09121171770973,237.728362183755,234.40146471371506,236.19840213049267,3.4805169105529785
frame1017,108.55193075898802,115.92143808255659,129.10186418109188,199.00599201065248,195.9966711051931,196.3548601864181,3.2641701698303223
frame1018,117.31025299600533,121.15778961384821,130.23568575233023,178.1051930758988,175.1051930758988,175.2157123834887,3.210345983505249
frame1019,106.34021304926765,113.56990679094541,129.04727030625833,194.29027962716378,190.86085219707059,192.60652463382158,3.197561025619507
frame1020,72.34687083888149,87.98202396804261,107.77896138482024,240.771637816245,236.73568575233023,237.41278295605858,3.3256471157073975
frame1021,70.62250332889481,87.33555259653795,107.3115845539281,240.3901464713715,236.05992010652463,238.02130492676432,3.433522939682007
frame1022,71.63249001331558,88.99334221038615,108.7190412782956,239.29094540612516,235.29094540612516,237.87882822902796,3.571990728378296
frame1023,72.57789613848202,89.83621837549933,109.3994673768309,236.83954727030627,231.0,236.51864181091878,3.7264041900634766
frame1024,74.03262316910785,91.3601864181092,112.04327563249001,237.6884154460719,232.0,236.53262316910786,3.887542247772217
frame1025,78.5925432756325,95.71438082556591,116.52063914780292,238.67509986684422,232.98868175765645,237.51464713715046,4.048835277557373
frame1026,80.60918774966711,97.83821571238349,118.66977363515313,245.7330226364847,240.11984021304926,243.39680426098536,4.217841148376465
frame1027,84.45472703062583,101.64580559254327,122.41744340878829,242.95605858854861,237.39680426098536,240.3675099866844,4.40665340423584
frame1028,88.34221038615179,105.49201065246338,126.89214380825565,242.2143808255659,236.39414114513983,239.254327563249,4.5705766677856445
frame1029,91.88814913448735,108.85419440745673,130.22237017310252,246.36018641810918,238.77030625832225,244.05326231691078,4.694446563720703
frame1030,94.69707057256991,110.50732356857523,133.1624500665779,244.84820239680425,236.9340878828229,241.9340878828229,4.770722389221191
frame1031,93.90079893475367,109.43275632490014,131.8774966711052,243.3735019973369,234.88748335552597,240.7150466045273,4.809117317199707
frame1032,93.36884154460719,108.9427430093209,131.39547270306258,245.58721704394142,239.36218375499334,243.9427430093209,4.838499546051025
frame1033,94.98468708388815,110.60252996005326,132.9440745672437,242.9866844207723,236.98535286284954,241.98402130492676,4.857571125030518
frame1034,93.81358189081224,109.54993342210386,131.93608521970705,244.69041278295606,239.20772303595206,243.69041278295606,4.868869781494141
frame1035,94.39747003994674,109.80625832223701,131.8022636484687,246.2410119840213,240.30426098535287,245.2410119840213,4.9035868644714355
frame1036,93.20705725699068,108.73368841544607,130.95006657789614,243.3688415446072,237.4214380825566,242.3688415446072,4.912571907043457
frame1037,92.10785619174435,107.67776298268974,129.66577896138483,241.79094540612516,235.85685752330227,240.79094540612516,3.5093748569488525
frame1038,91.0965379494008,106.52996005326231,128.70439414114514,238.83888149134486,232.9087882822903,237.83888149134486,3.4503769874572754
frame1039,90.30026631158455,105.40945406125167,127.33089214380826,247.0612516644474,241.12383488681758,246.0612516644474,3.500540256500244
frame1040,89.36284953395473,104.3948069241012,126.3595206391478,242.38482023968044,237.38482023968044,241.38482023968044,3.494050979614258
frame1041,89.43209054593875,104.71837549933421,126.0572569906791,241.1484687083888,236.45472703062583,240.22503328894808,3.4897937774658203
frame1042,88.2982689747004,103.22969374167776,124.94407456724367,241.9613848202397,237.237017310253,241.237017310253,3.484995126724243
frame1043,88.56990679094541,103.59320905459387,125.02463382157124,246.38482023968044,240.95406125166446,245.95406125166446,3.483510971069336
frame1044,86.8948069241012,102.00066577896139,123.6711051930759,245.0619174434088,240.0619174434088,244.0619174434088,3.4828546047210693
frame1045,86.73635153129162,101.98535286284954,123.10186418109188,248.92410119840213,243.92410119840213,248.92410119840213,3.4829742908477783
frame1046,85.20239680426099,100.49201065246338,121.70705725699068,249.16378162450067,244.0219707057257,249.0219707057257,3.483717441558838
frame1047,84.82223701731026,99.9647137150466,120.8814913448735,249.81890812250333,243.81890812250333,248.81890812250333,3.484363079071045
frame1048,83.94074567243675,99.21371504660453,120.36950732356857,249.9167776298269,244.01597869507324,248.9167776298269,3.4911768436431885
frame1049,83.89214380825565,98.98069241011984,119.86884154460719,248.81890812250333,243.81890812250333,247.92276964047937,3.5012905597686768
frame1050,82.91011984021306,98.1051930758988,119.12450066577897,249.9167776298269,243.9167776298269,248.9167776298269,3.517864942550659
frame1051,83.38615179760319,98.52596537949401,119.1398135818908,249.61118508655127,243.7150466045273,248.7150466045273,3.5339951515197754
frame1052,81.79161118508655,97.07856191744341,117.76098535286285,248.9167776298269,243.9167776298269,248.01597869507324,3.5493242740631104
frame1053,81.42010652463382,96.65978695073235,117.18242343541944,248.81890812250333,243.81890812250333,248.81890812250333,3.5680525302886963
frame1054,79.05992010652463,94.31824234354194,115.1711051930759,247.5659121171771,241.79760319573901,246.58388814913448,3.5756447315216064
frame1055,76.22436750998668,91.29094540612516,111.82556591211717,248.42077230359521,243.42077230359521,248.42077230359521,3.5691933631896973
frame1056,72.1797603195739,87.47003994673769,107.84953395472704,249.00532623169107,243.2323568575233,248.00532623169107,3.5678048133850098
frame1057,70.4034620505992,85.70772303595206,105.4953395472703,245.3029294274301,239.3035952063915,243.3035952063915,3.5823476314544678
frame1058,66.43342210386152,81.79027962716378,101.79360852197071,237.91344873501998,232.71637816245007,236.80159786950733,3.6561241149902344
frame1059,62.63515312916112,78.10719041278296,97.52197070572569,234.57922769640479,229.53262316910786,233.439414114514,3.7440593242645264
frame1060,59.61185086551265,75.99067909454061,95.40412782956058,232.5525965379494,227.5525965379494,231.4780292942743,3.912022352218628
frame1061,58.29893475366178,74.73968042609853,93.22037283621837,238.02396804260985,232.00266311584554,235.90945406125167,4.188234806060791
frame1062,55.57656458055926,72.22103861517976,90.41744340878829,247.84553928095872,241.61984021304926,244.82956058588547,4.53923225402832
frame1063,58.815579227696404,73.91611185086552,92.12117177097204,254.9966711051931,251.17043941411453,252.73368841544607,4.779576778411865
frame1064,99.24167776298269,106.03661784287617,121.12050599201065,186.21238348868175,183.43741677762983,183.98468708388816,4.4844489097595215
frame1065,119.50266311584554,122.14247669773636,129.35419440745673,180.56324900133157,177.56324900133157,178.50066577896138,3.8728232383728027
frame1066,89.80159786950732,96.90479360852197,112.74234354194408,177.85818908122502,175.08655126498002,176.08655126498002,3.24129319190979
frame1067,81.34420772303595,91.07656458055925,110.06258322237018,225.64447403462052,221.14314247669773,221.68974700399468,3.214560031890869
frame1068,49.91611185086551,69.35153129161118,90.90878828229027,240.60585885486017,236.32356857523303,237.9780292942743,3.6416661739349365
frame1069,47.28894806924101,67.37483355525966,88.97403462050599,236.69241011984022,232.69241011984022,234.69241011984022,3.889633893966675
frame1070,47.13382157123835,67.4121171770972,89.14713715046605,234.43142476697736,229.0,232.86284953395472,4.1525750160217285
frame1071,48.413448735019976,68.20639147802929,89.8162450066578,237.44673768308922,232.21238348868175,236.0745672436751,4.402655601501465
frame1072,51.07523302263648,71.23035952063915,92.9387483355526,238.43142476697736,233.19573901464713,236.0652463382157,4.853842735290527
frame1073,54.47070572569907,74.58721704394141,96.32756324900133,240.8861517976032,235.9553928095872,239.13182423435418,5.042495250701904
frame1074,55.80359520639148,75.9693741677763,98.08055925432757,239.06324900133157,234.08122503328894,237.49600532623168,5.0745930671691895
frame1075,59.32623169107856,79.1364846870839,101.30559254327564,239.05326231691078,234.46205059920106,237.98335552596538,5.081173419952393
frame1076,61.340213049267646,81.06458055925432,103.87416777629826,240.50599201065248,235.80492676431425,238.86151797603196,5.084600448608398
frame1077,63.86817576564581,83.32290279627163,106.26564580559254,239.0972037283622,233.99600532623168,236.52130492676432,5.083304405212402
frame1078,62.51131824234354,82.23435419440746,105.12383488681758,236.26564580559256,230.73501997336885,233.73501997336885,5.082332134246826
frame1079,62.949400798934754,82.35153129161118,105.12649800266311,241.3115845539281,235.1271637816245,238.89747003994674,5.079747676849365
frame1080,62.56258322237017,82.26897470039947,104.97536617842876,241.21171770972038,234.74034620505992,238.3948069241012,5.079301357269287
frame1081,64.01997336884155,82.30892143808255,104.29893475366178,240.22902796271637,233.74500665778962,238.08988015978696,5.079640865325928
frame1082,63.26364846870839,81.8242343541944,103.92876165113182,238.08255659121173,231.7330226364847,236.22769640479362,5.081136226654053
frame1083,64.33621837549933,82.72969374167776,104.72170439414114,241.4247669773635,235.19507323568575,239.6271637816245,5.081821918487549
frame1084,63.62583222370173,82.19973368841545,104.42410119840213,240.8641810918775,234.6537949400799,238.80026631158455,5.081893444061279
frame1085,64.29627163781625,82.54593874833556,104.66245006657789,239.60719041278296,233.91611185086552,238.16910785619174,5.082218647003174
frame1086,63.47270306258322,81.88948069241012,104.15046604527296,237.87083888149135,232.6664447403462,236.439414114514,5.0819091796875
frame1087,64.0,82.17842876165113,104.16378162450067,237.95272969374167,232.68442077230358,236.65046604527296,5.081588268280029
frame1088,63.28695073235686,81.33954727030626,103.38615179760319,239.05126498002664,233.21837549933423,237.41810918774968,5.08096170425415
frame1089,63.9693741677763,81.83621837549933,103.8115845539281,241.17842876165113,235.19440745672438,239.98468708388816,5.080652713775635
frame1090,63.022636484687084,81.06924101198402,102.89813581890812,240.43209054593873,234.48535286284954,239.43209054593873,5.078787803649902
frame1091,63.599866844207725,81.6797603195739,103.46205059920106,238.52396804260985,233.39347536617842,237.52396804260985,5.075395584106445
frame1092,62.60386151797603,80.77363515312916,102.62916111850865,239.98135818908122,234.5832223701731,238.5832223701731,5.067902565002441
frame1093,64.89280958721704,82.23368841544607,103.8994673768309,237.6271637816245,232.16444740346205,236.16444740346205,5.068058490753174
frame1094,63.84287616511318,81.3242343541944,102.90878828229027,237.09853528628494,232.09853528628494,236.09853528628494,5.0645246505737305
frame1095,64.84420772303595,82.10319573901465,103.58455392809587,237.77030625832225,232.77030625832225,236.77030625832225,5.062819480895996
frame1096,63.57123834886818,80.88948069241012,102.58721704394141,237.74034620505992,232.74034620505992,236.74034620505992,5.061832427978516
frame1097,65.28229027962716,82.37949400798935,104.05525965379493,238.6098535286285,233.6098535286285,237.6098535286285,5.061367511749268
frame1098,63.78362183754993,81.19906790945406,102.93941411451398,237.80093209054593,232.80093209054593,236.80093209054593,5.060731887817383
frame1099,64.84021304926765,81.90013315579228,103.59054593874833,237.84886817576566,232.84886817576566,236.84886817576566,5.060417652130127
frame1100,63.021304926764316,80.44540612516644,102.14580559254327,237.80093209054593,232.80093209054593,236.80093209054593,5.05997896194458
frame1101,64.49800266311584,81.61051930758988,103.1185086551265,238.22636484687084,233.22636484687084,237.22636484687084,5.060956001281738
frame1102,61.797603195739015,79.16577896138482,100.61784287616511,238.18442077230358,233.18442077230358,237.18442077230358,5.06013822555542
frame1103,59.34753661784288,76.9387483355526,97.33288948069242,238.83222370173104,233.83222370173104,237.83222370173104,5.063293933868408
frame1104,55.97470039946737,73.83222370173102,94.11251664447404,238.13049267643143,233.13049267643143,237.13049267643143,5.059961318969727
frame1105,52.810252996005325,70.96271637816245,91.73901464713715,236.28628495339547,230.83288948069242,234.79161118508654,5.060925006866455
frame1106,48.84753661784288,67.2017310252996,87.80958721704394,234.42876165113182,228.48002663115847,232.42876165113182,5.0510735511779785
frame1107,45.784953395472705,64.14580559254327,84.64181091877496,231.79693741677764,226.6804260985353,230.6804260985353,5.037782669067383
frame1108,43.12649800266312,61.949400798934754,82.2410119840213,231.06924101198402,225.82157123834887,229.82157123834887,5.057950496673584
frame1109,42.56258322237017,61.12849533954727,81.38282290279628,237.76897470039947,232.5958721704394,235.76098535286286,5.075572490692139
frame1110,39.8901464713715,58.86884154460719,79.15113182423435,248.67776298268976,243.12916111850865,245.51398135818908,5.080437183380127
frame1111,67.15912117177098,78.65778961384821,96.21770972037284,247.96870838881492,242.60652463382158,243.2942743009321,5.086920261383057
frame1112,92.4427430093209,99.39547270306258,113.55659121171772,176.4034620505992,174.36085219707059,174.32356857523303,5.07059383392334
frame1113,125.97070572569906,126.6711051930759,130.64713715046605,176.50399467376832,173.86950732356857,174.57656458055925,5.075564861297607
frame1114,90.76964047936085,97.59520639147803,114.20639147802929,178.37549933422105,175.6404793608522,176.5219707057257,5.069600582122803
frame1115,51.46338215712383,69.12050599201065,89.29427430093209,248.4340878828229,243.66378162450067,243.51131824234355,5.08560037612915
frame1116,42.211717709720375,63.21637816245007,83.39414114513981,235.31757656458055,231.254327563249,233.6970705725699,5.086124897003174
frame1117,43.422103861517975,64.45672436750999,85.02596537949401,236.3415446071904,230.94873501997336,234.72303595206392,5.076974391937256
frame1118,44.42077230359521,65.66977363515313,86.46737683089215,236.29960053262317,230.92809587217045,234.67310252996006,5.074405193328857
frame1119,46.275632490013315,67.24500665778962,88.03395472703063,240.4294274300932,235.29760319573901,238.98135818908122,5.069361209869385
frame1120,49.06191744340879,70.79893475366178,91.91544607190413,239.13648468708388,233.89813581890812,237.75765645805592,5.066653728485107
frame1121,53.5439414114514,75.13249001331558,96.35153129161118,239.7676431424767,235.2323568575233,238.5352862849534,5.076574325561523
frame1122,55.09387483355526,76.77896138482024,98.25832223701731,240.3988015978695,235.58055925432757,239.58255659121173,5.081546783447266
frame1123,59.33155792276964,79.84287616511318,101.6844207723036,240.0612516644474,234.77896138482024,239.08388814913448,5.07965087890625
frame1124,63.418109187749664,82.83821571238349,105.72636484687084,241.19107856191744,235.49933422103862,238.9154460719041,5.080477237701416
frame1125,64.11784287616511,83.32689747003995,105.82956058588549,238.46870838881492,232.84021304926765,235.8029294274301,5.0778045654296875
frame1126,63.83022636484687,82.82556591211717,105.43675099866844,236.6757656458056,230.73368841544607,232.78162450066577,5.075624942779541
frame1127,65.09121171770973,83.95073235685753,106.54327563249001,242.54194407456725,235.11584553928097,239.58588548601864,5.072760105133057
frame1128,64.02996005326231,83.00532623169107,105.66711051930758,243.0,235.0,240.0,5.071464538574219
frame1129,64.2150466045273,83.50133155792277,105.71637816245007,241.0,232.0,238.0,5.071026802062988
frame1130,64.4600532623169,83.728362183755,105.95539280958722,242.08388814913448,234.9693741677763,240.0079893475366,5.071101665496826
frame1131,65.03395472703063,83.83821571238349,106.32756324900133,241.53595206391478,235.3688415446072,240.2057256990679,5.070989608764648
frame1132,65.25366178428762,83.66178428761651,106.64247669773636,239.98402130492676,234.98002663115847,239.9780292942743,5.070776462554932
frame1133,65.13781624500666,83.56391478029295,106.29960053262317,238.95805592543275,232.94873501997336,237.94873501997336,5.070102691650391
frame1134,65.80492676431425,84.06524633821572,107.0133155792277,238.19041278295606,232.98402130492676,237.18641810918774,5.069710731506348
frame1135,64.80625832223701,83.12450066577897,105.92276964047936,240.34354194407456,234.60918774966711,239.34354194407456,5.069207191467285
frame1136,64.79893475366178,83.0,105.86284953395473,239.3854860186418,233.6231691078562,238.3854860186418,5.070667743682861
frame1137,65.25832223701731,83.1837549933422,105.84820239680425,239.56724367509986,233.61051930758987,238.56724367509986,5.0632243156433105
frame1138,64.78628495339547,82.52796271637816,104.77430093209054,237.8202396804261,232.8202396804261,236.8202396804261,5.064866065979004
frame1139,65.33754993342211,83.04260985352863,105.02529960053262,237.27363515312916,232.2363515312916,236.27363515312916,5.065977573394775
frame1140,64.7323568575233,82.51131824234355,104.75965379494008,237.1278295605859,232.02529960053263,236.1278295605859,5.061706066131592
frame1141,65.59786950732357,83.00133155792277,104.54926764314247,237.61318242343543,232.32223701731024,236.61318242343543,5.057232856750488
frame1142,64.9647137150466,82.50932090545939,103.87350199733689,238.008655126498,232.92676431424766,236.84487350199734,5.060061454772949
frame1143,65.44007989347537,82.82223701731026,104.01864181091878,237.61251664447403,232.03595206391478,236.38681757656457,5.05920934677124
frame1144,64.4034620505992,82.84753661784288,103.20372836218375,240.22969374167775,235.14780292942743,238.98402130492676,5.059085369110107
frame1145,66.59054593874833,84.57723035952064,104.38482023968042,240.21371504660453,235.14114513981357,238.99600532623168,5.058509826660156
frame1146,64.45272969374167,82.719707057257,103.45073235685753,240.24300932090546,235.16111850865514,238.99733688415446,5.058561325073242
frame1147,65.12782956058588,83.02263648468708,103.5925432756325,240.21371504660453,235.14114513981357,238.99600532623168,5.05859375
frame1148,64.33222370173102,82.23834886817576,102.97669773635153,240.32490013315578,235.16111850865514,238.99733688415446,5.058559894561768
frame1149,64.52263648468708,82.44873501997337,102.87882822902796,239.46804260985354,234.39547270306258,238.2503328894807,5.058695316314697
frame1150,61.392809587217045,79.65978695073235,100.26631158455393,239.4906790945406,234.4087882822903,238.24500665778962,5.060662746429443
frame1151,59.061251664447404,77.37217043941412,97.55059920106525,238.1145139813582,232.5912117177097,236.47869507323568,5.057552814483643
frame1152,56.73768308921438,74.5306258322237,94.79893475366178,242.15912117177098,236.16111850865514,240.07922769640479,5.059447288513184
frame1153,53.63981358189081,71.71770972037284,91.13249001331558,236.33621837549933,230.99866844207722,234.99866844207722,5.061067581176758
frame1154,49.209720372836216,68.06857523302264,87.7237017310253,234.3288948069241,228.4034620505992,232.4034620505992,5.052147388458252
frame1155,46.98135818908123,65.97669773635153,85.28162450066579,232.482689747004,227.482689747004,231.482689747004,5.029218673706055
frame1156,42.7982689747004,62.51664447403462,83.02396804260985,233.76231691078561,228.06924101198402,231.76231691078561,5.0530829429626465
frame1157,41.67443408788282,61.268308921438084,81.69707057256991,242.5093209054594,236.44540612516644,239.7982689747004,5.076785564422607
frame1158,43.66111850865513,61.41011984021305,82.05392809587217,252.2057256990679,246.3854860186418,247.0219707057257,5.072483539581299
frame1159,89.8069241011984,97.39747003994674,112.01664447403462,212.8721704394141,208.81824234354195,209.97003994673767,5.066781997680664
frame1160,95.88948069241012,102.46671105193076,115.53728362183755,174.06724367509986,171.58655126498002,170.80559254327562,5.063848495483398
frame1161,95.62250332889481,102.48535286284954,116.16178428761651,176.11651131824235,172.8508655126498,171.45006657789614,5.061670780181885
frame1162,85.42343541944075,94.52929427430094,111.9953395472703,213.22237017310252,209.91145139813582,211.19573901464713,5.060107231140137
frame1163,43.892809587217045,64.11118508655126,84.71171770972038,242.02796271637817,238.65912117177098,239.39547270306258,5.08091926574707
frame1164,40.23501997336884,61.06191744340879,81.76830892143808,235.3515312916112,230.73768308921439,233.3515312916112,5.080328464508057
frame1165,41.55525965379494,62.47203728362184,83.271637816245,236.87882822902796,232.87882822902796,234.87882822902796,5.08261775970459
frame1166,42.18841544607191,62.88948069241012,84.07789613848202,237.0559254327563,232.82689747003994,235.2583222370173,5.081667900085449
frame1167,46.42143808255659,66.44007989347537,87.87949400798935,237.60452729693742,233.3688415446072,235.75499334221038,5.073953628540039
frame1168,49.90745672436751,70.83089214380826,92.37217043941412,241.03462050599202,236.60852197070574,239.45006657789614,5.070219993591309
frame1169,54.409454061251665,74.69107856191745,96.70572569906791,242.47137150466045,237.97470039946737,241.0479360852197,5.094297885894775
frame1170,56.427430093209054,76.8635153129161,99.07989347536618,239.76165113182424,235.1624500665779,238.80958721704394,5.09323263168335
frame1171,61.68308921438083,81.0918774966711,103.16178428761651,240.47669773635153,236.31358189081226,238.77896138482024,5.093063831329346
frame1172,62.57723035952064,82.28428761651132,104.52996005326231,239.2849533954727,234.6498002663116,237.04394141145139,5.088500499725342
frame1173,63.79427430093209,83.15379494007989,105.22969374167776,237.5306258322237,232.96870838881492,236.01398135818908,5.0832061767578125
frame1174,62.54460719041278,81.71837549933421,104.47403462050599,237.05059920106524,231.61651131824235,235.03262316910786,5.081704139709473
frame1175,62.64114513981358,81.68308921438083,104.27896138482024,239.65446071904128,234.36218375499334,236.70439414114514,5.0785136222839355
frame1176,62.41011984021305,81.9513981358189,104.50199733688416,239.36351531291612,232.61517976031956,236.05059920106524,5.076902866363525
frame1177,63.04926764314248,81.99201065246338,104.37882822902796,237.31824234354195,231.68708388814915,234.46404793608522,5.076030731201172
frame1178,63.03328894806924,82.21837549933421,104.57589880159787,239.40013315579228,234.07723035952063,237.15246338215712,5.076355457305908
frame1179,63.52063914780293,82.3288948069241,104.63448735019973,239.560585885486,234.12117177097204,237.58055925432757,5.0755295753479
frame1180,64.66178428761651,83.66844207723035,106.12916111850865,239.05193075898802,233.90213049267643,238.5659121171771,5.076371192932129
frame1181,64.54660452729694,83.1711051930759,105.44340878828228,239.1977363515313,233.89414114513983,237.58655126498002,5.076517581939697
frame1182,62.75166444740346,81.745672436751,104.09853528628496,239.3029294274301,233.85818908122502,237.79693741677764,5.0771284103393555
frame1183,65.21304926764314,82.56857523302264,104.57856191744341,238.37616511318242,232.7190412782956,237.12050599201066,5.075209617614746
frame1184,64.43408788282291,81.86218375499334,103.99267643142477,239.3368841544607,233.4600532623169,238.1930758988016,5.076113700866699
frame1185,65.28695073235686,82.38948069241012,104.23435419440746,239.50066577896138,233.49400798934752,238.28229027962718,5.074337005615234
frame1186,64.3635153129161,81.47403462050599,103.41877496671106,237.63914780292941,231.66977363515312,235.6484687083888,5.070420265197754
frame1187,65.09454061251664,82.07723035952064,103.84420772303595,239.16045272969373,233.84021304926765,238.1484687083888,5.066639423370361
frame1188,64.69374167776299,81.75632490013315,103.77296937416777,238.94540612516644,233.5046604527297,237.49400798934752,5.062647819519043
frame1189,65.02929427430094,81.8249001331558,103.70905459387484,239.06258322237017,233.50599201065248,237.5,5.061789035797119
frame1190,65.01464713715046,81.95539280958722,103.88015978695073,238.99800266311584,233.35818908122502,237.98601864181092,5.060465335845947
frame1191,65.42410119840213,82.12383488681758,103.91877496671106,238.46870838881492,233.4647137150466,237.45672436751,5.059576511383057
frame1192,64.4520639147803,81.78229027962716,103.71105193075898,237.4154460719041,232.41145139813582,236.4034620505992,5.059459686279297
frame1193,64.88681757656458,81.92010652463382,103.89014647137151,238.55392809587218,233.54993342210386,237.54194407456725,5.059267997741699
frame1194,64.58655126498003,81.87683089214381,103.9081225033289,238.53595206391478,233.53195739014646,237.52396804260985,5.059085845947266
frame1195,66.16711051930758,83.39347536617844,104.28628495339547,237.68109187749667,232.68109187749667,236.68109187749667,5.0582594871521
frame1196,65.37949400798935,82.69840213049268,103.79760319573901,238.65179760319575,233.65179760319575,237.65179760319575,5.057889938354492
frame1197,64.73768308921439,82.04061251664447,102.98934753661784,238.508655126498,233.508655126498,237.508655126498,5.057483196258545
frame1198,60.82822902796271,78.55525965379493,99.48202396804261,239.50199733688416,234.35219707057257,238.50199733688416,5.058542728424072
frame1199,58.011984021304926,75.73901464713715,96.38881491344874,240.3595206391478,234.508655126498,238.508655126498,5.0512285232543945
frame1200,54.27896138482024,72.23501997336884,92.70439414114514,239.88948069241013,234.1005326231691,238.1005326231691,5.050422668457031
frame1201,51.07589880159787,69.07323568575234,88.7723035952064,234.89347536617842,228.94540612516644,232.94540612516644,5.055079460144043
frame1202,46.47470039946737,64.71571238348868,84.6837549933422,233.5525965379494,227.60386151797604,231.60386151797604,5.044037342071533
frame1203,46.087217043941415,64.36484687083887,83.94873501997337,230.33621837549933,225.33621837549933,229.18774966711052,5.0290727615356445
frame1204,42.876165113182424,61.35019973368841,81.09786950732357,236.38082556591212,230.38082556591212,234.38082556591212,5.049761772155762
frame1205,42.656458055925434,61.011984021304926,80.76897470039947,249.50133155792278,243.95073235685751,246.48801597869507,5.068378448486328
frame1206,54.995339547270305,70.11584553928095,88.06657789613848,254.27896138482024,249.69174434087884,250.07789613848203,5.072205066680908
frame1207,92.95872170439414,99.94806924101198,115.27962716378163,176.76498002663115,174.63448735019972,174.762982689747,5.039997100830078
frame1208,91.66711051930758,98.79627163781625,113.51664447403462,175.5386151797603,173.25299600532622,173.80825565912116,5.016727924346924
frame1209,65.0792276964048,78.5133155792277,97.9513981358189,245.09320905459387,240.30825565912116,239.84087882822902,5.044339656829834
frame1210,40.766311584553925,61.775632490013315,83.17643142476697,239.02463382157123,234.89280958721704,236.82490013315578,5.081814765930176
frame1211,44.24500665778962,65.13115845539281,86.00665778961385,235.3029294274301,230.1757656458056,232.6451398135819,5.077095985412598
frame1212,43.68375499334221,64.86284953395473,86.03861517976031,235.22103861517976,230.0845539280959,233.3721704394141,5.071118354797363
frame1213,46.595872170439414,67.08521970705726,88.21571238348868,238.08588548601864,233.77430093209054,236.2416777629827,5.0668158531188965
frame1214,50.048601864181094,70.70372836218375,91.9693741677763,240.26498002663115,235.66711051930758,238.56391478029295,5.068943500518799
frame1215,54.219041278295606,74.51997336884155,95.84886817576565,240.5386151797603,235.58255659121173,238.9906790945406,5.081428527832031
frame1216,57.418109187749664,78.00133155792277,99.79693741677762,240.25565912117176,235.76498002663115,238.80426098535287,5.082200050354004
frame1217,61.34087882822903,81.41411451398136,103.59920106524633,239.0699067909454,234.6051930758988,238.06790945406127,5.084812164306641
frame1218,64.04260985352863,84.24434087882823,106.86684420772303,239.82290279627165,233.99267643142477,236.8035952063915,5.0814690589904785
frame1219,66.28295605858855,86.22636484687084,108.61917443408788,238.44340878828228,232.58854860186418,235.56391478029295,5.077401638031006
frame1220,65.76031957390147,85.21105193075898,108.24234354194408,239.84487350199734,233.55525965379493,236.77896138482024,5.07727575302124
frame1221,65.69440745672436,84.5792276964048,108.0352862849534,241.52729693741676,233.97536617842877,238.3595206391478,5.077073574066162
frame1222,65.33222370173102,84.52330226364847,107.75366178428762,241.52463382157123,232.7589880159787,238.43608521970705,5.076684951782227
frame1223,66.42143808255659,85.51264980026632,108.68708388814913,240.4027962716378,232.788948069241,238.27563249001332,5.076825141906738
frame1224,67.17310252996005,86.28162450066579,109.13848202396804,241.94474034620507,235.53661784287615,240.1178428761651,5.076407432556152
frame1225,68.56724367509986,87.80159786950732,110.54660452729694,239.47137150466045,234.03462050599202,238.62450066577895,5.0749664306640625
frame1226,68.66511318242344,88.11051930758988,110.43941411451398,239.1225033288948,234.02996005326233,239.05126498002664,5.07494592666626
frame1227,67.78894806924102,86.74167776298269,109.4600532623169,238.63315579227697,233.48468708388816,237.63315579227697,5.074844837188721
frame1228,69.58588548601864,88.00266311584554,110.37350199733689,239.4087882822903,234.06790945406127,238.4087882822903,5.07343053817749
frame1229,69.41877496671106,87.37416777629826,110.271637816245,239.0652463382157,233.45872170439415,238.0652463382157,5.073371410369873
frame1230,69.27496671105193,87.71038615179761,110.48135818908122,240.56724367509986,234.61051930758987,239.56724367509986,5.072517395019531
frame1231,69.75965379494008,86.71704394141145,109.70039946737683,238.83222370173104,233.82956058588547,237.83222370173104,5.070352077484131
frame1232,68.75565912117177,86.19041278295606,109.01131824234355,238.43275632490014,232.43342210386152,236.4733688415446,5.064610958099365
frame1233,67.9074567243675,86.15246338215712,108.82556591211717,238.03728362183756,232.6498002663116,237.03728362183756,5.062679767608643
frame1234,69.20039946737683,87.01398135818908,109.50732356857523,240.29027962716378,234.5612516644474,239.29027962716378,5.059781074523926
frame1235,69.5745672436751,87.15046604527296,109.40279627163781,238.66910785619174,233.66910785619174,237.66910785619174,5.047169208526611
frame1236,69.87483355525966,87.68641810918776,109.98934753661784,239.72969374167775,233.93608521970705,237.93608521970705,5.027608394622803
frame1237,71.13249001331558,88.64713715046605,110.68175765645806,238.96271637816244,233.96271637816244,237.96271637816244,5.016412258148193
frame1238,69.86218375499334,87.88482023968042,110.06058588548602,238.72969374167775,232.93608521970705,237.72969374167775,5.007155895233154
frame1239,71.2323568575233,89.0,110.78761651131825,238.4966711051931,233.4966711051931,237.4966711051931,4.997706413269043
frame1240,70.28894806924102,88.40279627163781,110.25565912117177,238.54727030625833,233.54727030625833,237.54727030625833,4.990793704986572
frame1241,70.59387483355526,88.59320905459387,110.04327563249001,238.47270306258324,233.47270306258324,237.47270306258324,4.985472202301025
frame1242,69.77962716378163,87.92476697736352,109.34420772303595,237.95739014647137,232.95739014647137,236.95739014647137,4.989128112792969
frame1243,71.78628495339547,88.95739014647137,110.50266311584554,237.90812250332888,232.7989347536618,236.90812250332888,4.984455585479736
frame1244,68.50932090545939,86.15446071904128,107.55525965379493,237.82157123834887,232.82157123834887,236.82157123834887,4.9850897789001465
frame1245,67.19241011984022,83.78828229027962,105.00732356857523,237.97603195739015,232.97603195739015,236.97603195739015,4.984513759613037
frame1246,63.310252996005325,80.07390146471371,101.1364846870839,238.01597869507324,232.2143808255659,236.2143808255659,4.985782146453857
frame1247,60.689747003994675,77.34354194407457,98.09054593874833,237.8548601864181,232.09320905459387,236.09320905459387,4.988821983337402
frame1248,55.473368841544605,72.64647137150466,92.99933422103861,232.94806924101198,227.06657789613848,230.94806924101198,4.995326042175293
frame1249,52.21438082556591,69.31358189081224,89.07390146471371,230.10652463382158,225.09320905459387,229.09320905459387,5.005634307861328
frame1250,47.46404793608522,65.66111850865512,85.19906790945406,230.41810918774968,224.7203728362184,228.41810918774968,5.003260612487793
frame1251,46.93608521970706,64.78761651131825,84.14247669773636,239.79693741677764,234.6311584553928,237.6324900133156,4.969025611877441
frame1252,45.731691078561916,64.09320905459387,83.262982689747,248.2729693741678,241.89280958721704,243.7063914780293,4.9752092361450195
frame1253,73.57190412782955,84.61651131824235,101.31824234354194,244.91810918774968,240.4520639147803,242.08988015978696,4.8595871925354
frame1254,95.96804260985353,102.69174434087883,116.008655126498,177.32223701731024,175.23035952063915,176.23435419440744,4.555408954620361
frame1255,98.25366178428762,103.98135818908122,118.17443408788283,175.19840213049267,171.89081225033289,172.54860186418108,3.7821221351623535
frame1256,88.27296937416777,96.6444740346205,112.94407456724367,204.02463382157123,200.7503328894807,202.16577896138483,3.089315176010132
frame1257,45.99467376830892,65.5745672436751,86.88015978695073,241.25632490013317,236.58655126498002,237.93342210386152,3.4425642490386963
frame1258,43.89880159786951,63.99267643142477,85.03794940079894,235.93342210386152,232.7796271637816,233.93541944074568,3.9253931045532227
frame1259,45.51864181091877,65.27696404793609,86.41544607190413,232.31025299600532,228.31691078561917,231.2676431424767,4.52175235748291
frame1260,45.93342210386152,65.93608521970705,86.84354194407457,234.81358189081226,229.82689747003994,232.82689747003994,4.851730823516846
frame1261,50.59121171770972,70.50998668442077,91.16511318242344,237.88015978695074,233.8721704394141,235.88814913448735,5.03214693069458
frame1262,54.81624500665779,74.27030625832224,95.48601864181092,240.1584553928096,235.7636484687084,238.1584553928096,5.079645156860352
frame1263,59.98335552596538,78.86617842876166,100.29627163781625,241.2849533954727,237.26631158455393,239.8462050599201,5.087143898010254
frame1264,63.06790945406125,81.73834886817576,104.1005326231691,241.61917443408788,237.60319573901464,240.20439414114514,5.084480285644531
frame1265,65.42476697736352,83.97203728362184,106.27030625832224,241.00599201065248,237.94207723035953,240.6011984021305,5.081322193145752
frame1266,67.6491344873502,86.30825565912117,109.17177097203728,238.491344873502,235.0306258322237,237.28162450066577,5.078874111175537
frame1267,67.95739014647137,86.87217043941412,108.92410119840213,239.35752330226364,234.1098535286285,237.01065246338214,5.079082489013672
frame1268,68.14314247669773,87.09853528628496,109.78428761651132,241.4041278295606,236.21970705725698,239.3854860186418,5.078861713409424
frame1269,68.18641810918776,86.5918774966711,109.05326231691079,240.9953395472703,234.6438082556591,238.24900133155793,5.077268600463867
frame1270,68.38814913448735,86.95073235685753,109.02796271637816,238.06258322237017,231.45406125166446,235.75965379494008,5.074446201324463
frame1271,68.08455392809587,86.96271637816245,108.87616511318242,239.50665778961385,233.47003994673767,237.75699067909454,5.068676471710205
frame1272,69.8555259653795,87.219707057257,109.78961384820239,238.77230359520638,232.7762982689747,235.525965379494,5.063483715057373
frame1273,71.12649800266311,88.45073235685753,110.64713715046605,238.9440745672437,232.18774966711052,235.10652463382158,5.058803081512451
frame1274,71.04460719041278,88.46604527296937,111.01797603195739,240.16111850865514,234.00399467376832,237.008655126498,5.056063652038574
frame1275,71.55326231691079,88.94940079893475,111.29360852197071,241.33222370173104,235.95605858854861,238.8029294274301,5.053258895874023
frame1276,70.4953395472703,87.86284953395473,110.65113182423435,239.55659121171772,232.9440745672437,235.70039946737683,5.036429405212402
frame1277,70.71238348868175,88.30026631158455,110.73435419440746,239.60386151797604,233.43675099866843,237.91478029294274,5.012634754180908
frame1278,70.0572569906791,87.55525965379493,110.30892143808255,239.40545938748335,233.22636484687084,236.86551264980028,4.986595153808594
frame1279,68.55858854860186,86.34154460719041,108.45805592543276,239.18974700399468,233.84021304926765,238.13448735019972,4.848282814025879
frame1280,70.91145139813582,88.01797603195739,110.33422103861518,240.2017310252996,234.20239680426099,238.72170439414114,5.00792121887207
frame1281,70.64247669773636,87.96804260985353,109.92809587217045,238.86684420772303,233.27896138482024,237.8641810918775,4.982924938201904
frame1282,70.30559254327564,87.45006657789614,109.57723035952064,237.2669773635153,232.2669773635153,236.2669773635153,4.979874610900879
frame1283,70.75699067909454,87.63781624500666,109.43408788282291,240.16378162450067,234.27030625832225,238.27030625832225,4.974295139312744
frame1284,71.51930758988016,88.60918774966711,109.35352862849534,238.87483355525964,232.90812250332888,236.90812250332888,4.981719493865967
frame1285,72.54727030625833,89.54993342210386,110.15712383488682,237.8948069241012,232.8948069241012,236.8948069241012,4.975327014923096
frame1286,71.01398135818908,88.43009320905459,108.95472703062583,237.8375499334221,232.83222370173104,236.8375499334221,4.975231647491455
frame1287,71.84953395472704,88.79427430093209,109.3288948069241,237.86551264980028,232.86551264980028,236.86551264980028,4.970005989074707
frame1288,70.67310252996005,87.77829560585886,108.69241011984022,236.86817576564582,231.86284953395472,235.86817576564582,4.969583034515381
frame1289,70.245672436751,87.5352862849534,108.0832223701731,236.9041278295606,231.8948069241012,235.9041278295606,4.968772888183594
frame1290,70.83621837549933,87.89680426098535,108.46271637816245,236.98801597869507,231.97470039946737,235.98801597869507,4.966464519500732
frame1291,69.48868175765645,86.60785619174435,108.0479360852197,236.9873501997337,231.9873501997337,235.9873501997337,4.9674530029296875
frame1292,66.57789613848202,83.16178428761651,104.74633821571238,237.98002663115847,232.97470039946737,236.98002663115847,4.9675116539001465
frame1293,64.0918774966711,80.77097203728363,101.42343541944075,238.83422103861517,232.86284953395472,237.82490013315578,4.968843460083008
frame1294,62.065246338215715,78.57390146471371,99.24633821571238,238.8335552596538,232.86351531291612,236.86351531291612,4.971893310546875
frame1295,59.603195739014645,76.28362183754993,96.06790945406125,237.22636484687084,231.22636484687084,235.22636484687084,4.981130599975586
frame1296,54.32822902796271,71.51997336884155,92.23368841544607,231.54327563249,225.62117177097204,229.54860186418108,4.983795642852783
frame1297,51.96138482023968,69.3601864181092,89.79027962716378,228.99334221038615,223.87816245006658,227.87816245006658,4.996389389038086
frame1298,48.49267643142477,66.18908122503329,86.65113182423435,236.08388814913448,230.9693741677763,234.08388814913448,4.995884418487549
frame1299,47.14513981358189,65.01864181091878,85.00732356857523,243.58055925432757,238.10652463382158,241.1358189081225,4.953441143035889
frame1300,48.041278295605856,65.22170439414114,85.18109187749667,253.21304926764313,248.09520639147803,247.90545938748335,4.91398811340332
frame1301,92.31424766977364,99.62250332889481,114.40079893475367,201.39680426098536,197.80159786950733,198.74034620505992,4.677036762237549
frame1302,102.85619174434088,108.47203728362184,119.36284953395473,174.40612516644475,171.68242343541945,171.08122503328894,4.0813984870910645
frame1303,92.53861517976031,99.62250332889481,115.13848202396804,174.52729693741676,171.87882822902796,172.56324900133157,3.287668228149414
frame1304,65.24367509986685,78.56657789613848,98.09454061251664,240.85885486018643,235.3768308921438,236.40013315579228,3.099888324737549
frame1305,44.383488681757655,64.26031957390147,85.05326231691079,237.22503328894808,233.7856191744341,235.1930758988016,3.498530387878418
frame1306,44.656458055925434,64.5925432756325,85.47736351531292,234.37416777629826,230.711051930759,233.03595206391478,4.002835750579834
frame1307,45.968042609853526,65.68175765645806,86.2723035952064,232.85286284953395,228.8561917443409,231.76031957390146,4.591841220855713
frame1308,48.21438082556591,67.99001331557923,88.97137150466045,237.314913448735,233.271637816245,235.314913448735,4.908342361450195
frame1309,52.87017310252996,72.1051930758988,93.11318242343542,239.13848202396804,234.53794940079894,237.4380825565912,5.059899806976318
frame1310,54.70572569906791,74.4074567243675,95.83488681757656,239.86684420772303,235.48801597869507,238.54127829560585,5.079754829406738
frame1311,60.04194407456724,78.60785619174435,101.10119840213049,236.78695073235687,231.33555259653795,235.53395472703062,5.081411838531494
frame1312,61.74500665778962,80.37483355525966,103.39880159786951,236.16977363515312,230.73768308921439,234.4387483355526,5.078094005584717
frame1313,65.50932090545939,83.67909454061251,107.02796271637816,240.39813581890812,233.7676431424767,237.13315579227697,5.073880672454834
frame1314,66.89081225033289,85.37416777629826,108.73568575233023,237.3209054593875,231.44007989347537,234.6577896138482,5.072740077972412
frame1315,67.55059920106525,85.60319573901465,108.9474034620506,236.5093209054594,230.31757656458055,233.74900133155793,5.071919918060303
frame1316,68.74966711051931,87.01065246338216,109.84021304926765,243.5798934753662,235.93209054593873,240.44340878828228,5.072874069213867
frame1317,67.07390146471371,85.16311584553928,108.36750998668442,240.09786950732357,231.6964047936085,236.93741677762983,5.074261665344238
frame1318,66.76364846870838,85.13715046604527,108.2762982689747,240.33555259653795,232.9034620505992,238.56324900133157,5.0734734535217285
frame1319,68.96737683089215,86.79960053262317,109.87416777629826,242.60852197070574,237.55126498002664,241.54993342210386,5.071681976318359
frame1320,68.55126498002663,86.8728362183755,109.63848202396804,241.32490013315578,235.36218375499334,240.29960053262317,5.070309638977051
frame1321,70.5439414114514,88.49201065246338,110.7410119840213,239.48002663115847,234.47203728362183,239.33555259653795,5.0689473152160645
frame1322,67.45805592543276,85.90146471371504,108.7190412782956,240.66711051930758,235.07123834886818,239.66045272969373,5.0665764808654785
frame1323,70.77363515312916,88.23901464713715,110.27296937416777,238.9214380825566,233.2982689747004,237.9214380825566,5.058564186096191
frame1324,69.38082556591212,86.90679094540613,108.79427430093209,240.2143808255659,234.2942743009321,239.2143808255659,5.0424699783325195
frame1325,69.5306258322237,86.49933422103861,108.50332889480693,238.84420772303596,232.8821571238349,237.84420772303596,5.02653169631958
frame1326,67.34021304926765,84.75299600532624,106.88548601864181,237.49467376830893,231.52796271637817,236.49467376830893,5.012024879455566
frame1327,68.20972037283622,85.74966711051931,107.77962716378163,236.83089214380826,231.63781624500666,235.83089214380826,4.954230308532715
frame1328,67.31424766977364,85.20106524633822,107.15446071904128,237.69507323568575,232.1051930758988,236.69507323568575,5.022816181182861
frame1329,69.38548601864181,86.93541944074568,108.91278295605859,238.23834886817576,233.23834886817576,237.23834886817576,5.001274108886719
frame1330,68.11584553928095,85.7676431424767,107.39880159786951,239.93342210386152,234.93342210386152,238.93342210386152,4.99587345123291
frame1331,69.15845539280959,86.0392809587217,107.84687083888149,238.5745672436751,233.5745672436751,237.5745672436751,4.988643646240234
frame1332,69.68974700399467,87.10985352862849,108.76431424766977,238.7323568575233,233.68575233022636,237.7323568575233,4.992208957672119
frame1333,69.69241011984022,86.6491344873502,108.42476697736352,238.64780292942743,233.54727030625833,237.64780292942743,4.987900733947754
frame1334,68.48202396804261,85.9427430093209,107.5918774966711,238.59986684420772,233.5046604527297,237.59986684420772,4.986780166625977
frame1335,69.72103861517976,87.01997336884155,108.71304926764314,239.65179760319575,234.42077230359521,238.65179760319575,4.986758708953857
frame1336,69.37416777629826,86.53794940079894,108.68641810918776,238.19440745672438,233.05193075898802,237.19440745672438,4.9872212409973145
frame1337,70.58055925432757,87.56790945406125,109.45672436750999,238.1804260985353,233.03595206391478,237.1804260985353,4.985217571258545
frame1338,68.94007989347537,86.47003994673769,108.48801597869507,238.61517976031956,233.61318242343543,237.60918774966711,4.985788822174072
frame1339,66.87017310252996,84.03861517976031,105.53861517976031,237.35885486018643,232.25233022636485,236.34487350199734,4.985514163970947
frame1340,64.69174434087883,82.04727030625833,103.36950732356857,238.2762982689747,233.1884154460719,237.27030625832225,4.986501216888428
frame1341,62.12117177097204,79.1271637816245,100.48402130492677,239.02529960053263,233.04061251664447,237.11251664447403,4.988069534301758
frame1342,58.75632490013316,76.17643142476697,97.2809587217044,238.61051930758987,232.65046604527296,236.65046604527296,4.996465682983398
frame1343,55.02529960053263,72.33089214380826,93.26431424766977,232.52396804260985,226.52396804260985,230.52396804260985,5.007291316986084
frame1344,51.54926764314248,69.59986684420772,90.15845539280959,231.65645805592544,226.3162450066578,230.29760319573901,5.013716220855713
frame1345,48.33688415446072,66.28362183754993,86.79893475366178,229.01398135818908,224.01398135818908,227.6790945406125,5.008271217346191
frame1346,45.88881491344873,64.58921438082557,84.65379494007989,237.46338215712385,232.33288948069242,235.43541944074568,4.994173049926758
frame1347,46.73834886817576,64.08655126498003,83.8681757656458,246.53728362183756,240.8641810918775,242.37150466045273,4.996853828430176
frame1348,56.404127829560586,71.53462050599201,91.05126498002663,252.8721704394141,249.3209054593875,249.4474034620506,5.026030540466309
frame1349,94.4121171770972,101.81491344873503,116.06790945406125,176.00266311584554,173.95406125166446,174.00266311584554,4.996427536010742
frame1350,136.525965379494,136.77363515312916,138.92210386151797,173.53595206391478,171.02396804260985,170.60918774966711,5.027603626251221
frame1351,114.3249001331558,117.21304926764314,125.49467376830893,175.93675099866843,172.97203728362183,172.0386151797603,5.04249906539917
frame1352,90.66045272969374,97.95672436750999,113.39347536617844,182.7103861517976,179.80492676431425,180.77696404793608,5.045965671539307
frame1353,48.09520639147803,67.78295605858855,88.16511318242344,244.28828229027962,239.27496671105192,239.6631158455393,5.067548751831055
frame1354,43.88482023968042,64.40013315579228,85.06258322237018,237.2316910785619,234.22636484687084,235.2316910785619,5.066432476043701
frame1355,44.87017310252996,65.43342210386152,85.99067909454061,232.24300932090546,228.41344873501998,231.0878828229028,5.071243762969971
frame1356,46.0965379494008,66.51664447403462,87.05992010652463,231.96804260985354,227.97070572569908,230.96804260985354,5.0732903480529785
frame1357,48.72303595206392,68.58388814913448,89.26631158455393,236.9254327563249,232.9254327563249,234.9254327563249,5.071487903594971
frame1358,52.03528628495339,72.2849533954727,92.94074567243675,240.06924101198402,235.58521970705726,238.07190412782955,5.0807785987854
frame1359,56.22769640479361,75.77097203728363,97.1005326231691,243.81691078561917,239.81691078561917,242.5845539280959,5.081674098968506
frame1360,60.46138482023968,80.06524633821572,101.51930758988016,244.04727030625833,239.35752330226364,242.0659121171771,5.082552909851074
frame1361,63.23968042609854,82.39680426098535,104.57057256990679,241.2796271637816,237.6884154460719,240.68308921438083,5.080206394195557
frame1362,67.21438082556591,86.48868175765645,108.5479360852197,239.51864181091878,236.20239680426099,238.35818908122502,5.076015949249268
frame1363,67.6491344873502,87.02596537949401,109.65645805592543,238.90812250332888,234.0612516644474,236.51398135818908,5.073793411254883
frame1364,68.07723035952064,87.57256990679095,110.27496671105193,239.49001331557923,234.52330226364847,236.4087882822903,5.072152614593506
frame1365,67.48468708388815,86.77296937416777,109.44007989347537,241.8462050599201,236.14580559254327,238.74633821571237,5.0712809562683105
frame1366,67.79893475366178,86.9081225033289,109.62316910785619,239.85552596537948,233.94474034620507,237.0958721704394,5.070430755615234
frame1367,68.18708388814913,86.86950732356857,109.60186418109188,240.16910785619174,234.6178428761651,238.34087882822902,5.070046424865723
frame1368,68.30093209054594,87.57057256990679,110.11451398135819,242.01398135818908,235.77896138482024,240.11717709720372,5.0715556144714355
frame1369,68.59387483355526,87.29760319573901,109.65312916111851,240.76564580559256,234.62849533954727,238.89214380825567,5.0690999031066895
frame1370,68.94873501997337,87.94673768308921,110.23768308921439,238.36284953395472,232.73968042609854,236.80625832223703,5.069577693939209
frame1371,69.04660452729694,87.35685752330227,109.72103861517976,236.80758988015978,231.64447403462052,235.84420772303596,5.069198131561279
frame1372,69.20838881491345,87.99267643142477,109.9960053262317,241.49334221038615,235.35885486018643,239.87616511318242,5.066274642944336
frame1373,69.41478029294274,87.75099866844208,109.74434087882823,239.54527296937417,233.40079893475365,237.71171770972038,5.059003829956055
frame1374,67.82756324900133,86.20106524633822,108.37483355525966,238.35752330226364,232.88082556591212,237.26098535286286,5.047177791595459
frame1375,71.17643142476697,87.69507323568575,110.14513981358189,237.18974700399468,231.9906790945406,236.18974700399468,5.030511856079102
frame1376,71.29294274300932,88.07390146471371,110.41744340878829,239.8242343541944,234.14181091877498,238.8242343541944,5.006906032562256
frame1377,70.73968042609853,87.12982689747004,109.5878828229028,241.2809587217044,235.35286284953395,239.35286284953395,5.03920316696167
frame1378,69.81424766977364,86.53129161118508,108.87350199733689,239.70705725699068,234.70705725699068,238.70705725699068,5.028468132019043
frame1379,69.37816245006658,85.75699067909454,108.11451398135819,238.5925432756325,233.5925432756325,237.5925432756325,5.009784698486328
frame1380,69.38548601864181,85.91011984021306,108.19640479360852,238.83488681757657,233.82689747003994,237.83488681757657,5.001513957977295
frame1381,69.57789613848202,85.92609853528629,108.2150466045273,237.75099866844207,232.7416777629827,236.75099866844207,5.003542423248291
frame1382,70.4034620505992,87.20505992010652,109.26897470039947,237.94007989347537,232.86484687083887,236.94007989347537,4.99626350402832
frame1383,70.08588548601864,86.61784287616511,108.58388814913448,238.10252996005326,233.0126498002663,237.10252996005326,4.989217758178711
frame1384,70.85885486018641,87.6930758988016,109.68175765645806,237.58588548601864,232.53728362183756,236.58588548601864,4.982545375823975
frame1385,70.30559254327564,86.65113182423435,108.91611185086552,238.10252996005326,233.0126498002663,237.10252996005326,4.977038860321045
frame1386,69.93675099866844,87.01065246338216,108.97003994673769,238.6617842876165,233.54593874833554,237.6617842876165,4.976604461669922
frame1387,68.60785619174435,85.85685752330227,108.15645805592543,237.28628495339547,232.28628495339547,236.28628495339547,4.976444721221924
frame1388,65.32157123834887,83.29427430093209,105.2276964047936,238.7316910785619,233.61185086551265,237.7316910785619,4.977998733520508
frame1389,63.17842876165113,80.86484687083887,102.81491344873503,238.8948069241012,233.02529960053263,237.8948069241012,4.980314254760742
frame1390,59.80758988015979,77.95472703062583,99.43941411451398,238.42210386151797,232.4427430093209,236.4820239680426,4.996086120605469
frame1391,58.304926764314246,75.60252996005326,96.8202396804261,238.28695073235687,233.1930758988016,237.1930758988016,5.0049614906311035
frame1392,54.82223701731025,72.52063914780292,93.46737683089215,230.96604527296938,224.96804260985354,228.96804260985354,5.012694835662842
frame1393,51.524633821571236,69.3202396804261,90.23968042609853,230.29094540612516,224.49267643142477,228.30026631158455,5.015322685241699
frame1394,47.852862849533956,66.11318242343542,86.83288948069242,233.1964047936085,227.39680426098536,231.39680426098536,5.012147426605225
frame1395,45.590545938748335,64.19507323568575,84.82223701731026,243.3368841544607,237.86950732356857,240.8994673768309,4.992377281188965
frame1396,44.231691078561916,63.21105193075899,83.79027962716378,249.39347536617842,242.38015978695074,244.7842876165113,4.998826026916504
frame1397,84.94207723035952,93.93075898801598,110.14647137150466,227.9693741677763,224.1011984021305,225.5,4.878916263580322
frame1398,94.0612516644474,101.18109187749667,115.76964047936085,177.42343541944075,174.96404793608522,176.4154460719041,4.63830041885376
frame1399,93.88948069241012,101.10719041278296,117.33754993342211,174.7683089214381,172.22769640479362,172.05525965379493,4.002801895141602
frame1400,81.52529960053262,91.46271637816245,109.25033288948069,224.18308921438083,219.6757656458056,221.08255659121173,3.2917847633361816
frame1401,44.65046604527297,64.63848202396804,86.55193075898802,239.95339547270305,235.7063914780293,237.23368841544607,3.7650630474090576
frame1402,42.90079893475366,63.297603195739015,85.45406125166444,234.70306258322236,230.47936085219706,232.46870838881492,4.725252151489258
frame1403,44.53861517976032,64.60852197070572,86.69241011984022,232.64580559254327,228.22769640479362,231.62050599201066,5.011910915374756
frame1404,47.21438082556591,67.81691078561917,89.7676431424767,236.51131824234355,231.32956058588547,234.6930758988016,5.051560878753662
frame1405,49.623834886817576,70.14247669773636,91.98402130492677,237.9607190412783,232.0392809587217,236.9214380825566,5.057511806488037
frame1406,53.7103861517976,74.08655126498003,96.58055925432757,238.4953395472703,232.64780292942743,237.45272969374167,5.076364040374756
frame1407,56.12316910785619,76.40279627163781,99.13115845539281,238.54660452729695,233.27363515312916,237.87549933422105,5.076920509338379
frame1408,60.64780292942743,80.80758988015978,104.17643142476697,239.89414114513983,234.6531291611185,238.48868175765645,5.079117298126221
frame1409,63.546604527296935,83.69773635153129,107.60319573901465,239.81091877496672,233.87882822902796,237.33089214380826,5.079011917114258
frame1410,67.49467376830893,87.5832223701731,111.5486018641811,235.47203728362183,230.46804260985354,233.65512649800266,5.074514865875244
frame1411,66.74966711051931,86.42809587217045,110.24234354194408,241.8202396804261,234.88282290279628,239.36218375499334,5.07467794418335
frame1412,67.3641810918775,86.84820239680425,110.69241011984022,243.47137150466045,236.42809587217045,240.55992010652463,5.074665546417236
frame1413,67.53129161118508,86.45539280958722,110.33954727030626,240.30892143808256,232.7496671105193,237.74300932090546,5.073642730712891
frame1414,69.30892143808255,87.64580559254327,111.27296937416777,241.31291611185085,234.68575233022636,238.51531291611184,5.07132625579834
frame1415,68.40213049267643,86.46537949400799,110.02729693741678,241.31025299600532,236.30093209054593,239.7496671105193,5.071287631988525
frame1416,69.38814913448735,87.57523302263648,111.13515312916113,241.14713715046605,234.82223701731024,239.19241011984022,5.070997714996338
frame1417,68.70705725699068,86.7809587217044,110.30226364846871,239.13315579227697,232.8468708388815,237.2636484687084,5.070566654205322
frame1418,68.87083888149135,86.97270306258322,110.42676431424766,238.53395472703062,233.04194407456725,236.9780292942743,5.0701375007629395
frame1419,68.762982689747,86.65778961384821,109.84087882822902,239.89680426098536,234.70306258322236,238.94207723035953,5.069662094116211
frame1420,69.52929427430094,87.45739014647137,110.45272969374167,241.23035952063915,235.254327563249,240.0785619174434,5.069015979766846
frame1421,68.72103861517976,86.53262316910785,109.45472703062583,239.5925432756325,233.59387483355525,238.47470039946737,5.06602144241333
frame1422,69.53395472703063,87.24966711051931,110.29427430093209,238.03262316910786,231.98801597869507,236.88082556591212,5.057854175567627
frame1423,69.84087882822902,87.19906790945406,110.1711051930759,241.3854860186418,235.3861517976032,240.3854860186418,5.037082672119141
frame1424,69.46138482023969,87.05592543275633,109.55925432756325,238.61917443408788,233.0572569906791,237.61917443408788,5.018453121185303
frame1425,68.50532623169107,86.0,108.35286284953395,240.23568575233023,234.4121171770972,239.23568575233023,5.029282093048096
frame1426,69.80292942743009,86.83688415446072,109.47137150466045,238.63781624500666,233.3202396804261,236.68641810918774,5.022010326385498
frame1427,70.32756324900133,87.08521970705726,109.47137150466045,238.66045272969373,233.5266311584554,237.27097203728363,5.0006561279296875
frame1428,70.95472703062583,87.66711051930758,110.22237017310253,238.07922769640479,232.92676431424766,236.62183754993342,4.990173816680908
frame1429,71.01065246338216,87.66777629826898,110.23368841544607,238.1584553928096,233.01531291611184,236.76897470039947,4.985134124755859
frame1430,71.78362183754993,88.4513981358189,111.33288948069242,237.1098535286285,231.95739014647137,235.65246338215712,4.976734161376953
frame1431,71.01797603195739,87.66178428761651,110.38548601864181,237.1451398135819,232.01531291611184,236.59054593874833,4.9773454666137695
frame1432,71.02663115845539,87.72902796271637,110.5046604527297,237.18774966711052,232.03195739014646,235.73035952063915,4.976726531982422
frame1433,70.02463382157124,86.65845539280959,109.44873501997337,237.92276964047937,232.79294274300932,236.53328894806924,4.977220058441162
frame1434,70.90079893475367,87.34420772303595,110.32556591211717,237.86950732356857,232.71704394141145,236.4121171770972,4.974291801452637
frame1435,68.68109187749667,85.28295605858855,107.93475366178428,237.0392809587217,232.0392809587217,236.0392809587217,4.975539684295654
frame1436,65.7809587217044,82.63715046604527,105.11784287616511,237.96205059920106,232.95872170439415,236.97003994673767,4.975887298583984
frame1437,62.15179760319574,79.09054593874833,100.81091877496671,238.9387483355526,232.9733688415446,237.9387483355526,4.97813606262207
frame1438,60.17177097203729,77.8948069241012,98.43342210386152,238.91611185086552,232.93075898801598,236.93075898801598,4.9915008544921875
frame1439,55.659786950732354,73.38015978695073,93.36551264980027,234.63914780292941,229.2190412782956,232.63914780292941,4.9967169761657715
frame1440,51.59520639147803,69.78961384820239,89.66644474034621,230.95339547270305,225.7363515312916,229.7363515312916,5.005895137786865
frame1441,48.909454061251665,67.1318242343542,86.93675099866844,228.2103861517976,222.9340878828229,226.9340878828229,5.008299350738525
frame1442,47.491344873501994,65.8681757656458,85.44207723035952,234.82356857523303,229.79294274300932,232.82356857523303,4.94515323638916
frame1443,45.31757656458056,63.526631158455395,83.04993342210386,245.23834886817576,239.93741677762983,242.525965379494,4.956206798553467
frame1444,48.12050599201065,65.3242343541944,85.15845539280959,253.52330226364847,249.92743009320907,249.9520639147803,4.919527530670166
frame1445,91.7849533954727,98.68242343541944,113.71105193075898,184.2157123834887,181.49800266311584,181.79227696404794,4.759389400482178
frame1446,117.0745672436751,119.77962716378163,127.27296937416777,173.07589880159787,170.14247669773636,168.86817576564582,4.4787750244140625
frame1447,131.79693741677764,131.49400798934752,134.84354194407456,178.43675099866843,174.97869507323568,173.84820239680425,4.684047222137451
frame1448,91.09920106524633,98.21371504660453,114.19374167776299,174.73501997336885,172.19440745672438,172.2017310252996,4.861105918884277
frame1449,55.788282290279625,72.88415446071905,92.7589880159787,246.2496671105193,241.2589880159787,241.2676431424767,5.030886173248291
frame1450,42.707723035952064,63.366844207723034,83.52130492676432,236.8468708388815,232.3288948069241,234.58122503328894,5.063651084899902
frame1451,44.02796271637816,64.728362183755,84.38082556591212,233.72436750998668,229.98868175765645,232.39081225033289,5.07405948638916
frame1452,43.165778961384824,63.74367509986684,84.54127829560586,231.12117177097204,227.0559254327563,230.12117177097204,5.07097864151001
frame1453,47.81291611185087,67.98735019973368,88.63515312916113,236.10386151797604,231.06924101198402,234.13848202396804,5.061070919036865
frame1454,50.262982689747005,70.98735019973368,91.74633821571238,237.36085219707059,232.34753661784288,235.41810918774968,5.062050819396973
frame1455,54.86750998668442,75.35419440745673,96.34553928095872,242.21171770972038,238.21171770972038,240.96671105193076,5.075135231018066
frame1456,57.99400798934754,78.16511318242344,99.30159786950732,240.5572569906791,236.51664447403462,238.81557922769642,5.079503536224365
frame1457,61.88482023968042,81.55792276964048,102.65446071904128,239.69507323568575,236.31824234354195,239.16910785619174,5.081610202789307
frame1458,64.72569906790946,84.37683089214381,106.10585885486019,239.2017310252996,234.93675099866843,237.09320905459387,5.077348232269287
frame1459,67.21304926764314,86.79294274300932,108.2237017310253,237.73768308921439,232.67709720372835,235.22503328894808,5.07753324508667
frame1460,66.84420772303595,86.23635153129162,108.0352862849534,238.81358189081226,234.62383488681758,236.85552596537948,5.076135158538818
frame1461,65.92609853528629,85.17310252996005,106.88415446071905,240.10585885486017,235.51664447403462,236.98801597869507,5.075623035430908
frame1462,67.13848202396804,86.61717709720372,108.40679094540613,238.0965379494008,233.47869507323568,236.00199733688416,5.07516622543335
frame1463,68.34886817576565,87.66245006657789,109.43608521970705,241.80492676431425,236.77097203728363,240.83222370173104,5.073807239532471
frame1464,67.86684420772303,87.12316910785619,109.01731025299601,241.58189081225032,235.18908122503328,238.31291611185085,5.074245929718018
frame1465,68.33089214380826,87.49201065246338,109.09520639147803,240.91810918774968,234.17376830892144,237.33155792276963,5.073136329650879
frame1466,68.81091877496671,87.56990679094541,109.55925432756325,239.10918774966711,233.13848202396804,236.41877496671106,5.072141170501709
frame1467,70.07057256990679,88.22237017310253,109.73901464713715,241.7323568575233,236.30559254327562,240.3515312916112,5.071834087371826
frame1468,68.68508655126497,86.84420772303595,108.58588548601864,240.23501997336885,234.32223701731024,239.11584553928097,5.071768283843994
frame1469,68.17310252996005,86.04327563249001,107.8242343541944,238.711051930759,232.73568575233023,237.36351531291612,5.071530818939209
frame1470,68.51264980026632,86.35419440745673,108.17177097203728,239.46870838881492,233.5046604527297,238.18109187749667,5.070662498474121
frame1471,68.55326231691079,86.51731025299601,108.34021304926765,238.54993342210386,232.72103861517976,237.23435419440744,5.06718635559082
frame1472,69.42276964047936,87.06324900133156,108.98202396804261,240.3462050599201,234.86018641810918,239.26631158455393,5.0400710105896
frame1473,69.36617842876166,87.13049267643143,108.771637816245,240.37616511318242,234.5832223701731,239.27230359520638,5.011080265045166
frame1474,68.75033288948069,86.49334221038615,108.3249001331558,239.59320905459387,233.78295605858855,238.49733688415446,5.0340352058410645
frame1475,69.0399467376831,86.85619174434088,108.44207723035952,237.11118508655127,232.07656458055925,236.00732356857523,5.028438568115234
frame1476,68.9520639147803,86.71304926764314,108.35752330226364,238.3035952063915,233.29294274300932,237.271637816245,5.010897636413574
frame1477,69.67842876165113,87.49334221038615,108.99001331557923,238.47003994673767,233.45672436751,237.4300932090546,5.004018783569336
frame1478,71.23635153129162,87.54260985352863,109.38015978695073,238.9953395472703,233.9953395472703,237.9953395472703,4.998989582061768
frame1479,71.10386151797603,87.89347536617844,109.43275632490014,239.64247669773636,234.64247669773636,238.64247669773636,4.99256706237793
frame1480,71.60319573901465,87.96404793608522,109.73169107856192,238.65446071904128,233.65446071904128,237.65446071904128,4.978347301483154
frame1481,71.61384820239681,87.97936085219708,109.38615179760319,238.5878828229028,233.48601864181092,237.5878828229028,4.967466831207275
frame1482,70.81491344873503,87.36750998668442,109.17043941411451,238.65446071904128,233.54993342210386,237.65446071904128,4.9632110595703125
frame1483,70.76697736351531,87.25299600532624,108.82556591211717,238.5878828229028,233.48601864181092,237.5878828229028,4.96042537689209
frame1484,67.6444740346205,84.15778961384821,105.8202396804261,239.26897470039947,234.1271637816245,238.26897470039947,4.961954593658447
frame1485,64.92343541944075,81.4520639147803,102.93275632490014,238.02330226364847,233.01398135818908,237.02330226364847,4.9626617431640625
frame1486,62.28761651131824,79.04194407456724,99.99334221038615,238.0079893475366,232.01198402130493,236.01198402130493,4.9663286209106445
frame1487,59.6138482023968,76.62649800266311,96.81491344873503,238.77829560585886,232.8029294274301,236.8029294274301,4.978570938110352
frame1488,55.977363515312916,73.05858854860186,92.97736351531292,232.65512649800266,227.65446071904128,230.89214380825567,4.987705707550049
frame1489,53.715046604527295,70.87683089214381,90.57256990679095,231.4733688415446,225.685086551265,229.685086551265,5.002721786499023
frame1490,48.94607190412783,66.1750998668442,85.7589880159787,232.12982689747005,227.12982689747005,231.12982689747005,5.011916637420654
frame1491,47.440079893475364,64.66045272969374,83.64580559254327,239.70972037283622,234.70972037283622,237.98069241011984,4.954585552215576
frame1492,46.2896138482024,63.16511318242343,82.55858854860186,249.8561917443409,243.81424766977364,245.20972037283622,4.958714962005615
frame1493,67.95739014647137,79.62849533954727,97.18708388814913,247.51531291611184,243.43541944074568,244.33089214380826,4.815029144287109
frame1494,94.1398135818908,101.47603195739015,115.06324900133156,176.02796271637817,174.02330226364847,174.02796271637817,4.348419666290283
frame1495,93.03861517976031,100.1844207723036,115.7849533954727,176.07789613848203,173.0,171.84420772303596,3.38102126121521
frame1496,84.41744340878829,93.26098535286285,109.87017310252996,213.20306258322236,209.34553928095872,210.40479360852197,2.974985122680664
frame1497,45.143808255659124,64.22037283621837,85.69906790945406,240.25366178428763,236.68308921438083,237.8548601864181,3.382992744445801
frame1498,43.55659121171771,63.380159786950735,84.63448735019973,234.26631158455393,230.84820239680425,232.3022636484687,3.9548861980438232
frame1499,43.29427430093209,63.45006657789614,84.63781624500666,233.7416777629827,228.0,232.7416777629827,4.676607608795166
frame1500,44.93808255659121,65.95339547270306,86.97869507323568,235.86284953395472,230.0,234.72569906790946,4.921024322509766
frame1501,51.08854860186418,70.60585885486019,92.12383488681758,237.84553928095872,232.15446071904128,236.69107856191744,5.057297706604004
frame1502,53.59920106524634,73.66444740346205,95.20306258322238,238.44673768308922,232.66977363515312,237.23568575233023,5.092442989349365
frame1503,57.76165113182424,77.23901464713715,99.73768308921439,238.62183754993342,233.11584553928097,236.65712383488682,5.084120750427246
frame1504,59.081225033288945,78.92942743009321,101.7762982689747,237.8688415446072,232.19440745672438,236.02929427430092,5.082806587219238
frame1505,62.80226364846871,82.53262316910785,106.07523302263648,239.5133155792277,234.41944074567243,237.17842876165113,5.084078788757324
frame1506,66.16444740346205,85.73302263648469,109.15113182423435,238.49733688415446,232.35818908122502,235.79494007989348,5.08188009262085
frame1507,66.86218375499334,86.02130492676432,109.45539280958722,242.24766977363515,236.06458055925432,240.37949400798934,5.081756591796875
frame1508,65.16178428761651,84.59986684420772,108.12583222370174,242.060585885486,236.01065246338214,239.45672436751,5.079129695892334
frame1509,68.34420772303595,87.29494007989348,110.7982689747004,240.1311584553928,234.19973368841545,237.96804260985354,5.077530384063721
frame1510,67.76631158455393,86.86484687083887,110.2762982689747,240.63648468708388,235.0845539280959,238.57123834886818,5.077564239501953
frame1511,69.56391478029295,88.34620505992011,111.6318242343542,243.2762982689747,237.7896138482024,240.74633821571237,5.07609748840332
frame1512,68.38282290279628,87.31025299600533,110.65179760319575,241.1484687083888,234.72170439414114,238.6498002663116,5.075937747955322
frame1513,68.76231691078561,87.75366178428762,111.1711051930759,240.0525965379494,233.55659121171772,237.41278295605858,5.075538635253906
frame1514,70.01131824234355,88.77496671105193,112.1051930758988,241.44607190412782,236.1484687083888,240.08521970705726,5.074831962585449
frame1515,69.47470039946738,87.92343541944075,111.25699067909454,240.3209054593875,234.9340878828229,238.4340878828229,5.075095176696777
frame1516,69.18508655126497,86.41744340878829,110.13914780292943,240.6484687083888,234.32756324900134,238.53794940079894,5.074624061584473
frame1517,68.10119840213049,86.86551264980027,108.33022636484687,239.5619174434088,233.03462050599202,236.49267643142477,5.0721049308776855
frame1518,68.57589880159787,87.11584553928095,108.72969374167776,239.6584553928096,233.0912117177097,236.65912117177098,5.05894136428833
frame1519,68.8555259653795,86.82556591211717,108.32689747003995,238.19973368841545,232.50998668442077,236.44074567243675,5.0168375968933105
frame1520,69.79360852197071,87.93475366178428,109.24900133155792,240.0965379494008,233.8721704394141,237.99001331557923,5.059610843658447
frame1521,69.30093209054594,86.68508655126497,107.9254327563249,238.62982689747005,233.01997336884153,236.47003994673767,5.039132118225098
frame1522,70.19707057256991,87.58122503328894,108.77296937416777,238.5386151797603,232.44207723035953,236.02796271637817,5.029525279998779
frame1523,70.06058588548602,87.2723035952064,108.66178428761651,238.22237017310252,232.60386151797604,235.36684420772303,5.011725425720215
frame1524,70.85352862849534,87.90679094540613,109.29693741677762,238.70505992010652,233.25166444740347,237.29294274300932,4.999377727508545
frame1525,70.16777629826898,86.89081225033289,108.29161118508655,237.91478029294274,232.44607190412782,235.53262316910786,4.991329669952393
frame1526,69.4081225033289,86.75299600532624,108.17776298268974,237.73501997336885,232.25166444740347,235.37483355525964,4.986210346221924
frame1527,69.89747003994674,86.89347536617844,108.48601864181092,238.77496671105192,233.22503328894808,236.39280958721704,4.979122161865234
frame1528,69.51731025299601,86.73501997336884,108.42876165113182,238.86551264980028,233.31757656458055,236.50532623169107,4.986677169799805
frame1529,69.55858854860186,87.23968042609853,109.13249001331558,239.08721704394142,233.6264980026631,237.52996005326233,4.985201358795166
frame1530,69.92410119840213,87.34021304926765,108.77363515312916,237.1185086551265,232.1185086551265,237.04860186418108,4.9841718673706055
frame1531,70.65246338215712,87.50066577896139,108.90079893475367,237.15046604527296,232.15046604527296,236.15046604527296,4.9822587966918945
frame1532,67.04660452729694,84.31824234354194,105.21371504660453,238.45805592543275,233.36085219707059,237.45805592543275,4.983372211456299
frame1533,63.988015978695074,81.45805592543276,102.32623169107856,239.3515312916112,234.3515312916112,238.44806924101198,4.984316349029541
frame1534,60.19440745672437,77.52263648468708,97.85419440745673,238.5219707057257,232.55925432756325,236.55925432756325,4.989699840545654
frame1535,57.77430093209055,75.16977363515313,95.05858854860186,237.46671105193076,232.34087882822902,236.34087882822902,4.993760108947754
frame1536,52.0439414114514,69.94806924101198,89.737017310253,232.2809587217044,226.69107856191744,230.69107856191744,5.002116680145264
frame1537,50.14447403462051,68.21770972037284,87.88548601864181,229.98801597869507,224.98801597869507,228.6145139813582,5.005836486816406
frame1538,46.0659121171771,64.28229027962716,83.6491344873502,233.04527296937417,227.04527296937417,231.04527296937417,4.969923973083496
frame1539,46.35752330226365,64.66111850865512,83.73035952063915,241.57922769640479,236.14580559254327,239.11717709720372,4.967392444610596
frame1540,45.60852197070572,62.74300932090546,81.5925432756325,252.5126498002663,247.04993342210386,248.11517976031956,4.996368885040283
frame1541,88.21438082556591,95.77563249001332,111.79427430093209,220.7896138482024,216.9380825565912,217.75632490013317,4.892249584197998
frame1542,96.10585885486019,103.14713715046605,116.90679094540613,176.05193075898802,173.8854860186418,174.30492676431425,4.724941730499268
frame1543,92.65046604527296,99.11384820239681,116.1444740346205,175.2503328894807,171.93608521970705,172.18308921438083,4.316131114959717
frame1544,61.00399467376831,75.67043941411451,94.05925432756325,242.6970705725699,237.02396804260985,237.18774966711052,3.810067653656006
frame1545,43.58455392809587,63.44340878828229,83.02463382157124,238.13182423435418,233.82956058588547,235.5226364846871,3.9257354736328125
frame1546,43.32756324900133,64.01264980026632,83.12516644474034,233.8029294274301,230.1790945406125,231.69906790945407,4.345342636108398
frame1547,44.23635153129161,65.08189081225034,84.29893475366178,231.2896138482024,227.0093209054594,230.2503328894807,4.801320552825928
frame1548,46.68841544607191,67.12583222370174,87.41145139813582,235.21637816245007,230.05326231691078,233.3688415446072,4.963621139526367
frame1549,49.887483355525966,70.19107856191745,90.58588548601864,236.36484687083887,231.05326231691078,234.68175765645805,5.032299518585205
frame1550,54.14780292942743,74.3641810918775,95.05992010652463,238.1970705725699,233.9027962716378,236.65512649800266,5.070556640625
frame1551,56.83355525965379,76.78295605858855,97.63315579227697,239.96671105193076,235.36018641810918,238.34087882822902,5.076547145843506
frame1552,61.16178428761651,80.78362183754993,102.51731025299601,238.98468708388816,234.36950732356857,237.4254327563249,5.080188274383545
frame1553,65.33222370173102,84.74500665778962,106.49800266311584,237.5612516644474,233.13382157123834,235.66511318242343,5.077186584472656
frame1554,66.30093209054594,85.80159786950732,107.90146471371504,235.44207723035953,230.47470039946737,233.27030625832225,5.076382160186768
frame1555,66.5612516644474,86.11784287616511,107.76498002663116,239.79760319573901,234.20838881491346,237.66577896138483,5.077422618865967
frame1556,67.82756324900133,87.25033288948069,109.21171770972038,240.73501997336885,235.22237017310252,236.92676431424766,5.076775550842285
frame1557,66.86284953395473,86.21038615179761,108.32822902796272,239.0785619174434,232.8508655126498,235.8728362183755,5.076855659484863
frame1558,68.09986684420772,87.53129161118508,109.54460719041278,241.00199733688416,235.70505992010652,239.0399467376831,5.076058864593506
frame1559,67.09786950732357,86.47270306258322,108.40679094540613,241.00665778961385,234.8375499334221,238.3368841544607,5.076448917388916
frame1560,67.66444740346205,87.1711051930759,109.04327563249001,240.6977363515313,234.24700399467378,237.9247669773635,5.075986862182617
frame1561,68.0133155792277,86.84154460719041,108.71704394141145,239.33089214380826,233.27563249001332,237.80426098535287,5.0744709968566895
frame1562,68.02929427430094,86.91278295605859,108.73169107856192,237.57789613848203,232.57789613848203,237.05059920106524,5.074336528778076
frame1563,69.38615179760319,88.03328894806924,109.4254327563249,239.2057256990679,233.4034620505992,238.01997336884153,5.073742866516113
frame1564,67.39680426098535,86.00066577896139,108.04660452729694,238.7583222370173,233.67043941411453,238.54194407456725,5.07429313659668
frame1565,69.18242343541944,87.84221038615179,109.41344873501997,238.7809587217044,233.6711051930759,238.4906790945406,5.072700500488281
frame1566,68.23501997336884,86.37083888149135,108.40013315579228,237.6491344873502,232.5925432756325,237.32490013315578,5.069729328155518
frame1567,68.97336884154461,87.20372836218375,108.8948069241012,237.79027962716378,232.53661784287615,236.72902796271637,5.061014652252197
frame1568,67.5486018641811,85.97669773635153,107.98069241011984,239.76564580559256,234.76564580559256,239.62849533954727,5.056915283203125
frame1569,68.76431424766977,87.0525965379494,108.99933422103861,239.0652463382157,234.0652463382157,238.9613848202397,5.0579047203063965
frame1570,67.41611185086552,85.5486018641811,107.81091877496671,237.939414114514,232.939414114514,236.939414114514,5.046335697174072
frame1571,69.88082556591212,87.3249001331558,109.28561917443409,237.6098535286285,232.60918774966711,236.6098535286285,5.027441024780273
frame1572,68.91011984021306,86.18042609853529,108.42876165113182,237.68242343541945,232.67643142476697,236.68242343541945,5.020405292510986
frame1573,70.0925432756325,87.24434087882823,109.24900133155792,237.99001331557923,232.98934753661786,236.99001331557923,5.014801502227783
frame1574,69.47070572569906,86.31358189081224,108.48601864181092,238.1051930758988,233.03462050599202,237.1051930758988,5.008479118347168
frame1575,70.81957390146471,87.71704394141145,109.55193075898802,237.8768308921438,232.8209054593875,236.8768308921438,5.001499652862549
frame1576,69.50998668442077,86.38482023968042,108.25699067909454,237.75366178428763,232.70505992010652,236.75366178428763,4.996082782745361
frame1577,70.80093209054594,87.88348868175765,109.50199733688416,237.8768308921438,232.8209054593875,236.8768308921438,4.990042686462402
frame1578,69.83488681757656,86.65379494007989,108.79960053262317,237.70505992010652,232.65645805592544,236.70505992010652,4.986450672149658
frame1579,68.74833555259654,85.771637816245,107.38015978695073,237.8209054593875,232.76498002663115,236.8209054593875,4.984367370605469
frame1580,65.03129161118508,82.00998668442077,103.8814913448735,238.17509986684422,233.16910785619174,237.1964047936085,4.985087871551514
frame1581,62.77430093209055,79.81824234354194,101.29427430093209,238.04394141145139,232.10186418109188,236.10186418109188,4.986997604370117
frame1582,58.03595206391478,75.01930758988016,96.44340878828228,237.37150466045273,232.37150466045273,236.37150466045273,4.991632461547852
frame1583,55.75166444740346,73.18308921438083,93.63315579227697,233.9041278295606,228.39214380825567,232.39214380825567,5.004228591918945
frame1584,51.70439414114514,69.49334221038615,90.38948069241012,229.88415446071903,224.88415446071903,228.88415446071903,5.0104660987854
frame1585,48.09853528628496,66.23901464713715,86.74700399467376,231.9866844207723,226.23834886817576,230.23834886817576,5.008187770843506
frame1586,45.180426098535285,63.206391478029296,83.90279627163781,236.28295605858855,231.15978695073235,234.2669773635153,5.001458168029785
frame1587,45.07323568575233,63.418774966711055,83.68575233022636,246.87083888149135,240.66977363515312,243.01398135818908,5.012114524841309
frame1588,52.18841544607191,68.37816245006658,87.48002663115845,253.60186418109188,250.00133155792278,250.48069241011984,5.044516086578369
frame1589,93.42743009320905,100.86085219707057,115.39747003994674,179.10252996005326,176.11984021304926,177.10585885486017,5.01141357421875
frame1590,131.05459387483356,131.6271637816245,136.26897470039947,174.51997336884153,171.85818908122502,171.63981358189082,5.036995887756348
frame1591,106.49667110519307,110.06391478029295,121.73501997336884,175.6145139813582,173.0,173.76165113182424,5.034253120422363
frame1592,90.1398135818908,97.30758988015978,113.76697736351531,193.82956058588547,190.7150466045273,191.48002663115847,5.034931659698486
frame1593,45.784953395472705,65.20972037283622,86.46737683089215,244.25965379494008,239.4780292942743,239.92410119840213,5.067352771759033
frame1594,41.36284953395473,61.315579227696404,83.0392809587217,236.10652463382158,231.15978695073235,234.10652463382158,5.081715106964111
frame1595,44.30892143808256,64.280292942743,86.03661784287617,235.03328894806924,231.4873501997337,233.58189081225032,5.082667827606201
frame1596,42.33288948069241,63.326897470039945,85.69973368841545,230.09986684420772,227.08988015978696,230.0798934753662,5.079179286956787
frame1597,47.39946737683089,68.53462050599201,90.71571238348868,237.36617842876166,232.36617842876166,235.36617842876166,5.074329853057861
frame1598,49.57656458055926,70.51398135818908,92.9647137150466,240.5525965379494,236.10785619174433,238.5525965379494,5.069010257720947
frame1599,55.33355525965379,75.99067909454061,98.45739014647137,240.47669773635153,237.06391478029295,239.27030625832225,5.080810070037842
frame1600,57.711717709720375,77.80758988015978,101.27430093209054,240.75965379494008,236.38814913448735,238.91611185086552,5.081048488616943
frame1601,62.37217043941411,81.95539280958722,105.41078561917443,239.79227696404794,236.56258322237017,238.7330226364847,5.0835041999816895
frame1602,64.92476697736352,84.34221038615179,108.16444740346205,238.22237017310252,234.78362183754993,237.0705725699068,5.079349517822266
frame1603,67.44873501997337,86.45406125166444,110.12516644474034,240.4347536617843,235.5446071904128,237.08122503328894,5.077322959899902
frame1604,65.61384820239681,84.46671105193076,108.64513981358189,240.51398135818908,235.76631158455393,235.90679094540613,5.074378967285156
frame1605,68.39813581890812,87.47802929427431,111.07656458055925,239.02862849533955,234.27696404793608,236.1451398135819,5.0718255043029785
frame1606,66.24367509986685,85.39880159786951,109.57856191744341,237.1311584553928,232.34087882822902,234.6884154460719,5.071350574493408
frame1607,67.6318242343542,86.80159786950732,110.36617842876166,240.75299600532622,234.5832223701731,238.5266311584554,5.070638656616211
frame1608,69.33089214380826,87.06458055925432,110.7276964047936,241.20972037283622,234.84886817576566,238.9201065246338,5.067718029022217
frame1609,70.1797603195739,88.01930758988016,110.83422103861518,241.10918774966711,234.8688415446072,238.98069241011984,5.067183494567871
frame1610,69.9474034620506,87.78561917443409,110.7150466045273,240.2683089214381,234.95472703062583,238.96804260985354,5.066469192504883
frame1611,70.23834886817576,88.20239680426099,110.51797603195739,240.65446071904128,235.2796271637816,239.24300932090546,5.0658650398254395
frame1612,69.54593874833556,87.07589880159787,109.70039946737683,240.37017310252995,233.86284953395472,237.24900133155793,5.065202713012695
frame1613,70.04993342210386,87.54194407456724,109.77296937416777,238.83022636484688,233.22103861517976,236.9247669773635,5.065316200256348
frame1614,68.06591211717709,85.52929427430094,108.1757656458056,237.2157123834887,231.72636484687084,235.26098535286286,5.06525182723999
frame1615,69.70572569906791,87.2723035952064,109.62782956058588,242.12849533954727,236.1264980026631,240.14780292942743,5.060081958770752
frame1616,68.89414114513981,86.10386151797603,108.84553928095872,239.20306258322236,233.62583222370174,237.61118508655127,4.986414909362793
frame1617,69.26364846870838,86.59387483355526,108.8948069241012,239.11651131824235,233.53728362183756,237.1051930758988,4.9297943115234375
frame1618,68.44007989347537,85.3555259653795,108.13249001331558,238.45139813581892,232.84886817576566,235.96205059920106,5.027812480926514
frame1619,71.33754993342211,88.23968042609853,110.05059920106525,239.24234354194408,233.4340878828229,235.9906790945406,5.0236053466796875
frame1620,70.67643142476697,88.14580559254327,109.0392809587217,238.57723035952063,232.69440745672438,235.0352862849534,5.003081798553467
frame1621,70.87483355525966,88.19906790945406,108.87949400798935,236.86617842876166,231.71238348868175,236.3728362183755,4.9932332038879395
frame1622,69.41411451398136,86.64980026631159,107.72103861517976,238.63914780292941,233.32290279627165,237.7316910785619,4.991066932678223
frame1623,70.87816245006658,88.1491344873502,108.72037283621837,237.61917443408788,232.4247669773635,236.1577896138482,4.9824442863464355
frame1624,69.81691078561917,87.00998668442077,108.0792276964048,237.3508655126498,232.13648468708388,235.771637816245,4.983635902404785
frame1625,70.8595206391478,88.00266311584554,108.73768308921439,236.5219707057257,231.48135818908122,235.5219707057257,4.978885650634766
frame1626,69.20239680426099,86.4254327563249,107.6398135818908,236.1790945406125,231.1790945406125,235.1790945406125,4.981177806854248
frame1627,70.37083888149135,87.47137150466045,108.16910785619174,237.3854860186418,232.3854860186418,237.33422103861517,4.979738235473633
frame1628,66.85885486018641,84.08521970705726,104.8249001331558,237.13382157123834,232.1185086551265,236.13382157123834,4.980523586273193
frame1629,64.76165113182424,82.08655126498003,102.3641810918775,239.24367509986683,234.24367509986683,238.3688415446072,4.980632305145264
frame1630,61.23501997336884,78.74633821571238,99.00066577896139,237.13382157123834,232.1185086551265,236.13382157123834,4.983932971954346
frame1631,57.33688415446072,75.18641810918776,94.86884154460719,236.6804260985353,231.67509986684422,235.6804260985353,4.989760398864746
frame1632,54.05126498002663,71.74766977363515,91.7237017310253,231.439414114514,226.13448735019972,230.13448735019972,5.002500057220459
frame1633,50.57523302263648,68.46537949400799,87.91611185086552,230.64181091877498,225.3115845539281,229.3115845539281,5.016063690185547
frame1634,47.91078561917443,65.96671105193076,85.20705725699068,233.75965379494008,227.89747003994674,231.89747003994674,5.0065765380859375
frame1635,46.209720372836216,63.77762982689747,82.99667110519307,243.9247669773635,238.61717709720372,241.3675099866844,4.985349178314209
frame1636,46.14114513981358,63.87350199733688,83.30159786950732,250.737017310253,245.4733688415446,245.8814913448735,4.988959312438965
frame1637,78.13781624500666,88.6318242343542,105.49267643142477,236.9906790945406,232.9340878828229,233.98069241011984,4.90073823928833
frame1638,94.8681757656458,102.05326231691079,116.61118508655126,176.254327563249,174.0479360852197,174.66045272969373,4.6750807762146
frame1639,92.41944074567243,99.82623169107856,114.8288948069241,175.39680426098536,172.5093209054594,172.1617842876165,4.1080522537231445
frame1640,74.41411451398136,85.31424766977364,103.71304926764314,231.46404793608522,227.05459387483356,228.23568575233023,3.36262583732605
frame1641,43.55525965379494,63.585219707057256,83.37616511318242,240.02463382157123,235.64580559254327,236.89214380825567,3.588247776031494
frame1642,43.06924101198402,63.7982689747004,83.31291611185087,236.03262316910786,232.86218375499334,234.06924101198402,4.043694496154785
frame1643,42.99334221038615,64.0878828229028,83.85818908122504,231.01930758988016,227.0785619174434,228.8415446071904,4.693725109100342
frame1644,46.011984021304926,67.07523302263648,87.42010652463382,235.3595206391478,230.4074567243675,233.24367509986683,4.930867671966553
frame1645,48.84420772303595,69.4207723035952,90.28295605858855,236.6145139813582,231.7989347536618,234.53595206391478,5.034218788146973
frame1646,53.49400798934754,73.88881491344874,95.43009320905459,241.6185086551265,238.55792276964047,241.4167776298269,5.069889068603516
frame1647,56.37882822902796,76.3635153129161,98.59454061251664,241.9121171770972,237.63781624500666,239.91478029294274,5.073612213134766
frame1648,59.23501997336884,79.20705725699068,101.88681757656458,241.27696404793608,237.27696404793608,240.27696404793608,5.075125217437744
frame1649,63.5525965379494,82.99334221038615,105.91011984021306,240.8029294274301,237.8029294274301,239.82756324900134,5.076266288757324
frame1650,66.62849533954727,85.34553928095872,108.61717709720372,238.74833555259653,235.55459387483356,237.62849533954727,5.074610710144043
frame1651,67.9167776298269,86.36484687083887,109.52330226364847,239.7323568575233,235.254327563249,237.09320905459387,5.071674346923828
frame1652,66.09720372836219,85.02529960053262,108.11717709720372,239.5559254327563,234.63781624500666,235.16444740346205,5.072135925292969
frame1653,67.66511318242344,86.52929427430094,109.36884154460719,237.08655126498002,232.22636484687084,233.62183754993342,5.070623397827148
frame1654,65.77363515312916,85.14247669773636,108.10585885486019,236.65113182423434,231.89214380825567,234.2103861517976,5.071252822875977
frame1655,68.02929427430094,87.00066577896139,109.75033288948069,238.9214380825566,233.18908122503328,236.00133155792278,5.070794582366943
frame1656,66.46671105193076,85.39014647137151,108.41944074567243,239.54061251664447,233.6404793608522,237.50066577896138,5.070165157318115
frame1657,68.12782956058588,86.9427430093209,109.74167776298269,239.49933422103862,233.93342210386152,238.00532623169107,5.0683417320251465
frame1658,67.25366178428762,86.1884154460719,109.2190412782956,238.24700399467378,232.7416777629827,237.11251664447403,5.069106578826904
frame1659,70.88615179760319,88.87483355525966,110.0352862849534,241.03262316910786,236.00066577896138,240.18242343541945,5.066703796386719
frame1660,68.7237017310253,86.36617842876166,107.81491344873503,240.38415446071903,235.34820239680425,239.4074567243675,5.067233085632324
frame1661,70.33288948069242,87.61784287616511,108.89280958721704,238.55792276964047,233.55392809587218,238.50199733688416,5.067481517791748
frame1662,68.43009320905459,86.07789613848202,107.34687083888149,237.2203728362184,232.2143808255659,237.1930758988016,5.060880661010742
frame1663,70.7410119840213,87.94806924101198,109.00998668442077,237.92676431424766,232.64780292942743,236.91877496671106,5.049834728240967
frame1664,69.3814913448735,86.75033288948069,107.5612516644474,240.09920106524635,234.38881491344873,239.38814913448735,5.040416240692139
frame1665,71.76165113182424,88.84487350199734,109.48002663115845,240.34753661784288,235.34753661784288,240.28229027962718,5.049795627593994
frame1666,70.15512649800266,87.40479360852197,108.1797603195739,239.6537949400799,234.6537949400799,239.61917443408788,5.034989356994629
frame1667,70.99933422103861,88.1185086551265,108.88814913448735,238.78029294274302,233.78029294274302,237.78029294274302,5.015014171600342
frame1668,70.00199733688416,87.36218375499334,107.79027962716378,237.82356857523303,232.82290279627165,236.82356857523303,5.004692554473877
frame1669,69.88482023968042,87.16378162450067,107.71571238348868,236.78029294274302,231.8022636484687,235.8022636484687,5.000940322875977
frame1670,70.23169107856192,87.65845539280959,108.10918774966711,238.2589880159787,233.13648468708388,237.185086551265,4.991072177886963
frame1671,70.15246338215712,86.78961384820239,108.10985352862849,240.19906790945407,234.91478029294274,239.12916111850865,4.991016387939453
frame1672,68.80958721704394,85.69440745672436,106.73968042609853,237.47470039946737,232.37816245006658,236.4607190412783,4.9857707023620605
frame1673,70.66910785619174,87.5792276964048,108.65312916111851,238.04727030625833,232.89747003994674,236.9773635153129,4.980199813842773
frame1674,69.42343541944075,86.2809587217044,107.06724367509986,237.11251664447403,232.0386151797603,236.09853528628494,4.980015754699707
frame1675,69.66844207723035,86.09986684420772,106.86551264980027,237.77030625832225,232.63781624500666,236.70039946737683,4.976104259490967
frame1676,65.04127829560586,81.6711051930759,102.3601864181092,237.97869507323568,232.9693741677763,237.02929427430092,4.975958347320557
frame1677,64.67310252996005,80.91411451398136,101.16378162450067,236.25166444740347,231.21970705725698,236.1498002663116,4.975487232208252
frame1678,60.330892143808256,76.97203728362184,97.1185086551265,236.26964047936085,231.22969374167775,235.19573901464713,4.98032283782959
frame1679,58.2896138482024,74.75832223701731,94.3249001331558,235.57922769640479,229.71637816245007,234.5093209054594,4.995330810546875
frame1680,53.370838881491345,70.57656458055925,90.07256990679095,233.5133155792277,227.87882822902796,231.82956058588547,5.000929355621338
frame1681,49.39347536617843,66.64181091877496,86.22170439414114,229.08189081225032,223.4953395472703,227.491344873502,5.01461124420166
frame1682,46.27097203728362,64.88348868175765,84.15645805592543,234.47869507323568,228.52130492676432,232.30159786950733,4.989468097686768
frame1683,45.17177097203729,63.02529960053263,81.9693741677763,245.22170439414114,239.69174434087884,241.03661784287615,5.0165181159973145
frame1684,48.33821571238349,65.28561917443409,83.99667110519307,253.12516644474036,248.85219707057257,248.78828229027962,5.012691974639893
frame1685,93.47070572569906,100.59986684420772,115.83222370173102,183.44074567243675,180.49600532623168,181.05326231691078,4.960946083068848
frame1686,113.1491344873502,116.56857523302264,125.01731025299601,173.8195739014647,171.51664447403462,171.45805592543275,4.907742023468018
frame1687,119.5039946737683,120.88215712383489,127.67643142476697,176.3422103861518,172.93275632490014,171.8774966711052,4.839020252227783
frame1688,90.71238348868175,97.50932090545939,114.27896138482024,180.16378162450067,177.14114513981357,178.16777629826896,4.744818687438965
frame1689,50.555925432756325,67.05992010652463,88.49667110519307,245.91011984021304,240.91877496671106,240.9427430093209,4.932361602783203
frame1690,43.59853528628496,63.10585885486019,84.2410119840213,235.09187749667112,230.60585885486017,232.9733688415446,5.010673522949219
frame1691,43.2676431424767,62.90279627163782,84.26231691078561,236.72170439414114,233.5619174434088,234.72170439414114,5.057597637176514
frame1692,43.775632490013315,63.80958721704394,85.3249001331558,231.4440745672437,227.60452729693742,229.4440745672437,5.0734639167785645
frame1693,47.07523302263648,67.04460719041278,88.40612516644474,234.91145139813582,230.73768308921439,233.73768308921439,5.0666656494140625
frame1694,48.49334221038615,68.6884154460719,90.09587217043942,238.75765645805592,234.23568575233023,236.7583222370173,5.066937446594238
frame1695,53.977363515312916,74.0878828229028,95.61784287616511,243.79161118508654,240.39280958721704,242.39280958721704,5.078595161437988
frame1696,55.16644474034621,75.35219707057257,97.42410119840213,242.4873501997337,237.90612516644475,240.4873501997337,5.080406665802002
frame1697,61.25499334221038,80.31691078561917,102.8595206391478,241.2849533954727,238.16577896138483,240.2849533954727,5.083405494689941
frame1698,64.35352862849534,83.45539280958722,106.24966711051931,239.3288948069241,236.2330226364847,238.3195739014647,5.079734802246094
frame1699,66.7676431424767,86.06258322237018,108.65446071904128,239.68774966711052,235.50732356857523,237.8029294274301,5.079246997833252
frame1700,66.63515312916113,85.88748335552596,108.69840213049268,243.17776298268976,237.98868175765645,240.00665778961385,5.07608699798584
frame1701,67.44873501997337,86.47669773635153,109.30093209054594,240.6664447403462,235.01131824234355,237.25565912117176,5.073455333709717
frame1702,66.56058588548602,85.30892143808255,108.04660452729694,237.76098535286286,232.80093209054593,235.52529960053263,5.071804523468018
frame1703,67.88748335552596,86.15046604527296,108.84886817576565,242.95872170439415,236.8195739014647,241.008655126498,5.069463729858398
frame1704,68.30892143808255,86.69107856191745,109.37549933422103,241.26631158455393,234.7496671105193,238.4347536617843,5.068812370300293
frame1705,68.37549933422103,86.48801597869507,109.00199733688416,239.83022636484688,233.38082556591212,237.02996005326233,5.067868709564209
frame1706,68.1797603195739,86.27563249001332,108.53462050599201,239.5572569906791,233.80958721704394,237.63315579227697,5.067333221435547
frame1707,69.60652463382156,87.25765645805592,109.55659121171772,239.04327563249,234.0659121171771,237.14647137150467,5.066757678985596
frame1708,68.58122503328894,86.34021304926765,108.77962716378163,240.08588548601864,233.60918774966711,237.12450066577895,5.066268444061279
frame1709,69.65512649800266,86.9034620505992,108.79560585885486,239.85885486018643,234.41411451398136,238.46604527296938,5.064551830291748
frame1710,69.3595206391478,86.73102529960053,108.73834886817576,238.47203728362183,232.93209054593873,236.83222370173104,5.057163715362549
frame1711,69.82956058588549,86.75033288948069,109.0399467376831,237.91744340878827,232.13448735019972,235.474034620506,5.029908180236816
frame1712,68.48868175765645,85.78362183754993,108.33954727030626,238.2936085219707,232.02130492676432,236.15113182423434,4.989840984344482
frame1713,68.80226364846871,85.79893475366178,108.2276964047936,239.72170439414114,233.4380825565912,236.86218375499334,4.978983402252197
frame1714,70.0352862849534,86.69374167776299,108.9607190412783,238.9780292942743,233.4121171770972,237.10386151797604,5.025162220001221
frame1715,68.79960053262317,85.70505992010652,108.06657789613848,238.88015978695074,233.32223701731024,237.0386151797603,5.006692409515381
frame1716,67.47003994673769,84.67376830892144,107.03195739014647,238.94340878828228,233.6537949400799,237.78362183754993,4.999571323394775
frame1717,69.5,86.00266311584554,108.32689747003995,237.92410119840213,232.6404793608522,236.78628495339547,4.992864608764648
frame1718,68.61185086551265,85.84687083888149,107.8994673768309,238.04993342210386,232.76031957390146,236.8901464713715,4.995791435241699
frame1719,69.95539280958722,86.94607190412783,108.81824234354194,238.71238348868175,233.36617842876166,237.46737683089214,4.990385055541992
frame1720,69.10452729693742,86.58521970705726,108.21171770972038,237.95406125166446,232.771637816245,237.3948069241012,4.988051891326904
frame1721,70.32623169107856,87.29560585885486,109.00665778961385,237.44207723035953,232.28761651131825,236.05059920106524,4.9848785400390625
frame1722,69.49667110519307,86.77563249001332,108.53794940079894,237.4647137150466,232.314913448735,236.08921438082555,4.985344409942627
frame1723,70.87350199733689,87.16577896138482,107.3681757656458,238.48402130492676,233.48402130492676,238.3595206391478,4.977527141571045
frame1724,66.48468708388815,83.34886817576565,103.29161118508655,238.5399467376831,233.5399467376831,238.41810918774968,4.979914665222168
frame1725,64.43808255659121,81.21770972037284,101.0133155792277,239.34354194407456,234.25099866844207,238.3595206391478,4.979309558868408
frame1726,61.37217043941411,78.31225033288948,97.84021304926765,237.76031957390146,232.76031957390146,236.76031957390146,4.9810004234313965
frame1727,59.08921438082557,76.16644474034621,95.55659121171772,237.73901464713714,232.73901464713714,236.73901464713714,4.998707294464111
frame1728,54.36884154460719,71.67643142476697,90.61185086551265,232.24766977363515,226.96671105193076,231.24766977363515,5.002720832824707
frame1729,51.904127829560586,69.5439414114514,88.35752330226364,232.06657789613848,227.44673768308922,231.04127829560585,5.009307861328125
frame1730,47.79427430093209,65.48268974700399,84.30492676431425,231.3209054593875,225.65579227696404,229.0619174434088,5.0043253898620605
frame1731,47.53661784287617,64.99334221038615,83.56790945406125,239.5479360852197,233.762982689747,235.482689747004,4.932486057281494
frame1732,44.623834886817576,62.202396804260985,80.52862849533955,249.93209054593873,243.50599201065248,244.74500665778962,4.911961555480957
frame1733,61.03328894806924,74.79760319573901,92.36750998668442,251.0386151797603,246.80026631158455,247.61584553928097,4.73924446105957
frame1734,94.80159786950732,101.52729693741678,115.94407456724367,176.55392809587218,174.2676431424767,175.45872170439415,3.9089114665985107
frame1735,92.70239680426099,99.67776298268974,116.62050599201065,174.09853528628494,171.27496671105192,170.2849533954727,3.077075481414795
frame1736,84.3162450066578,93.44873501997337,110.79560585885486,212.38881491344873,208.67243675099866,209.35286284953395,2.9551150798797607
frame1737,44.156458055925434,63.89613848202397,84.9960053262317,243.61251664447403,238.10852197070574,239.57656458055925,3.3034400939941406
frame1738,41.37217043941411,61.46870838881491,82.35818908122504,234.92809587217045,230.9733688415446,232.92809587217045,4.40829610824585
frame1739,42.9121171770972,62.836218375499335,84.25699067909454,236.20239680426099,233.00266311584554,234.20239680426099,4.963440895080566
frame1740,45.15246338215712,65.05392809587217,86.41810918774966,231.6790945406125,228.6790945406125,231.54327563249,5.053983688354492
frame1741,48.81757656458056,68.60852197070572,89.92143808255659,235.24633821571237,230.55792276964047,233.40213049267643,5.072478771209717
frame1742,52.38948069241012,72.19507323568575,93.97536617842876,239.47603195739015,236.18175765645805,238.45139813581892,5.087341785430908
frame1743,55.33688415446072,75.02197070572569,96.87083888149135,240.69840213049267,236.63382157123834,239.0399467376831,5.085537433624268
frame1744,58.103195739014645,77.59720372836219,100.08055925432757,243.1577896138482,239.00665778961385,241.98135818908122,5.081673622131348
frame1745,62.26165113182424,81.41411451398136,104.06924101198402,241.48601864181092,238.46671105193076,240.4873501997337,5.083048343658447
frame1746,64.34620505992011,83.56657789613848,106.55792276964048,239.50532623169107,236.08255659121173,238.31757656458055,5.079725742340088
frame1747,65.93275632490014,84.77496671105193,107.75499334221038,242.39081225033289,237.90945406125167,239.71238348868175,5.077862739562988
frame1748,65.762982689747,84.81691078561917,107.89147802929428,241.6185086551265,237.0179760319574,237.87882822902796,5.074198246002197
frame1749,67.36284953395473,85.96537949400799,108.56524633821572,238.19174434087884,233.94540612516644,235.27430093209054,5.071824073791504
frame1750,67.22436750998668,85.65446071904128,108.03395472703063,239.13448735019972,234.09986684420772,235.491344873502,5.070531845092773
frame1751,68.34354194407457,86.6318242343542,108.76697736351531,238.82822902796272,233.6451398135819,235.65712383488682,5.068942070007324
frame1752,66.73768308921439,85.31358189081224,107.47470039946738,241.30026631158455,235.57789613848203,237.64713715046605,5.070242404937744
frame1753,67.7237017310253,86.18908122503329,108.26697736351531,240.34553928095872,233.71171770972038,237.0699067909454,5.067870140075684
frame1754,67.98402130492677,86.64580559254327,108.11118508655126,238.25166444740347,232.5446071904128,235.7363515312916,5.067230701446533
frame1755,69.0486018641811,87.16045272969374,108.42010652463382,239.6011984021305,234.11251664447403,237.90146471371506,5.066404819488525
frame1756,68.66644474034621,86.61251664447404,108.41944074567243,241.1271637816245,234.9300932090546,238.90013315579228,5.06541633605957
frame1757,69.25166444740346,87.0039946737683,108.33422103861518,238.59320905459387,232.8988015978695,236.8948069241012,5.0619378089904785
frame1758,69.8948069241012,86.86218375499334,108.24766977363515,238.24434087882824,232.69906790945407,236.5446071904128,5.055150508880615
frame1759,69.97070572569906,87.02130492676432,108.0479360852197,237.12383488681758,231.51664447403462,234.52396804260985,5.028290748596191
frame1760,68.4693741677763,85.30359520639148,106.84487350199734,237.95472703062583,232.95739014647137,236.60585885486017,5.013993263244629
frame1761,71.04727030625833,87.719707057257,108.63049267643143,240.65046604527296,235.44074567243675,239.96537949400798,5.030795097351074
frame1762,68.29627163781625,85.37416777629826,107.05525965379493,238.58721704394142,233.185086551265,237.29027962716378,5.017140865325928
frame1763,70.62782956058588,87.737017310253,108.46870838881492,239.2237017310253,233.77363515312916,237.41411451398136,5.014945983886719
frame1764,69.66910785619174,86.69507323568575,108.02529960053262,238.27896138482024,232.87416777629826,237.05059920106524,4.991436958312988
frame1765,70.80892143808255,87.80825565912117,108.6757656458056,239.00266311584554,233.5525965379494,237.6011984021305,4.982080459594727
frame1766,69.35352862849534,86.38215712383489,107.67443408788283,239.69174434087884,234.28695073235687,237.94673768308922,4.9829277992248535
frame1767,69.9520639147803,86.98335552596538,108.05592543275633,239.69906790945407,234.24900133155793,238.185086551265,4.977601528167725
frame1768,69.3994673768309,86.34953395472704,107.85752330226364,239.69174434087884,234.12849533954727,237.4773635153129,4.981349945068359
frame1769,69.62782956058588,86.59920106524633,107.78295605858855,240.02529960053263,234.4201065246338,237.74500665778962,4.980948448181152
frame1770,67.89414114513981,85.02263648468708,106.48202396804261,239.74700399467378,234.3468708388815,238.01664447403462,4.98101806640625
frame1771,68.79294274300932,86.09121171770973,107.44007989347537,240.02529960053263,234.59853528628494,238.17376830892144,4.980930328369141
frame1772,64.74234354194408,82.34021304926765,103.50266311584554,238.77696404793608,233.24434087882824,236.45472703062583,4.982147693634033
frame1773,62.18508655126498,79.87416777629826,100.7723035952064,238.35685752330227,232.90679094540613,236.01597869507324,4.983764171600342
frame1774,58.95739014647137,77.25765645805592,97.13781624500666,239.45605858854861,232.99400798934752,237.06790945406127,4.9920196533203125
frame1775,56.14846870838881,74.46870838881492,93.73568575233023,235.46804260985354,230.05992010652463,233.24367509986683,5.004603385925293
frame1776,51.34953395472703,69.95739014647137,89.11318242343542,232.30426098535287,226.89214380825567,229.771637816245,5.017013072967529
frame1777,49.138482023968045,67.73968042609853,86.56724367509986,229.5705725699068,224.1624500665779,227.3462050599201,5.015295505523682
frame1778,45.75099866844208,64.17243675099867,83.47403462050599,234.59986684420772,228.2103861517976,231.20239680426099,4.9968414306640625
frame1779,43.49667110519307,62.435419440745676,81.31091877496671,245.7416777629827,239.86551264980028,241.7416777629827,5.02113676071167
frame1780,46.158455392809586,63.72703062583222,82.97669773635153,251.81358189081226,246.84087882822902,247.13715046604528,5.0361552238464355
frame1781,87.55858854860186,95.96537949400799,112.01065246338216,222.11318242343543,217.83155792276963,219.09454061251665,4.9878644943237305
frame1782,96.84620505992011,103.67709720372837,117.65645805592543,176.99001331557923,174.86218375499334,175.61717709720372,4.938601016998291
frame1783,93.59320905459387,100.91944074567243,117.41278295605859,179.23102529960053,176.27829560585886,176.7989347536618,4.849598407745361
frame1784,58.78561917443409,74.44340878828228,94.34953395472704,243.3721704394141,238.3202396804261,238.39147802929426,4.864675521850586
frame1785,42.09387483355526,63.33155792276964,84.52862849533955,238.65712383488682,235.07589880159787,236.13914780292941,5.0160932540893555
frame1786,38.973368841544605,61.05525965379494,82.29360852197071,234.67643142476697,231.07922769640479,232.56458055925432,5.063663959503174
frame1787,42.65046604527297,64.39214380825565,85.90412782956058,231.3242343541944,227.47137150466045,229.3242343541944,5.07693338394165
frame1788,45.00932090545939,66.4207723035952,87.79360852197071,235.60252996005326,230.77363515312916,233.77363515312916,5.063531398773193
frame1789,49.112516644474034,69.90213049267643,92.06458055925432,238.30093209054593,233.30093209054593,236.30093209054593,5.058511734008789
frame1790,52.55126498002663,72.78961384820239,95.35818908122504,241.23501997336885,238.12516644474036,241.1005326231691,5.073309421539307
frame1791,57.61717709720373,77.17043941411451,99.73035952063915,242.67177097203728,238.57323568575234,241.1051930758988,5.075297832489014
frame1792,59.62050599201065,79.43142476697736,101.84287616511318,240.57123834886818,237.1664447403462,240.1664447403462,5.077209949493408
frame1793,63.5219707057257,83.06391478029295,106.39680426098535,241.12916111850865,238.02063914780294,240.02396804260985,5.079193115234375
frame1794,65.89214380825565,85.62782956058588,108.85486018641811,239.88814913448735,236.17310252996006,238.10918774966711,5.075159072875977
frame1795,66.0306258322237,85.41944074567243,108.70106524633822,237.78628495339547,233.49866844207722,235.77363515312916,5.073480129241943
frame1796,66.05925432756325,86.09320905459387,109.37416777629826,240.20772303595206,235.2982689747004,235.51597869507324,5.072574138641357
frame1797,66.32157123834887,86.20838881491345,109.54460719041278,239.48402130492676,234.44940079893476,235.70239680426099,5.0721025466918945
frame1798,66.86617842876166,86.46271637816245,109.48135818908122,236.60452729693742,232.1584553928096,233.7416777629827,5.07180643081665
frame1799,66.60785619174435,85.69174434087883,109.13715046604527,241.52063914780294,235.0652463382157,238.37483355525964,5.070995330810547
frame1800,66.20572569906791,85.46804260985353,108.77496671105193,240.1970705725699,234.27097203728363,238.3202396804261,5.070685386657715
frame1801,69.45472703062583,87.04260985352863,109.61717709720372,239.46804260985354,234.13848202396804,238.47936085219706,5.068532466888428
frame1802,70.01065246338216,87.70306258322238,109.93475366178428,238.41411451398136,233.31025299600532,237.81091877496672,5.068101406097412
frame1803,69.37816245006658,86.99267643142477,109.57989347536618,239.54593874833554,233.7057256990679,238.43608521970705,5.0676188468933105
frame1804,67.69573901464713,85.63715046604527,108.15379494007989,237.28628495339547,231.50599201065248,236.04660452729695,5.067233085632324
frame1805,67.66245006657789,85.60186418109188,108.19440745672436,238.59320905459387,232.86817576564582,236.34487350199734,5.066915512084961
frame1806,66.97802929427431,84.76564580559254,107.40545938748336,237.8561917443409,232.00399467376832,235.27097203728363,5.0645670890808105
frame1807,68.49267643142477,86.14780292942743,108.4427430093209,238.94074567243675,233.93142476697736,236.79227696404794,5.058006763458252
frame1808,67.60386151797603,85.06790945406125,107.68708388814913,237.6498002663116,231.41411451398136,235.16777629826896,5.057651996612549
frame1809,68.1844207723036,85.29494007989348,107.95938748335553,237.65113182423434,231.7583222370173,234.63315579227697,5.061196804046631
frame1810,67.51731025299601,84.95006657789614,107.48002663115845,237.99001331557923,232.39680426098536,236.01198402130493,5.05250883102417
frame1811,69.11318242343542,86.10852197070572,108.29360852197071,239.11984021304926,233.7237017310253,237.8688415446072,5.030928134918213
frame1812,67.63249001331558,84.80758988015978,106.90479360852197,237.7849533954727,232.4247669773635,236.6404793608522,5.019510746002197
frame1813,70.73435419440746,87.84154460719041,109.37949400798935,236.29094540612516,231.20905459387484,236.04527296937417,5.008572101593018
frame1814,69.35219707057257,86.51731025299601,107.9034620505992,236.91478029294274,231.8462050599201,236.685086551265,5.000071048736572
frame1815,70.745672436751,87.46671105193076,109.14380825565912,237.11251664447403,232.0219707057257,236.83621837549933,4.988882541656494
frame1816,68.93541944074568,86.09121171770973,107.78695073235686,237.0925432756325,232.0033288948069,236.73768308921439,4.985213279724121
frame1817,69.53262316910785,86.48202396804261,108.08388814913448,237.11251664447403,232.01930758988016,236.74700399467378,4.9837846755981445
frame1818,68.30159786950732,85.81757656458056,107.64314247669773,237.0925432756325,232.00399467376832,236.82556591211718,4.980529308319092
frame1819,67.45672436750999,84.68175765645806,106.09054593874833,238.1011984021305,232.94207723035953,237.66977363515312,4.979885578155518
frame1820,62.94540612516644,80.75832223701731,101.8814913448735,238.30492676431425,233.2010652463382,237.93541944074568,4.986255168914795
frame1821,60.17443408788282,77.70905459387484,98.74966711051931,237.2063914780293,232.07123834886818,236.91478029294274,4.996211528778076
frame1822,57.26964047936085,75.07390146471371,95.43808255659121,237.44207723035953,232.27563249001332,236.10918774966711,4.998406410217285
frame1823,55.27762982689747,72.69241011984022,92.6271637816245,234.41411451398136,229.2669773635153,232.97270306258324,5.009706974029541
frame1824,51.86484687083888,69.88548601864181,89.32756324900133,231.05326231691078,226.05326231691078,230.05326231691078,5.014660358428955
frame1825,46.43209054593875,64.93142476697736,84.771637816245,229.74434087882824,224.74434087882824,228.74434087882824,5.029373645782471
frame1826,43.74167776298269,62.51797603195739,82.26697736351531,236.20705725699068,230.96671105193076,233.5739014647137,5.028955459594727
frame1827,45.66844207723036,63.38282290279627,82.80292942743009,244.55126498002664,239.46205059920106,240.81424766977364,5.036259174346924
frame1828,51.78695073235686,67.95006657789614,86.68175765645806,254.5,250.85818908122502,252.38948069241013,5.055771350860596
frame1829,92.77296937416777,99.8115845539281,115.41611185086552,175.56857523302264,173.4873501997337,173.56857523302264,5.026544094085693
frame1830,129.10319573901464,130.54061251664447,135.5133155792277,172.40479360852197,170.07323568575234,169.5619174434088,5.044622421264648
frame1831,108.55992010652463,112.99400798934754,122.52729693741678,177.211051930759,173.29560585885486,171.44007989347537,5.0368876457214355
frame1832,90.18641810918776,97.67643142476697,114.54660452729694,187.80492676431425,184.711051930759,185.6231691078562,5.036648750305176
frame1833,46.328894806924104,64.9866844207723,85.34021304926765,246.2762982689747,241.3422103861518,241.39081225033289,5.069122791290283
frame1834,41.11051930758988,63.37749667110519,83.32956058588549,235.8821571238349,232.09387483355525,233.83555259653795,5.075746536254883
frame1835,43.68708388814913,65.24434087882823,85.08921438082557,233.9953395472703,230.36617842876166,231.85685752330227,5.083017349243164
frame1836,43.561251664447404,65.09920106524633,85.54593874833556,231.86151797603196,228.6138482023968,231.38082556591212,5.07588529586792
frame1837,48.17776298268975,68.87350199733689,89.2809587217044,235.67376830892144,230.65912117177098,233.64314247669773,5.071693420410156
frame1838,50.96537949400799,72.03728362183755,92.59121171770973,236.2410119840213,232.66511318242343,235.66511318242343,5.085320472717285
frame1839,54.71105193075899,75.03262316910785,96.39414114513981,240.5219707057257,237.41344873501998,239.37882822902796,5.090239524841309
frame1840,57.219041278295606,77.20705725699068,99.07789613848202,242.3515312916112,237.72969374167775,240.97470039946737,5.084121227264404
frame1841,63.48135818908123,82.01464713715046,104.83621837549933,241.8501997336884,238.8501997336884,240.86684420772303,5.085869789123535
frame1842,65.40479360852197,84.42942743009321,107.26098535286285,239.2936085219707,236.20372836218377,238.20372836218377,5.084270000457764
frame1843,66.25632490013315,85.11384820239681,108.12583222370174,241.18109187749667,236.6225033288948,238.8115845539281,5.0811052322387695
frame1844,67.12516644474034,86.00998668442077,108.62183754993342,242.52063914780294,237.56324900133157,238.6484687083888,5.0778985023498535
frame1845,67.16511318242344,85.5306258322237,108.20705725699068,239.56857523302264,235.63382157123834,235.7856191744341,5.075682163238525
frame1846,66.91810918774966,85.69707057256991,107.85019973368841,239.60319573901464,234.3688415446072,238.03462050599202,5.076614856719971
frame1847,68.14846870838882,86.34487350199734,108.47603195739015,239.54860186418108,233.80958721704394,238.237017310253,5.074558734893799
frame1848,68.02330226364847,86.47802929427431,108.60719041278296,240.66045272969373,234.5306258322237,238.7842876165113,5.074697971343994
frame1849,68.56258322237018,86.3242343541944,108.75299600532624,238.82956058588547,233.5699067909454,237.8768308921438,5.073955059051514
frame1850,67.90945406125167,86.12516644474034,108.40146471371504,239.32223701731024,233.88748335552597,238.43741677762983,5.074004650115967
frame1851,68.23568575233023,86.15912117177098,108.40479360852197,239.35419440745673,233.79760319573901,238.7157123834887,5.073424816131592
frame1852,66.19374167776299,84.54327563249001,106.68109187749667,240.62183754993342,235.16111850865514,239.69507323568575,5.076032638549805
frame1853,69.22902796271637,86.50332889480693,107.53129161118508,238.92210386151797,233.84021304926765,238.66045272969373,5.0740647315979
frame1854,67.87949400798935,85.01464713715046,106.42809587217045,237.85752330226364,232.8202396804261,237.72769640479362,5.065299987792969
frame1855,69.81225033288948,86.82756324900133,107.82290279627163,237.88881491344873,232.77230359520638,237.68641810918774,5.057971954345703
frame1856,69.9520639147803,87.02330226364847,107.88348868175765,240.33089214380826,234.66444740346205,239.66444740346205,5.033932209014893
frame1857,70.63781624500666,87.20505992010652,108.1797603195739,238.6324900133156,233.43541944074568,237.75632490013317,5.035261154174805
frame1858,69.46338215712383,86.22103861517976,107.22303595206391,237.93675099866843,232.72303595206392,237.06790945406127,5.019570350646973
frame1859,70.12516644474034,86.67842876165113,107.52330226364847,237.24034620505992,232.02862849533955,235.6051930758988,5.01599645614624
frame1860,68.9081225033289,85.96205059920106,106.88748335552596,238.92077230359521,233.70705725699068,238.05525965379493,4.992426872253418
frame1861,68.64380825565912,85.43275632490014,106.5965379494008,238.00732356857523,232.77230359520638,236.3022636484687,4.991283893585205
frame1862,69.76830892143808,86.37949400798935,107.49733688415446,238.65912117177098,233.32822902796272,236.93209054593873,4.987274169921875
frame1863,69.90146471371504,86.30758988015978,107.38415446071905,238.32689747003994,233.02063914780294,236.61185086551265,4.981786727905273
frame1864,69.87083888149135,86.60585885486019,107.4387483355526,238.65912117177098,233.32822902796272,236.93209054593873,4.979128360748291
frame1865,70.4866844207723,86.53462050599201,108.13249001331558,238.34886817576566,232.8854860186418,236.1484687083888,4.972925662994385
frame1866,69.31824234354194,85.69374167776299,107.26897470039947,239.36351531291612,233.83022636484688,237.69041278295606,4.973822116851807
frame1867,69.68575233022636,85.91411451398136,107.27896138482024,239.0219707057257,233.5133155792277,236.82157123834887,4.971717357635498
frame1868,66.41544607190413,83.04593874833556,104.12782956058588,239.04327563249,233.53195739014646,236.8375499334221,4.972881317138672
frame1869,64.38415446071905,80.74300932090546,101.84753661784288,239.13715046604528,233.737017310253,236.99467376830893,4.9732465744018555
frame1870,59.50332889480693,76.30426098535287,97.25832223701731,238.05326231691078,232.67310252996006,235.91278295605858,4.982060432434082
frame1871,58.7103861517976,75.14846870838882,95.9081225033289,239.04260985352863,233.59454061251665,236.87017310252995,4.999578952789307
frame1872,53.54194407456724,70.45805592543276,90.71371504660453,231.76231691078561,226.4553928095872,230.76231691078561,5.003373146057129
frame1873,51.336218375499335,68.245672436751,88.23901464713715,230.5798934753662,225.5798934753662,230.35419440745673,5.015024662017822
frame1874,46.93741677762983,64.30625832223701,84.1491344873502,230.8415446071904,225.8415446071904,229.8415446071904,5.029603958129883
frame1875,45.98002663115845,63.048601864181094,82.40945406125167,240.79027962716378,235.68308921438083,238.89414114513983,5.014677047729492
frame1876,44.96138482023968,62.42809587217044,81.86750998668442,250.19374167776297,244.54327563249,245.5652463382157,5.034267902374268
frame1877,77.73834886817576,87.6837549933422,104.3641810918775,240.41145139813582,236.86684420772303,238.7203728362184,4.963397979736328
frame1878,94.8555259653795,102.27363515312916,117.02063914780292,176.09786950732357,174.08388814913448,175.08388814913448,4.819124698638916
frame1879,93.45406125166444,100.59920106524633,116.48002663115845,178.6185086551265,175.75499334221038,176.90545938748335,4.525583267211914
frame1880,75.70039946737683,87.07589880159787,105.34620505992011,232.73501997336885,228.15179760319575,229.19041278295606,4.0022873878479
frame1881,44.064580559254324,62.7237017310253,83.64114513981359,240.62849533954727,236.19973368841545,237.3422103861518,4.279068946838379
frame1882,42.06191744340879,61.20106524633822,82.93675099866844,235.69973368841545,232.55525965379493,233.69973368841545,4.889279842376709
frame1883,44.40679094540612,63.57922769640479,85.1757656458056,231.76165113182424,227.95739014647137,229.76165113182424,5.033923625946045
frame1884,45.31890812250333,64.87616511318242,86.86551264980027,235.3728362183755,231.3728362183755,234.3728362183755,5.062963485717773
frame1885,49.12649800266312,68.97203728362184,90.71038615179761,235.67310252996006,231.4300932090546,234.4300932090546,5.066434860229492
frame1886,52.663781624500665,72.01198402130493,94.22703062583223,241.67376830892144,238.67376830892144,241.64114513981357,5.0753045082092285
frame1887,57.1797603195739,76.37549933422103,98.88748335552596,242.06857523302264,237.88814913448735,240.0705725699068,5.075873374938965
frame1888,58.85219707057257,78.03462050599201,101.11451398135819,243.5958721704394,239.72103861517976,242.63648468708388,5.07726526260376
frame1889,63.749667110519304,82.5392809587217,105.61185086551265,240.94673768308922,237.8988015978695,240.85219707057257,5.077775478363037
frame1890,65.79094540612516,84.47336884154461,107.85286284953395,239.81691078561917,236.40612516644475,238.19174434087884,5.077375411987305
frame1891,65.61584553928095,84.26897470039947,107.36284953395473,237.77896138482024,233.84021304926765,236.03395472703062,5.074349403381348
frame1892,65.80825565912117,85.51131824234355,108.49800266311584,241.3029294274301,237.27563249001332,237.33488681757657,5.072268962860107
frame1893,66.73435419440746,86.38681757656458,109.23768308921439,239.68442077230358,234.72569906790946,235.7416777629827,5.072072982788086
frame1894,66.30292942743009,85.80226364846871,109.0439414114514,236.33288948069242,232.08388814913448,233.3375499334221,5.071315765380859
frame1895,68.21304926764314,86.61118508655126,109.70106524633822,240.3022636484687,234.93342210386152,237.29760319573901,5.06948184967041
frame1896,67.55659121171772,85.97603195739015,109.16245006657789,241.14580559254327,235.38881491344873,238.3994673768309,5.0695905685424805
frame1897,69.0965379494008,87.31757656458056,110.31824234354194,239.8774966711052,233.16777629826896,236.3861517976032,5.068051815032959
frame1898,68.42743009320905,86.7676431424767,109.85286284953395,239.31824234354195,233.45805592543275,236.57190412782955,5.067867755889893
frame1899,68.98735019973368,86.96138482023969,109.65512649800266,241.27496671105192,235.75565912117176,239.95672436751,5.067138671875
frame1900,67.4074567243675,85.41877496671106,108.51065246338216,239.97070572569908,234.38948069241013,237.55525965379493,5.067129135131836
frame1901,68.72237017310253,86.73968042609853,109.63448735019973,240.10252996005326,233.86218375499334,238.3508655126498,5.066462516784668
frame1902,66.83222370173102,84.7849533954727,108.12916111850865,238.28229027962718,233.01864181091878,237.491344873502,5.058588027954102
frame1903,69.4074567243675,87.2276964047936,109.92942743009321,237.67509986684422,232.31824234354195,236.84420772303596,5.052128314971924
frame1904,69.52529960053262,86.65978695073235,109.19707057256991,240.26165113182424,233.90545938748335,238.13981358189082,5.040351867675781
frame1905,70.87949400798935,87.95006657789614,110.23968042609853,240.1531291611185,234.37017310252995,238.41278295605858,5.043702125549316
frame1906,70.58521970705726,87.48268974700399,109.88748335552596,240.1964047936085,234.73035952063915,239.245672436751,5.031881809234619
frame1907,70.53462050599201,87.55792276964048,109.5925432756325,239.12916111850865,233.69440745672438,238.24300932090546,5.014461040496826
frame1908,69.26964047936085,86.13382157123834,108.5965379494008,238.82556591211718,233.56857523302264,238.00665778961385,5.003453731536865
frame1909,69.81691078561917,86.68042609853529,108.73302263648469,237.89547270306258,232.67643142476697,237.20239680426099,4.995859146118164
frame1910,69.92143808255659,87.06524633821572,108.60785619174435,238.38482023968044,233.17842876165113,237.72436750998668,4.988006591796875
frame1911,68.9560585885486,86.09786950732357,107.32157123834887,236.89547270306258,231.67643142476697,236.20239680426099,4.981400489807129
frame1912,69.24700399467376,86.44141145139814,107.65645805592543,237.05659121171772,231.8501997336884,236.42077230359521,4.982494354248047
frame1913,69.50133155792277,86.78295605858855,107.37549933422103,236.98934753661786,231.79027962716378,236.3688415446072,4.981607913970947
frame1914,69.008655126498,86.35885486018641,107.29960053262317,237.05659121171772,231.8501997336884,236.42077230359521,4.984955310821533
frame1915,68.35286284953395,85.77762982689747,106.25832223701731,236.98934753661786,231.79027962716378,236.3688415446072,4.984729290008545
frame1916,64.75832223701731,82.5352862849534,103.16378162450067,237.99267643142477,232.99334221038615,236.99334221038615,4.985692977905273
frame1917,60.92143808255659,78.68641810918776,98.99733688415446,238.95605858854861,232.9600532623169,237.95605858854861,4.990769386291504
frame1918,57.97669773635153,75.97669773635153,96.0745672436751,238.8069241011984,232.82623169107856,237.8069241011984,4.994524955749512
frame1919,54.39147802929428,72.24633821571238,91.83488681757656,234.00599201065248,229.00599201065248,233.00599201065248,5.003966331481934
frame1920,51.50399467376831,69.48868175765645,89.1757656458056,230.73568575233023,224.7669773635153,229.52529960053263,5.0101728439331055
frame1921,48.63515312916112,66.8814913448735,85.91478029294274,227.85818908122502,222.82157123834887,226.70972037283622,5.0111565589904785
frame1922,45.87949400798935,64.1318242343542,83.50066577896139,235.91145139813582,230.81890812250333,233.7157123834887,4.9902520179748535
frame1923,45.470039946737685,63.39747003994674,82.44873501997337,244.3901464713715,239.29760319573901,241.1531291611185,5.012085437774658
frame1924,47.717043941411454,64.85885486018641,83.71837549933421,253.79494007989348,250.17043941411453,250.5479360852197,5.002757549285889
frame1925,91.82556591211717,99.15645805592543,114.33954727030626,194.14713715046605,190.76964047936085,191.3375499334221,4.930628299713135
frame1926,110.3288948069241,114.49467376830893,123.87749667110519,174.77829560585886,171.77696404793608,170.77829560585886,4.836807727813721
frame1927,127.33155792276965,127.96604527296937,133.04993342210386,177.0912117177097,173.99334221038615,174.2503328894807,4.801438331604004
frame1928,90.58521970705726,97.74034620505992,114.68908122503329,177.81557922769642,174.94940079893476,175.4201065246338,4.729903697967529
frame1929,50.64114513981358,69.36484687083887,88.99800266311584,245.69973368841545,239.69840213049267,240.84420772303596,4.970623016357422
frame1930,41.95206391478029,62.8422103861518,83.5612516644474,234.71704394141145,230.02396804260985,232.04527296937417,5.055723190307617
frame1931,40.4121171770972,61.79161118508655,82.23102529960053,238.2842876165113,235.11651131824235,236.2416777629827,5.073397159576416
frame1932,41.165778961384824,62.67909454061252,83.54527296937417,230.15712383488682,227.05193075898802,229.05193075898802,5.085252285003662
frame1933,45.724367509986685,66.77762982689747,87.97270306258322,235.88082556591212,230.97869507323568,233.97869507323568,5.075957298278809
frame1934,49.22237017310253,70.07323568575234,91.52729693741678,237.01930758988016,232.24367509986683,235.01930758988016,5.069144248962402
frame1935,54.23501997336884,74.35885486018641,96.01864181091878,240.07190412782955,236.99267643142477,239.67310252996006,5.077465534210205
frame1936,55.81757656458056,76.00199733688416,98.22969374167776,241.9820239680426,238.04327563249,240.97536617842877,5.077722549438477
frame1937,60.8422103861518,80.90079893475367,102.93475366178428,241.37083888149135,238.19973368841545,241.18109187749667,5.080702304840088
frame1938,62.91544607190413,82.90612516644474,105.69507323568575,239.99467376830893,236.99467376830893,238.9953395472703,5.07921838760376
frame1939,64.53129161118508,84.41011984021306,106.75233022636485,241.48934753661786,236.92410119840213,239.81225033288948,5.075796604156494
frame1940,65.19507323568575,85.16245006657789,107.56391478029295,241.3382157123835,236.87882822902796,238.49467376830893,5.074653625488281
frame1941,66.32623169107856,85.6757656458056,108.11451398135819,239.62982689747005,234.9520639147803,235.52996005326233,5.073519229888916
frame1942,66.18508655126497,85.58921438082557,108.36884154460719,237.5745672436751,232.74766977363515,234.1278295605859,5.0721259117126465
frame1943,66.61451398135819,86.12649800266311,108.53262316910785,240.67376830892144,236.21770972037282,238.56657789613848,5.071650981903076
frame1944,67.99201065246338,86.9074567243675,108.04593874833556,239.5093209054594,234.4214380825566,235.7936085219707,5.069532871246338
frame1945,68.70505992010652,87.54660452729694,108.51131824234355,240.40545938748335,234.86817576564582,236.7190412782956,5.0684990882873535
frame1946,67.47802929427431,86.3635153129161,107.47203728362184,241.3994673768309,235.53728362183756,237.71238348868175,5.069058895111084
frame1947,67.10252996005326,86.01997336884155,106.90013315579228,240.18641810918774,234.58189081225032,236.63648468708388,5.06850004196167
frame1948,68.0392809587217,87.05525965379493,108.01131824234355,239.46205059920106,234.0878828229028,237.1138482023968,5.067066669464111
frame1949,67.58122503328894,86.33155792276965,107.13914780292943,239.3735019973369,233.65645805592544,236.45672436751,5.066900253295898
frame1950,68.0832223701731,86.91011984021306,108.15179760319575,239.18641810918774,234.49467376830893,237.20306258322236,5.06628942489624
frame1951,67.80426098535287,86.76098535286285,107.60985352862849,238.685086551265,233.99467376830893,236.87882822902796,5.066249370574951
frame1952,67.77097203728363,86.51264980026632,107.73834886817576,238.58721704394142,232.982689747004,236.58854860186418,5.051389694213867
frame1953,67.95739014647137,86.42609853528629,107.38015978695073,238.3069241011984,232.6324900133156,236.0958721704394,5.043593406677246
frame1954,67.56258322237018,86.16111850865512,107.24900133155792,238.35752330226364,232.74034620505992,236.1438082556591,5.049300670623779
frame1955,68.94141145139814,87.01065246338216,107.69374167776299,239.7796271637816,234.04727030625833,237.47669773635153,5.032627582550049
frame1956,67.93009320905459,85.59320905459387,107.49001331557923,238.6790945406125,232.94141145139812,236.36018641810918,5.019247531890869
frame1957,68.47270306258322,85.65712383488682,107.20039946737683,238.01997336884153,232.25299600532622,235.61118508655127,5.0090765953063965
frame1958,68.79427430093209,85.7410119840213,107.25832223701731,238.5133155792277,232.77030625832225,236.24633821571237,4.99962043762207
frame1959,69.39680426098535,85.9121171770972,107.42143808255659,239.44873501997336,233.68175765645805,237.08655126498002,4.991968154907227
frame1960,69.14181091877496,85.97270306258322,107.64780292942743,238.33089214380826,232.59320905459387,236.07723035952063,4.991782188415527
frame1961,69.64980026631159,86.43808255659121,107.76631158455393,238.34087882822902,232.58521970705726,236.0306258322237,4.986030101776123
frame1962,70.11118508655126,86.91478029294274,108.38881491344874,238.32956058588547,232.59320905459387,235.3814913448735,4.984491348266602
frame1963,70.62583222370174,87.21704394141145,108.52197070572569,237.7416777629827,231.98601864181092,235.47137150466045,4.983946800231934
frame1964,66.43408788282291,83.35019973368841,104.79161118508655,237.77030625832225,232.03395472703062,235.55792276964047,4.985130310058594
frame1965,63.19041278295606,80.23968042609853,101.27097203728363,238.51597869507324,232.75965379494008,235.49467376830893,4.986051559448242
frame1966,60.89613848202397,78.18242343541944,98.93342210386152,238.26631158455393,231.81424766977364,235.32223701731024,4.991323947906494
frame1967,57.86218375499334,74.94141145139814,95.40878828229027,238.63715046604528,232.91611185086552,235.4780292942743,4.995111465454102
frame1968,55.687749667110516,72.82290279627163,92.90279627163781,233.2989347536618,227.74300932090546,230.6311584553928,5.007510185241699
frame1969,51.13981358189081,68.99267643142477,88.42143808255659,231.36351531291612,226.5752330226365,229.44873501997336,5.019049644470215
frame1970,47.59520639147803,65.71637816245007,85.45938748335553,230.09454061251665,224.96804260985354,227.98135818908122,5.010432720184326
frame1971,46.18641810918775,64.18774966711052,83.54460719041278,238.8821571238349,233.36151797603196,235.62583222370174,4.986473560333252
frame1972,45.04194407456724,63.134487350199734,82.6185086551265,248.47603195739015,242.59786950732357,244.18974700399468,5.007630825042725
frame1973,60.77896138482024,74.90945406125167,93.65312916111851,252.6278295605859,248.51464713715046,249.31691078561917,4.975282669067383
frame1974,94.16444740346205,101.06724367509986,116.52929427430094,177.03328894806924,174.0612516644474,175.89347536617842,4.77450704574585
frame1975,95.18974700399467,101.92942743009321,117.16910785619174,174.00665778961385,170.94340878828228,170.02396804260985,4.3343987464904785
frame1976,85.25832223701731,93.85153129161118,111.59121171770973,212.81291611185085,209.0219707057257,210.74300932090546,3.4456939697265625
frame1977,43.522636484687084,64.54061251664447,85.3994673768309,244.1884154460719,239.36684420772303,239.59454061251665,3.654529571533203
frame1978,40.72769640479361,62.198402130492674,83.10852197070572,235.22103861517976,231.23968042609854,233.15579227696404,4.723443508148193
frame1979,42.19773635153129,63.297603195739015,84.40612516644474,230.6005326231691,226.6145139813582,228.58721704394142,5.029451847076416
frame1980,42.53328894806924,63.84287616511318,85.2237017310253,231.13981358189082,228.09786950732357,231.08388814913448,5.074917793273926
frame1981,47.966045272969374,68.50266311584554,90.11784287616511,235.22769640479362,230.5572569906791,233.38681757656457,5.075013637542725
frame1982,51.03661784287617,71.36151797603196,93.27030625832224,240.1484687083888,236.92077230359521,239.89680426098536,5.0893449783325195
frame1983,54.8508655126498,74.93342210386152,97.65113182423435,242.5226364846871,238.75166444740347,241.12117177097204,5.091920375823975
frame1984,57.86750998668442,78.03794940079894,101.28428761651132,240.9087882822903,236.5046604527297,239.60386151797604,5.085244655609131
frame1985,62.64647137150466,82.19241011984022,105.62383488681758,240.76098535286286,237.5226364846871,239.68442077230358,5.087599277496338
frame1986,64.39414114513981,84.1930758988016,107.62516644474034,241.98135818908122,237.83954727030627,240.4474034620506,5.084527969360352
frame1987,65.60452729693742,85.15312916111851,108.52796271637816,241.5093209054594,236.6145139813582,240.01597869507324,5.081574440002441
frame1988,66.07789613848202,85.94607190412783,109.44607190412783,240.54660452729695,236.49600532623168,238.54327563249,5.0793256759643555
frame1989,66.42276964047936,85.7723035952064,109.16378162450067,239.0559254327563,234.8861517976032,236.77896138482024,5.078266143798828
frame1990,65.36884154460719,85.07123834886818,108.45073235685753,237.31291611185085,232.25299600532622,234.74034620505992,5.077292442321777
frame1991,66.46138482023969,85.45472703062583,108.48002663115845,239.54727030625833,234.59920106524635,237.74833555259653,5.077441692352295
frame1992,67.42010652463382,86.23302263648469,109.66311584553928,240.7982689747004,234.14447403462052,237.01930758988016,5.076396465301514
frame1993,67.84154460719041,86.4600532623169,109.63382157123834,238.9553928095872,232.99600532623168,235.98402130492676,5.075084209442139
frame1994,66.67443408788283,85.70639147802929,108.73169107856192,239.0845539280959,233.13515312916113,236.13315579227697,5.076122760772705
frame1995,68.2017310252996,86.25632490013315,109.20106524633822,240.04127829560585,234.31291611185085,238.01065246338214,5.073996067047119
frame1996,67.69840213049268,86.09520639147803,109.16844207723035,241.66977363515312,235.19107856191744,239.05392809587218,5.074735641479492
frame1997,69.36684420772303,87.22170439414114,110.12782956058588,238.87549933422105,233.32290279627165,237.1790945406125,5.073534965515137
frame1998,67.7982689747004,86.11651131824235,108.9693741677763,238.48335552596538,232.9600532623169,236.90545938748335,5.075176239013672
frame1999,68.32223701731026,85.99267643142477,108.95938748335553,237.49733688415446,231.9693741677763,235.91478029294274,5.07745885848999
frame2000,68.4074567243675,85.72902796271637,108.82756324900133,237.44673768308922,231.9920106524634,236.9340878828229,5.0681233406066895
frame2001,69.92743009320905,86.83954727030626,109.50266311584554,239.3861517976032,234.3462050599201,239.25233022636485,5.061482906341553
frame2002,68.19707057256991,85.76231691078561,108.23901464713715,239.65978695073235,234.61051930758987,239.46870838881492,5.057369709014893
frame2003,69.0486018641811,86.4034620505992,108.65179760319575,238.6498002663116,233.61051930758987,238.48868175765645,5.057824611663818
frame2004,67.45339547270306,85.39347536617844,107.58655126498003,237.73768308921439,232.6884154460719,237.55525965379493,5.036701202392578
frame2005,69.97270306258322,87.21371504660453,109.27030625832224,237.82623169107856,232.78695073235687,237.68708388814915,5.023256778717041
frame2006,68.57656458055925,86.13382157123834,108.33222370173102,237.2762982689747,232.2010652463382,237.08388814913448,5.013309001922607
frame2007,70.57723035952064,87.72170439414114,109.14780292942743,237.31091877496672,232.271637816245,237.08122503328894,5.003190517425537
frame2008,67.94940079893475,85.42942743009321,106.96404793608522,237.26098535286286,232.2103861517976,237.0559254327563,4.997128009796143
frame2009,68.94873501997337,86.13848202396804,107.52263648468708,237.25765645805592,232.21837549933423,237.08122503328894,4.990121841430664
frame2010,68.95339547270306,86.24700399467376,107.82623169107856,237.26098535286286,232.2103861517976,237.00665778961385,4.993693828582764
frame2011,69.51531291611185,86.65179760319575,108.09853528628496,237.31091877496672,232.271637816245,237.04194407456725,4.988725185394287
frame2012,64.60652463382156,82.40213049267643,103.43408788282291,237.25565912117176,232.2103861517976,236.16111850865514,4.986917972564697
frame2013,61.59853528628496,79.16378162450067,100.03262316910785,237.75632490013317,232.71704394141145,236.7203728362184,4.98871374130249
frame2014,58.76964047936085,76.52796271637816,97.28295605858855,237.19174434087884,232.14247669773636,236.04394141145139,4.996696472167969
frame2015,56.67842876165113,74.51864181091878,94.74167776298269,236.16444740346205,231.06258322237017,234.86284953395472,5.0083842277526855
frame2016,51.1271637816245,69.56191744340879,89.3681757656458,231.46604527296938,226.4154460719041,230.31424766977364,5.020468711853027
frame2017,49.48468708388815,67.90013315579228,87.77097203728363,229.60719041278296,224.54593874833554,229.08854860186418,5.013753890991211
frame2018,45.99400798934754,64.60186418109188,84.64247669773636,233.43541944074568,227.4780292942743,231.1185086551265,4.999298572540283
frame2019,45.466045272969374,63.634487350199734,84.05392809587217,241.78229027962718,236.4167776298269,239.6051930758988,5.018331050872803
frame2020,46.69906790945406,64.43675099866844,84.32623169107856,251.9214380825566,246.72436750998668,247.1970705725699,5.021764755249023
frame2021,87.92343541944075,95.74633821571238,112.15645805592543,222.9780292942743,218.62050599201066,219.68109187749667,4.956594944000244
frame2022,94.33288948069242,101.24367509986685,116.24966711051931,177.0925432756325,175.0,175.814913448735,4.873795032501221
frame2023,92.96671105193076,100.37350199733689,116.54061251664447,179.94007989347537,176.94007989347537,177.9201065246338,4.710996627807617
frame2024,59.9693741677763,75.17376830892144,94.94940079893475,242.89347536617842,238.91478029294274,239.32290279627165,4.643571376800537
frame2025,42.69374167776298,63.257656458055926,83.86684420772303,238.55459387483356,234.1884154460719,235.60719041278296,4.909091949462891
frame2026,41.53129161118509,62.3202396804261,83.28961384820239,233.97470039946737,230.5958721704394,231.97470039946737,5.044203758239746
frame2027,43.741011984021306,64.45406125166444,85.54194407456724,231.44207723035953,227.63781624500666,229.45805592543275,5.0579304695129395
frame2028,44.67443408788282,65.44806924101198,86.93808255659121,234.2157123834887,230.22636484687084,233.22636484687084,5.061788082122803
frame2029,47.782956058588546,68.72902796271637,89.75965379494008,235.4474034620506,230.64647137150467,233.64647137150467,5.053656101226807
frame2030,51.78428761651132,72.25166444740346,94.26897470039947,242.72170439414114,239.36950732356857,241.38015978695074,5.074117183685303
frame2031,55.75299600532623,75.9693741677763,97.72170439414114,242.31424766977364,238.22769640479362,240.77097203728363,5.078371047973633
frame2032,59.05126498002663,79.28894806924102,102.10452729693742,241.45272969374167,238.2316910785619,241.2316910785619,5.078821182250977
frame2033,63.72303595206392,83.6797603195739,106.50133155792277,241.39147802929426,238.288948069241,241.32623169107856,5.08057975769043
frame2034,65.6797603195739,85.32290279627163,108.97603195739015,240.20439414114514,235.31824234354195,239.10186418109188,5.077921390533447
frame2035,66.49866844207723,86.11584553928095,109.53661784287617,238.61051930758987,234.16844207723037,237.34487350199734,5.076880931854248
frame2036,65.58455392809587,85.17643142476697,108.78362183754993,241.10652463382158,236.18242343541945,237.65512649800266,5.07391357421875
frame2037,66.80825565912117,86.09454061251664,109.26830892143808,238.1225033288948,232.27696404793608,235.87150466045273,5.07328462600708
frame2038,65.67443408788283,84.92476697736352,108.41078561917443,238.98002663115847,233.2589880159787,237.0033288948069,5.072122573852539
frame2039,66.56724367509986,85.45272969374167,108.73435419440746,240.69507323568575,235.37150466045273,238.9607190412783,5.072361469268799
frame2040,66.42410119840213,85.21371504660453,108.74633821571238,240.98002663115847,235.4553928095872,238.29560585885486,5.071523189544678
frame2041,68.52596537949401,87.4474034620506,110.39081225033289,238.94873501997336,233.4041278295606,237.19840213049267,5.069813251495361
frame2042,67.80492676431425,86.60785619174435,109.73968042609853,237.94940079893476,232.3721704394141,236.08122503328894,5.069944858551025
frame2043,68.27696404793609,87.0486018641811,109.78628495339547,238.55858854860188,232.97203728362183,237.2842876165113,5.0690016746521
frame2044,66.93209054593875,85.74434087882823,108.58655126498003,238.60852197070574,232.98601864181092,236.57656458055925,5.07007360458374
frame2045,67.96804260985353,86.59853528628496,108.81358189081224,238.47869507323568,232.9693741677763,237.01464713715046,5.0684428215026855
frame2046,67.38681757656458,85.62383488681758,107.49467376830893,238.6797603195739,233.0226364846871,236.70505992010652,5.059700965881348
frame2047,66.90612516644474,85.18175765645806,106.81291611185087,237.47936085219706,231.7989347536618,235.59786950732357,5.058971405029297
frame2048,67.60652463382156,85.94806924101198,107.80958721704394,237.11051930758987,232.0612516644474,236.1264980026631,5.050292015075684
frame2049,68.3288948069241,86.51131824234355,108.10918774966711,239.98535286284954,234.60386151797604,238.68575233022636,5.059487342834473
frame2050,68.21105193075898,86.40878828229027,108.10452729693742,238.771637816245,233.54993342210386,237.28828229027962,5.058701515197754
frame2051,69.16511318242344,87.56191744340879,108.65246338215712,237.9920106524634,232.75366178428763,236.01864181091878,5.055560111999512
frame2052,69.60319573901465,87.34553928095872,108.58988015978694,237.90013315579228,232.54194407456725,235.82556591211718,5.037209510803223
frame2053,69.95805592543276,87.1844207723036,108.48069241011984,238.10386151797604,232.7363515312916,236.6138482023968,5.023669719696045
frame2054,68.99334221038615,86.69041278295606,108.23568575233023,238.07656458055925,232.71837549933423,236.00199733688416,5.0142316818237305
frame2055,69.05925432756325,86.71171770972038,108.27296937416777,237.45339547270305,232.06258322237017,236.2982689747004,5.005136489868164
frame2056,68.12250332889481,85.79494007989348,107.76098535286285,237.8548601864181,232.46604527296938,235.80093209054593,5.000966548919678
frame2057,69.16245006657789,86.69973368841545,108.4866844207723,237.98335552596538,232.5832223701731,236.48801597869507,4.99411678314209
frame2058,68.01398135818908,85.09454061251664,107.491344873502,239.39547270306258,233.99933422103862,238.05459387483356,4.993184566497803
frame2059,67.25765645805592,84.55792276964048,106.37616511318242,239.37549933422105,233.8508655126498,238.0386151797603,4.988010883331299
frame2060,63.60918774966711,81.11185086551265,102.77296937416777,239.78229027962718,234.39813581890812,237.72170439414114,4.98898458480835
frame2061,61.31757656458056,78.95539280958722,100.25699067909454,238.22902796271637,232.8561917443409,237.09454061251665,4.9951605796813965
frame2062,58.79893475366178,76.49733688415446,97.75765645805592,238.2729693741678,232.9041278295606,237.15446071904128,4.998978137969971
frame2063,54.82756324900133,72.92942743009321,93.3728362183755,234.15113182423434,228.4440745672437,232.92876165113182,5.008892059326172
frame2064,50.04460719041278,68.49800266311584,88.97203728362184,230.60252996005326,225.35818908122502,229.69973368841545,5.016136169433594
frame2065,47.03129161118509,65.4427430093209,85.67310252996005,228.9906790945406,223.81025299600532,228.11051930758987,4.97391939163208
frame2066,45.22902796271638,63.4254327563249,83.69041278295606,236.32756324900134,230.81291611185085,233.26964047936085,4.992228031158447
frame2067,45.081225033288945,63.133155792276966,83.4513981358189,245.1098535286285,239.88282290279628,241.44873501997336,5.014040946960449
frame2068,49.3595206391478,66.32223701731026,86.26364846870838,254.40612516644475,251.18774966711052,251.90812250332888,5.019724369049072
frame2069,92.89280958721704,99.92809587217045,115.75765645805592,176.49600532623168,173.94141145139812,175.22902796271637,4.967926979064941
frame2070,125.48335552596538,127.42210386151798,132.54993342210386,173.03462050599202,170.02396804260985,169.0079893475366,4.96951961517334
frame2071,108.2676431424767,112.47270306258322,122.7017310252996,175.76098535286286,173.0093209054594,172.87549933422105,4.942535877227783
frame2072,90.85219707057257,98.16844207723035,115.24367509986685,185.3115845539281,181.39414114513983,181.4474034620506,4.9324164390563965
frame2073,45.546604527296935,64.61451398135819,85.98868175765645,245.96537949400798,240.0,241.06924101198402,5.038229942321777
frame2074,38.96138482023968,60.81491344873502,81.76431424766977,235.95073235685751,231.73102529960053,233.9427430093209,5.071282863616943
frame2075,42.358189081225035,64.21105193075898,84.77962716378163,235.24766977363515,232.02862849533955,233.24766977363515,5.083114147186279
frame2076,43.21770972037284,65.02330226364847,85.40612516644474,231.01930758988016,227.79494007989348,229.79494007989348,5.079840183258057
frame2077,46.95539280958722,67.95805592543276,88.26564580559254,236.7856191744341,232.13382157123834,235.13382157123834,5.068370342254639
frame2078,50.905459387483354,71.61584553928095,92.38814913448735,238.0785619174434,234.0785619174434,237.0785619174434,5.08639669418335
frame2079,55.09320905459388,75.55326231691079,96.68708388814913,241.6617842876165,238.43541944074568,240.3515312916112,5.086559295654297
frame2080,57.81291611185087,78.19840213049268,99.728362183755,239.32756324900134,235.6178428761651,238.32756324900134,5.0828962326049805
frame2081,61.95805592543276,81.93075898801598,104.03328894806924,241.61651131824235,238.61651131824235,240.65912117177098,5.087277412414551
frame2082,64.68974700399467,84.42476697736352,107.10785619174435,240.15046604527296,236.70838881491346,238.7190412782956,5.085200786590576
frame2083,67.12982689747004,86.64580559254327,109.08455392809587,238.0745672436751,233.80426098535287,236.38415446071903,5.083301067352295
frame2084,66.58921438082557,86.09720372836219,108.6711051930759,240.63781624500666,236.06391478029295,237.58055925432757,5.07948637008667
frame2085,67.08122503328894,86.55059920106525,108.91478029294274,239.65046604527296,235.80758988015978,236.49600532623168,5.078249931335449
frame2086,67.95539280958722,86.46737683089215,110.35286284953395,238.30492676431425,233.185086551265,236.21704394141145,5.0759711265563965
frame2087,69.26231691078561,87.66378162450067,111.33821571238349,241.10652463382158,235.93075898801598,239.38482023968044,5.075473308563232
frame2088,68.46205059920106,86.94141145139814,110.83155792276965,241.37150466045273,235.5832223701731,238.51131824234355,5.075262546539307
frame2089,69.2150466045273,87.73635153129162,111.05392809587217,240.3162450066578,234.51398135818908,237.30625832223703,5.074469566345215
frame2090,68.00066577896139,86.60985352862849,109.90679094540613,238.9041278295606,233.02330226364847,235.96604527296938,5.074702739715576
frame2091,68.97336884154461,87.44340878828228,110.60852197070572,241.15179760319575,236.15179760319575,239.28628495339547,5.073728561401367
frame2092,66.98934753661784,85.63781624500666,108.84221038615179,241.31557922769642,235.4440745672437,238.0619174434088,5.075590133666992
frame2093,67.73635153129162,86.28428761651132,109.28428761651132,239.86018641810918,233.99334221038615,236.44207723035953,5.074636459350586
frame2094,66.72170439414114,85.51597869507323,108.40945406125167,237.16378162450067,231.29227696404794,234.54926764314249,5.073969841003418
frame2095,68.04460719041278,86.80492676431425,109.46338215712383,239.2936085219707,233.56258322237017,237.09786950732357,5.069540023803711
frame2096,68.3288948069241,86.52663115845539,109.52729693741678,240.01464713715046,234.8202396804261,238.95472703062583,5.053267002105713
frame2097,69.15046604527296,86.88415446071905,109.75632490013315,238.95872170439415,233.42276964047937,237.68774966711052,5.058586120605469
frame2098,68.59587217043942,86.3115845539281,108.68708388814913,239.6185086551265,234.52063914780294,239.32490013315578,5.040178298950195
frame2099,70.19241011984022,87.73501997336884,109.8641810918775,238.53462050599202,233.53262316910786,238.52862849533955,5.030860424041748
frame2100,69.12117177097204,86.73901464713715,109.08588548601864,237.57123834886818,232.56857523302264,237.51531291611184,5.0131731033325195
frame2101,70.23834886817576,87.70639147802929,109.65978695073235,237.53462050599202,232.53262316910786,237.47669773635153,4.998713970184326
frame2102,69.4207723035952,86.40612516644474,108.33288948069242,237.57123834886818,232.56857523302264,237.51531291611184,4.994983673095703
frame2103,70.97669773635153,87.85352862849534,109.49201065246338,237.482689747004,232.48069241011984,237.4247669773635,4.98656702041626
frame2104,70.98002663115845,87.39547270306258,109.06191744340879,236.57123834886818,231.56857523302264,236.5126498002663,4.980635166168213
frame2105,70.8162450066578,87.67842876165113,109.34087882822902,237.20372836218377,232.2017310252996,237.1011984021305,4.9800944328308105
frame2106,69.27030625832224,86.37083888149135,108.08655126498003,238.41877496671106,233.41611185086552,238.237017310253,4.980257987976074
frame2107,70.41744340878829,87.37749667110519,109.04127829560586,237.75366178428763,232.75366178428763,237.6145139813582,4.978389263153076
frame2108,66.63848202396804,83.90679094540613,105.34487350199734,237.20972037283622,232.21171770972038,237.16378162450067,4.979229927062988
frame2109,65.0046604527297,82.25233022636485,103.38615179760319,238.060585885486,233.060585885486,237.15712383488682,4.980912208557129
frame2110,59.69440745672437,77.55525965379493,99.20439414114514,237.75632490013317,232.75632490013317,237.62183754993342,4.995190143585205
frame2111,57.42077230359521,75.51464713715046,96.69174434087883,237.08388814913448,232.08388814913448,236.08388814913448,5.004705429077148
frame2112,52.12117177097204,70.65246338215712,91.3641810918775,232.01398135818908,226.82157123834887,231.0612516644474,5.008315086364746
frame2113,50.073901464713714,68.83022636484687,89.33022636484687,231.59986684420772,226.33288948069242,230.34886817576566,5.012115955352783
frame2114,46.30359520639148,64.98801597869507,85.88814913448735,232.5399467376831,226.54127829560585,228.59320905459387,4.9693284034729
frame2115,46.470039946737685,65.07190412782955,85.65645805592543,242.74300932090546,236.44074567243675,238.48335552596538,4.963788032531738
frame2116,45.790279627163784,63.488015978695074,84.15446071904128,249.07723035952063,243.517310252996,244.314913448735,4.977116584777832
frame2117,73.80892143808255,84.6185086551265,102.56058588548602,244.01198402130493,239.87150466045273,241.12516644474036,4.898340702056885
frame2118,95.7150466045273,102.88348868175765,117.19840213049268,176.38082556591212,174.25565912117176,175.2589880159787,4.704002857208252
frame2119,93.16777629826898,100.33288948069242,116.99267643142477,174.00532623169107,170.7190412782956,169.88282290279628,4.274829864501953
frame2120,74.47137150466045,85.94407456724367,104.98801597869507,231.53595206391478,227.1264980026631,228.44474034620507,3.614124059677124
frame2121,42.70572569906791,63.37749667110519,84.32223701731026,244.08921438082555,239.39414114513983,239.99600532623168,3.9761171340942383
frame2122,40.916777629826896,61.93741677762983,82.50133155792277,236.22969374167775,233.11318242343543,234.18575233022636,4.859708786010742
frame2123,42.90279627163782,63.56924101198402,84.16111850865512,231.4873501997337,228.4873501997337,230.228362183755,5.049020290374756
frame2124,45.19174434087883,65.71571238348868,86.50665778961385,233.6438082556591,229.6491344873502,232.728362183755,5.074234485626221
frame2125,48.5878828229028,69.46404793608522,91.08854860186418,235.20905459387484,231.52996005326233,234.52996005326233,5.074549198150635
frame2126,51.207723035952064,72.00066577896139,94.21238348868175,240.15512649800266,236.97869507323568,239.9733688415446,5.081189155578613
frame2127,57.26964047936085,77.27762982689747,99.61984021304927,239.17177097203728,235.89081225033289,238.03129161118508,5.0807414054870605
frame2128,58.10852197070572,78.2723035952064,100.93209054593875,242.96537949400798,238.72769640479362,241.96537949400798,5.077906608581543
frame2129,63.16844207723036,82.88615179760319,106.2676431424767,241.30758988015978,238.30758988015978,240.3768308921438,5.081575870513916
frame2130,63.90479360852197,83.89680426098535,107.57789613848202,237.9733688415446,234.96271637816244,237.94141145139812,5.079455375671387
frame2131,65.81358189081224,85.40213049267643,108.65645805592543,241.66910785619174,236.86018641810918,239.33022636484688,5.077706813812256
frame2132,64.22170439414114,83.40146471371504,106.88282290279628,242.64247669773636,237.63515312916113,238.79760319573901,5.07646369934082
frame2133,66.58854860186418,85.27696404793609,108.49201065246338,239.88681757656457,233.9733688415446,235.11584553928097,5.076395511627197
frame2134,68.14114513981359,87.33022636484687,110.0039946737683,238.271637816245,232.73901464713714,236.51930758988016,5.074975490570068
frame2135,67.18908122503329,85.72436750998668,108.745672436751,241.46338215712385,236.04194407456725,239.1664447403462,5.075056076049805
frame2136,68.24234354194408,86.84087882822902,109.4427430093209,239.80958721704394,233.49933422103862,236.90013315579228,5.073781490325928
frame2137,66.51065246338216,85.39547270306258,107.78761651131825,238.61717709720372,233.2496671105193,237.51198402130493,5.075157642364502
frame2138,65.41877496671106,84.5965379494008,107.06258322237018,239.3462050599201,234.0878828229028,238.56790945406127,5.074670314788818
frame2139,67.28695073235686,85.11917443408788,107.94074567243675,237.82290279627165,232.58854860186418,237.15978695073235,5.073360919952393
frame2140,67.23635153129162,85.51065246338216,108.01997336884155,238.30892143808256,232.8901464713715,237.0525965379494,5.073467254638672
frame2141,67.1711051930759,85.31890812250333,108.21571238348868,239.6438082556591,233.9820239680426,237.6577896138482,5.07348108291626
frame2142,66.01664447403462,84.37350199733689,107.22103861517976,239.02929427430092,233.36617842876166,237.01131824234355,5.074487209320068
frame2143,69.59720372836219,86.44141145139814,108.88482023968042,237.8202396804261,232.19174434087884,235.9347536617843,5.066986560821533
frame2144,66.25233022636485,84.16844207723035,106.45938748335553,237.25166444740347,232.08255659121173,235.43142476697736,5.0716657638549805
frame2145,68.11185086551265,85.32689747003995,107.07723035952064,236.737017310253,231.01997336884153,234.58588548601864,5.061227798461914
frame2146,67.51531291611185,84.80758988015978,106.30958721704394,237.32223701731024,232.0399467376831,235.48868175765645,5.060916900634766
frame2147,68.21837549933421,85.28428761651132,106.85352862849534,238.79627163781623,233.5925432756325,238.04926764314249,5.058033466339111
frame2148,66.61584553928095,84.16311584553928,105.68974700399467,238.03129161118508,232.77829560585886,237.24500665778962,5.038492679595947
frame2149,67.57390146471371,84.6398135818908,106.38814913448735,239.58854860186418,234.2982689747004,238.51131824234355,5.024601459503174
frame2150,67.39747003994674,84.94806924101198,106.75366178428762,239.10386151797604,233.8375499334221,238.24900133155793,5.014645099639893
frame2151,68.69773635153129,85.62383488681758,107.13249001331558,238.70705725699068,233.39214380825567,237.66910785619174,5.0056538581848145
frame2152,66.25632490013315,83.52596537949401,105.20439414114514,238.12050599201066,232.75499334221038,237.13182423435418,5.002833366394043
frame2153,66.34753661784288,83.72170439414114,105.25499334221038,238.14780292942743,232.78295605858855,236.9074567243675,4.993938446044922
frame2154,65.93408788282291,83.8508655126498,105.27496671105193,238.40612516644475,233.05326231691078,237.49800266311584,4.991579532623291
frame2155,65.88282290279628,83.79960053262317,105.08655126498003,240.11584553928097,234.8335552596538,238.47137150466045,4.986519813537598
frame2156,62.59387483355526,80.9167776298269,101.63049267643143,240.88881491344873,235.5965379494008,239.21171770972038,4.991364002227783
frame2157,62.26431424766977,79.97669773635153,100.47003994673769,238.4260985352863,232.9733688415446,237.0652463382157,4.993532180786133
frame2158,56.48735019973369,74.70772303595206,95.14314247669773,238.39680426098536,232.9520639147803,236.6178428761651,5.002868175506592
frame2159,54.913448735019976,72.82689747003995,93.11451398135819,236.44806924101198,230.94474034620507,233.9380825565912,5.01359224319458
frame2160,48.55659121171771,67.26031957390147,87.01864181091878,231.66444740346205,226.8988015978695,230.13315579227697,5.018158435821533
frame2161,45.82556591211718,65.1750998668442,84.75832223701731,231.22569906790946,225.9733688415446,229.91611185086552,5.002406597137451
frame2162,42.550599201065246,62.08455392809587,81.66045272969374,234.60319573901464,229.2330226364847,232.49267643142477,5.0441508293151855
frame2163,41.39747003994674,60.5699067909454,80.28761651131825,245.08521970705726,239.7143808255659,242.05193075898802,5.072690486907959
frame2164,46.21438082556591,63.46537949400799,83.18308921438083,253.3595206391478,248.5079893475366,249.6178428761651,5.073337554931641
frame2165,91.66378162450067,98.53861517976031,114.96338215712383,195.39813581890812,192.01131824234355,192.69906790945407,5.046544551849365
frame2166,109.5612516644474,113.33422103861518,123.40679094540613,174.5133155792277,171.36950732356857,170.86617842876166,5.0330586433410645
frame2167,118.46604527296937,120.38881491344874,126.9034620505992,177.31890812250333,173.77496671105192,171.97137150466045,5.028372287750244
frame2168,90.66378162450067,97.70838881491345,114.93075898801598,179.58189081225032,176.58721704394142,177.25166444740347,5.020725250244141
frame2169,48.282956058588546,67.24234354194408,88.35486018641811,245.06790945406127,241.00998668442077,241.16045272969373,5.055912017822266
frame2170,40.04061251664447,60.733022636484684,81.40013315579228,233.85752330226364,230.0446071904128,232.29560585885486,5.0746588706970215
frame2171,41.508655126498006,62.08055925432756,82.96537949400799,236.72569906790946,233.67509986684422,234.71770972037282,5.088703155517578
frame2172,41.52529960053263,62.262982689747005,83.62782956058588,233.96804260985354,230.95739014647137,232.94940079893476,5.090353012084961
frame2173,47.23501997336884,67.21171770972038,88.46604527296937,236.0798934753662,232.07723035952063,235.06657789613848,5.074772834777832
frame2174,48.12117177097204,68.61118508655126,90.15712383488682,236.53262316910786,232.52996005326233,235.51930758988016,5.068532943725586
frame2175,54.32490013315579,73.83754993342211,95.77363515312916,241.6964047936085,238.6964047936085,240.6631158455393,5.088309288024902
frame2176,56.21970705725699,75.87217043941412,98.16111850865512,240.4087882822903,236.77363515312916,239.4087882822903,5.086841106414795
frame2177,61.71304926764314,81.47270306258322,104.19374167776299,241.10585885486017,237.9773635153129,240.10652463382158,5.088722229003906
frame2178,62.840213049267646,82.65912117177098,105.54127829560586,240.33888149134486,237.23768308921439,240.2809587217044,5.084844589233398
frame2179,65.93075898801598,85.19840213049268,108.36284953395473,239.95339547270305,235.52463382157123,238.48868175765645,5.079170227050781
frame2180,65.44940079893475,84.90279627163781,107.91478029294274,238.02996005326233,234.22103861517976,237.24833555259653,5.07725191116333
frame2181,65.05326231691079,84.1491344873502,107.41011984021306,242.32556591211718,236.8501997336884,238.89081225033289,5.075372219085693
frame2182,64.59387483355526,83.82556591211717,107.12916111850865,240.73568575233023,234.8561917443409,238.63781624500666,5.07361364364624
frame2183,66.98335552596538,86.09720372836219,108.91145139813582,240.10452729693742,234.5832223701731,238.57723035952063,5.073431491851807
frame2184,68.05525965379493,87.1398135818908,109.89547270306258,241.64114513981357,236.29627163781623,240.0832223701731,5.073675155639648
frame2185,68.55792276964048,87.31291611185087,110.2676431424767,240.10252996005326,234.68242343541945,238.60252996005326,5.072447299957275
frame2186,66.8555259653795,86.37949400798935,109.31491344873503,239.4820239680426,233.97203728362183,237.9520639147803,5.0738911628723145
frame2187,66.38015978695073,85.4693741677763,108.7723035952064,237.35685752330227,232.00665778961385,236.07656458055925,5.073378086090088
frame2188,66.1364846870839,85.29560585885486,108.50199733688416,238.32689747003994,233.09454061251665,237.11717709720372,5.073023319244385
frame2189,67.93741677762982,86.0439414114514,108.9953395472703,240.2203728362184,234.22170439414114,237.21970705725698,5.068947792053223
frame2190,68.88615179760319,86.80825565912117,109.60319573901465,239.03595206391478,233.0399467376831,236.03395472703062,5.07098913192749
frame2191,68.63049267643143,86.44407456724367,109.3814913448735,238.58988015978696,232.61651131824235,235.58055925432757,5.0723419189453125
frame2192,67.68175765645806,85.45272969374167,108.19041278295606,238.21304926764313,232.39613848202396,235.36817576564582,5.060985565185547
frame2193,68.55858854860186,86.04260985352863,108.70639147802929,237.05925432756325,231.84820239680425,235.0392809587217,5.040987968444824
frame2194,67.2676431424767,85.14181091877496,107.47070572569906,240.02929427430092,234.25632490013317,237.7103861517976,5.058333873748779
frame2195,68.41744340878829,85.89280958721704,108.36284953395473,239.84287616511318,234.02330226364847,237.27563249001332,5.060022830963135
frame2196,69.09920106524633,85.79760319573901,108.50066577896139,238.66511318242343,232.9873501997337,236.53328894806924,5.056181907653809
frame2197,69.95872170439414,86.42010652463382,108.6844207723036,237.7669773635153,232.09520639147803,235.65113182423434,5.039862632751465
frame2198,69.76098535286285,86.54926764314247,108.53129161118508,239.44607190412782,233.88348868175765,237.86684420772303,5.025479793548584
frame2199,69.21438082556591,85.74833555259654,107.754327563249,238.7942743009321,233.508655126498,237.82689747003994,5.014693737030029
frame2200,67.1930758988016,84.4387483355526,106.4207723035952,238.32756324900134,232.90146471371506,237.15978695073235,5.005323886871338
frame2201,69.0918774966711,86.1750998668442,107.85685752330227,237.57656458055925,232.13049267643143,236.22902796271637,4.997583389282227
frame2202,69.46737683089215,86.737017310253,108.17177097203728,238.22436750998668,232.79227696404794,236.87150466045273,4.997493743896484
frame2203,69.52796271637816,86.61651131824235,108.0878828229028,238.26031957390146,232.8422103861518,236.56857523302264,4.990877151489258
frame2204,66.21371504660453,83.79427430093209,104.90878828229027,238.48801597869507,233.01597869507324,236.99933422103862,4.98704719543457
frame2205,63.28628495339547,80.6185086551265,101.64314247669773,237.82956058588547,232.99267643142477,236.15712383488682,4.9893107414245605
frame2206,60.37549933422104,77.70306258322238,98.43075898801598,238.50266311584554,233.0,236.4920106524634,4.992786407470703
frame2207,57.022636484687084,74.16711051930758,94.81424766977364,238.16711051930758,232.69107856191744,235.73901464713714,4.994894981384277
frame2208,53.95472703062583,71.72303595206391,91.52596537949401,231.94207723035953,226.52862849533955,230.35685752330227,5.0077972412109375
frame2209,52.29693741677763,69.98868175765645,90.08122503328894,231.68641810918774,226.79627163781623,230.21704394141145,5.012962341308594
frame2210,46.7896138482024,64.87549933422103,84.95872170439414,230.7762982689747,225.06857523302264,228.7896138482024,5.028820991516113
frame2211,44.50732356857523,62.634487350199734,82.508655126498,237.06258322237017,231.8508655126498,234.61251664447403,5.025966644287109
frame2212,44.28362183754993,62.39214380825566,81.9960053262317,247.40812250332888,241.96804260985354,243.11717709720372,5.036937236785889
frame2213,59.67376830892144,73.2017310252996,92.48535286284954,252.99001331557923,249.79227696404794,251.26098535286286,5.021899700164795
frame2214,94.2849533954727,101.38548601864181,116.89613848202397,176.8415446071904,174.71371504660453,175.70306258322236,4.91921854019165
frame2215,94.79893475366178,101.52130492676432,117.30892143808255,175.11251664447403,172.11984021304926,172.30159786950733,4.707312107086182
frame2216,85.69773635153129,94.3155792276964,111.92743009320905,214.02996005326233,210.0619174434088,210.9607190412783,4.272449493408203
frame2217,41.35685752330227,62.275632490013315,82.90545938748336,243.66378162450067,239.61984021304926,240.00665778961385,4.877607345581055
frame2218,40.27230359520639,61.38082556591212,82.21171770972038,235.09320905459387,231.11651131824235,232.40079893475365,5.054022789001465
frame2219,41.75099866844208,62.929427430093206,83.94141145139814,233.69507323568575,230.1264980026631,231.45139813581892,5.0811638832092285
frame2220,42.043275632490015,63.12316910785619,84.74966711051931,231.06724367509986,228.05459387483356,230.79494007989348,5.08437442779541
frame2221,48.00133155792277,68.82689747003995,90.05858854860186,237.09320905459387,233.0798934753662,236.05326231691078,5.0723724365234375
frame2222,49.414780292942744,70.47536617842876,92.47603195739015,241.25565912117176,237.38415446071903,240.33288948069242,5.0661797523498535
frame2223,55.55659121171771,76.39880159786951,98.34487350199734,242.1098535286285,238.43608521970705,240.76631158455393,5.079930305480957
frame2224,57.211717709720375,77.85486018641811,100.51664447403462,241.23102529960053,237.08988015978696,240.60719041278296,5.080262660980225
frame2225,63.89214380825566,84.20772303595206,106.74167776298269,241.7203728362184,238.71238348868175,240.728362183755,5.083189010620117
frame2226,63.96471371504661,83.94340878828228,107.40079893475367,238.45406125166446,235.35752330226364,237.3022636484687,5.079918384552002
frame2227,66.245672436751,86.25765645805592,108.71770972037284,240.34287616511318,235.7330226364847,237.66977363515312,5.076544284820557
frame2228,67.10719041278296,85.95406125166444,109.6884154460719,239.14114513981357,235.14647137150467,235.15712383488682,5.074939250946045
frame2229,66.8635153129161,86.2723035952064,109.66844207723035,240.69507323568575,236.7416777629827,236.9074567243675,5.072699069976807
frame2230,65.25765645805592,84.76631158455393,108.42676431424766,237.6051930758988,233.48468708388816,233.95605858854861,5.071324348449707
frame2231,67.26031957390147,85.94806924101198,109.21304926764314,239.26564580559256,234.41278295605858,237.31291611185085,5.07041597366333
frame2232,66.78761651131825,85.06391478029295,108.56790945406125,241.05193075898802,235.51664447403462,237.51864181091878,5.069519996643066
frame2233,67.33288948069242,85.95938748335553,109.09387483355526,239.85685752330227,233.94474034620507,237.02929427430092,5.0684380531311035
frame2234,67.34221038615179,85.67043941411451,109.2190412782956,238.41078561917445,232.6178428761651,235.6964047936085,5.06724214553833
frame2235,68.4560585885486,86.81091877496671,109.87217043941412,239.37416777629826,234.37616511318242,237.3035952063915,5.066277027130127
frame2236,67.8069241011984,86.3728362183755,109.34820239680425,239.17243675099866,233.86284953395472,236.84886817576566,5.066219806671143
frame2237,67.03595206391478,85.67310252996005,108.58655126498003,239.517310252996,233.56857523302264,236.6711051930759,5.067601680755615
frame2238,67.5792276964048,86.2150466045273,109.15845539280959,238.73834886817576,232.8202396804261,235.92410119840213,5.069130897521973
frame2239,68.33022636484687,86.58854860186418,109.37083888149135,237.11251664447403,231.19840213049267,234.31424766977364,5.069491863250732
frame2240,68.491344873502,85.44141145139814,108.26897470039947,238.7017310252996,232.79560585885486,236.45339547270305,5.0333571434021
frame2241,68.16577896138482,85.36284953395473,107.88881491344874,238.44673768308922,232.52929427430092,235.62050599201066,5.005765438079834
frame2242,68.5792276964048,85.56191744340879,107.68575233022636,239.00998668442077,233.35419440745673,236.83089214380826,5.056401252746582
frame2243,69.49733688415446,86.72303595206391,108.62649800266311,238.79094540612516,233.12516644474036,236.7936085219707,5.059482574462891
frame2244,68.20039946737683,85.90013315579228,108.1364846870839,238.81890812250333,233.13914780292941,236.61251664447403,5.052487373352051
frame2245,69.15712383488682,86.78295605858855,108.83621837549933,238.7496671105193,232.91011984021304,236.22103861517976,5.033567905426025
frame2246,68.44540612516644,85.84487350199734,108.17310252996005,238.68974700399468,232.87416777629826,236.2010652463382,5.022205829620361
frame2247,67.54593874833556,85.38948069241012,107.50932090545939,238.82556591211718,232.95339547270305,236.19507323568575,5.014422416687012
frame2248,68.60452729693742,86.1271637816245,108.3814913448735,238.50599201065248,232.59520639147803,235.02529960053263,5.005720138549805
frame2249,69.6358189081225,87.12982689747004,108.97869507323568,237.74900133155793,231.91145139813582,235.19973368841545,4.998215675354004
frame2250,69.1318242343542,86.51597869507323,108.56191744340879,238.47603195739015,232.56857523302264,234.99933422103862,5.000728130340576
frame2251,67.76697736351531,85.51264980026632,107.55392809587217,237.83555259653795,231.9520639147803,234.28295605858855,4.994508743286133
frame2252,65.11251664447404,83.90679094540613,105.5439414114514,238.7936085219707,232.91011984021304,236.11318242343543,4.990835666656494
frame2253,60.99866844207723,79.22503328894807,100.63781624500666,239.65046604527296,233.80958721704394,236.1451398135819,4.996127605438232
frame2254,58.35552596537949,76.1491344873502,97.6491344873502,238.8035952063915,232.91011984021304,236.11318242343543,4.999270439147949
frame2255,54.380159786950735,72.70039946737683,93.55059920106525,238.54926764314249,232.74833555259653,235.17443408788282,5.009564399719238
frame2256,52.85752330226365,71.20705725699068,91.69440745672436,231.3774966711052,225.48468708388816,228.62982689747005,5.015964508056641
frame2257,47.83821571238349,66.43342210386152,86.91544607190413,229.4347536617843,223.54727030625833,226.77230359520638,5.016630172729492
frame2258,45.02596537949401,63.49467376830892,83.94074567243675,234.93608521970705,228.93608521970705,230.93608521970705,5.011603832244873
frame2259,45.57723035952064,63.81691078561917,83.50133155792277,243.1757656458056,238.03262316910786,240.04061251664447,5.013688087463379
frame2260,47.43342210386152,65.27296937416777,84.38615179760319,250.91145139813582,246.18242343541945,246.36351531291612,5.018801212310791
frame2261,83.80958721704394,92.66245006657789,108.82822902796272,227.09054593874833,223.15978695073235,224.46671105193076,4.94570779800415
frame2262,94.81957390146471,101.85019973368841,116.04460719041278,176.67043941411453,174.46737683089214,175.05059920106524,4.847491264343262
frame2263,91.65579227696405,98.97669773635153,115.91011984021306,179.63781624500666,176.60719041278296,178.47270306258324,4.654933452606201
frame2264,56.57589880159787,73.61051930758988,93.11584553928095,244.0845539280959,238.2669773635153,239.1617842876165,4.759237766265869
frame2265,40.87150466045273,62.077896138482025,82.11051930758988,237.47270306258324,234.36151797603196,235.37150466045273,5.029186248779297
frame2266,41.790279627163784,63.47669773635153,83.6491344873502,236.65912117177098,233.61651131824235,234.65912117177098,5.067378997802734
frame2267,40.23635153129161,62.30026631158455,83.06990679094541,229.6005326231691,226.58189081225032,228.45073235685751,5.082089424133301
frame2268,44.06657789613848,65.83754993342211,86.39280958721704,235.31757656458055,230.64447403462052,233.6484687083888,5.081505298614502
frame2269,49.37350199733688,70.04593874833556,90.86151797603196,236.91344873501998,231.90545938748335,235.22103861517976,5.067209720611572
frame2270,52.750332889480696,73.45073235685753,94.24966711051931,241.52796271637817,238.4074567243675,241.28695073235687,5.0775675773620605
frame2271,55.561251664447404,76.15512649800266,97.4207723035952,242.30492676431425,238.47137150466045,240.88814913448735,5.077050685882568
frame2272,59.5439414114514,79.89347536617844,102.15113182423435,242.30758988015978,239.21171770972038,242.21171770972038,5.0788187980651855
frame2273,62.290279627163784,81.95938748335553,104.85752330226364,241.7143808255659,238.5705725699068,241.46271637816244,5.080716133117676
frame2274,64.29427430093209,84.61917443408788,107.63249001331558,239.62849533954727,236.24766977363515,238.83621837549933,5.078446865081787
frame2275,65.37416777629826,85.3814913448735,108.65579227696405,238.6757656458056,234.6404793608522,237.12916111850865,5.075345039367676
frame2276,66.16245006657789,86.06058588548602,108.92143808255659,242.38881491344873,238.1531291611185,238.79693741677764,5.073354244232178
frame2277,65.52929427430094,85.27563249001332,108.33621837549933,238.70905459387484,233.77363515312916,235.31424766977364,5.0722336769104
frame2278,64.22237017310253,84.30226364846871,107.21637816245007,238.74434087882824,233.36351531291612,235.6098535286285,5.0725555419921875
frame2279,67.59986684420772,86.55126498002663,108.95805592543276,239.5559254327563,234.84753661784288,236.48468708388816,5.070382595062256
frame2280,67.0306258322237,86.11984021304927,108.3635153129161,240.42210386151797,234.79094540612516,237.6617842876165,5.070400714874268
frame2281,66.6930758988016,85.39147802929428,108.00332889480693,238.87083888149135,233.90079893475365,235.89414114513983,5.069581985473633
frame2282,65.4121171770972,84.03794940079894,107.19374167776299,239.84021304926765,233.85752330226364,236.8415446071904,5.069413661956787
frame2283,68.17243675099867,85.5486018641811,108.85685752330227,238.23768308921439,232.91810918774968,236.23568575233023,5.067656993865967
frame2284,68.6271637816245,85.96138482023969,109.14846870838882,239.47270306258324,233.5179760319574,236.45006657789614,5.067144870758057
frame2285,68.3635153129161,85.48535286284954,108.63715046604527,239.74833555259653,233.8735019973369,237.12383488681758,5.066728591918945
frame2286,66.70705725699068,84.56591211717709,107.58988015978694,237.9167776298269,232.05392809587218,235.33155792276963,5.067389011383057
frame2287,68.24234354194408,85.62050599201065,108.26964047936085,237.2143808255659,231.34021304926765,234.58988015978696,5.058980464935303
frame2288,66.88881491344874,84.69973368841545,107.24034620505992,238.41011984021304,232.5739014647137,236.73768308921439,5.059572219848633
frame2289,68.65978695073235,85.88748335552596,108.45006657789614,238.82356857523303,233.02796271637817,236.11517976031956,5.061894416809082
frame2290,68.57989347536618,86.08721704394141,108.32623169107856,240.16711051930758,234.58655126498002,238.38482023968044,5.057143688201904
frame2291,68.2676431424767,86.42343541944075,108.43475366178428,239.45672436751,233.61651131824235,236.89347536617842,5.056799411773682
frame2292,68.14713715046605,85.96138482023969,108.07256990679095,238.6631158455393,232.81424766977364,236.0958721704394,5.040797710418701
frame2293,69.56324900133156,86.83288948069242,108.92143808255659,238.68908122503328,232.89813581890812,236.28229027962718,5.026086330413818
frame2294,68.39081225033289,86.06058588548602,107.96804260985353,238.57789613848203,232.77230359520638,236.08521970705726,5.015770435333252
frame2295,69.85153129161118,87.24234354194408,109.1005326231691,237.5266311584554,231.7363515312916,235.06790945406127,5.0061140060424805
frame2296,67.70639147802929,85.5,107.40279627163781,237.31691078561917,232.1837549933422,236.80159786950733,4.997574329376221
frame2297,68.22436750998668,85.77030625832224,107.63249001331558,237.19973368841545,232.10252996005326,236.83288948069242,4.991439342498779
frame2298,67.88748335552596,85.54527296937417,107.49800266311584,237.01464713715046,231.9041278295606,235.6617842876165,4.994876861572266
frame2299,68.1491344873502,85.3601864181092,107.19440745672436,237.84753661784288,232.76031957390146,236.53262316910786,4.990928649902344
frame2300,63.766977363515316,81.4034620505992,102.9034620505992,237.02529960053263,232.89347536617842,236.6617842876165,4.987945079803467
frame2301,60.86817576564581,78.43475366178428,99.70572569906791,238.0845539280959,232.9520639147803,237.54926764314249,4.991596698760986
frame2302,57.26564580559254,75.23169107856192,95.84820239680425,237.93608521970705,232.79760319573901,236.52063914780294,4.997822284698486
frame2303,55.74833555259654,72.84287616511318,93.18308921438083,233.7809587217044,227.95605858854861,230.42343541944075,5.0105061531066895
frame2304,50.22769640479361,67.95472703062583,88.07989347536618,230.83089214380826,224.99600532623168,228.32556591211718,5.018306255340576
frame2305,47.62982689747004,65.3728362183755,85.47936085219708,228.43275632490014,222.6757656458056,224.92276964047937,4.944643497467041
frame2306,45.14513981358189,63.54194407456724,83.12183754993342,237.0659121171771,230.3195739014647,232.762982689747,4.953365325927734
frame2307,44.44474034620506,62.32556591211718,82.53728362183755,245.4300932090546,240.21371504660453,241.9201065246338,4.9821391105651855
frame2308,50.85685752330227,67.87483355525966,87.56258322237018,253.91411451398136,251.11651131824235,251.84886817576566,5.049115180969238
frame2309,92.84620505992011,99.65512649800266,114.74700399467376,176.19573901464713,173.2982689747004,175.08721704394142,5.025304794311523
frame2310,126.61451398135819,127.67376830892144,133.0798934753662,173.2017310252996,169.66511318242343,169.24434087882824,5.025630474090576
frame2311,109.6930758988016,113.94207723035952,123.59454061251664,178.7896138482024,174.83488681757657,172.8861517976032,5.018133640289307
frame2312,90.44873501997337,97.65312916111851,114.88814913448735,190.60319573901464,187.5925432756325,189.11517976031956,5.015089511871338
frame2313,43.5306258322237,63.50932090545939,84.02596537949401,248.15645805592544,243.30093209054593,243.67376830892144,5.064123630523682
frame2314,40.171105193075896,61.25632490013316,81.89747003994674,237.27762982689748,233.6438082556591,235.09320905459387,5.07053804397583
frame2315,41.159786950732354,62.207723035952064,82.8601864181092,234.27230359520638,231.1138482023968,232.40479360852197,5.0875630378723145
frame2316,42.25832223701731,63.69440745672437,84.10186418109188,231.8548601864181,228.82822902796272,230.74833555259653,5.083004951477051
frame2317,45.84687083888149,66.65179760319575,87.67643142476697,234.7057256990679,231.3688415446072,234.3688415446072,5.07435417175293
frame2318,48.997336884154464,70.11251664447404,91.30292942743009,240.19440745672438,236.35552596537948,240.17310252996006,5.068104267120361
frame2319,53.328894806924104,74.42210386151798,96.2276964047936,242.29294274300932,238.63515312916113,240.98801597869507,5.085988998413086
frame2320,55.59254327563249,76.86085219707057,98.74234354194408,242.3728362183755,238.04127829560585,241.6884154460719,5.083888530731201
frame2321,61.24300932090546,81.55126498002663,103.97869507323568,241.2636484687084,238.1584553928096,240.2636484687084,5.086093425750732
frame2322,64.3601864181092,83.65046604527296,106.30892143808255,239.43075898801598,236.38482023968044,239.24700399467378,5.082738399505615
frame2323,65.06191744340879,84.4520639147803,107.0965379494008,240.0652463382157,235.90146471371506,238.81025299600532,5.0802812576293945
frame2324,64.22037283621837,83.83089214380826,106.65912117177098,238.4427430093209,234.3641810918775,237.25299600532622,5.07759952545166
frame2325,64.56058588548602,83.82956058588549,106.98268974700399,238.8988015978695,234.81358189081226,236.0525965379494,5.075014114379883
frame2326,64.90945406125167,84.3508655126498,107.14713715046605,236.28295605858855,232.15645805592544,233.47869507323568,5.073559761047363
frame2327,65.99001331557923,85.08255659121171,107.6444740346205,240.14181091877498,235.7057256990679,238.02996005326233,5.07274866104126
frame2328,65.33888149134488,84.79693741677762,107.4207723035952,240.55659121171772,235.27030625832225,237.63781624500666,5.071272850036621
frame2329,66.06324900133156,85.47669773635153,107.76498002663116,240.16910785619174,234.26631158455393,237.3209054593875,5.071281909942627
frame2330,65.21704394141145,84.65712383488682,107.26431424766977,239.67709720372835,233.67709720372835,236.67709720372835,5.070530414581299
frame2331,68.71770972037284,85.74167776298269,108.52996005326231,238.85818908122502,233.89747003994674,237.06458055925432,5.068589210510254
frame2332,68.12117177097204,85.61051930758988,108.05992010652463,239.04860186418108,233.8988015978695,237.36617842876166,5.067741870880127
frame2333,67.12050599201065,84.4866844207723,107.13382157123834,238.3948069241012,232.6631158455393,236.2103861517976,5.0672526359558105
frame2334,66.86950732356857,84.50732356857523,107.04194407456724,238.15246338215712,232.55858854860188,236.21704394141145,5.066894054412842
frame2335,66.99733688415446,84.5039946737683,107.06724367509986,238.25366178428763,232.73102529960053,236.3422103861518,5.066669464111328
frame2336,67.30892143808255,84.81291611185087,107.13249001331558,238.76231691078561,233.31890812250333,237.0392809587217,5.052893161773682
frame2337,68.771637816245,86.06391478029295,108.37350199733689,236.47470039946737,230.87616511318242,235.0619174434088,5.053566932678223
frame2338,66.97603195739015,84.71238348868175,107.02063914780292,239.83422103861517,234.11251664447403,237.66910785619174,5.060725212097168
frame2339,68.76364846870838,86.22170439414114,108.65912117177098,240.1324900133156,234.3468708388815,237.70306258322236,5.055769443511963
frame2340,68.25832223701731,85.43342210386152,107.55858854860186,239.66045272969373,233.8501997336884,237.2190412782956,5.0486321449279785
frame2341,69.49933422103861,86.21571238348868,108.22103861517976,238.5046604527297,232.67643142476697,235.98402130492676,5.030682563781738
frame2342,69.21637816245007,86.12782956058588,107.94607190412783,238.66045272969373,232.8501997336884,236.2190412782956,5.019816875457764
frame2343,69.771637816245,86.28761651131825,108.60652463382156,237.95339547270305,232.0,235.09320905459387,5.0096049308776855
frame2344,68.87749667110519,85.65312916111851,107.67842876165113,237.94673768308922,232.0,235.10652463382158,5.000537872314453
frame2345,68.20306258322238,85.10985352862849,107.25765645805592,237.93741677762983,232.0,235.12516644474036,4.992011070251465
frame2346,69.08255659121171,86.0925432756325,107.9600532623169,237.94673768308922,232.0,235.10652463382158,4.9849958419799805
frame2347,69.66444740346205,86.37616511318242,108.11051930758988,237.95339547270305,232.0,235.09320905459387,4.977798938751221
frame2348,65.02396804260985,82.3948069241012,104.06524633821572,238.7809587217044,233.0,236.4380825565912,4.977029323577881
frame2349,62.7762982689747,79.78561917443409,101.24833555259654,238.77363515312916,233.0,235.6790945406125,4.978456020355225
frame2350,58.339547270306255,75.72103861517976,97.21637816245007,238.47070572569908,232.61651131824235,235.90812250332888,4.993965148925781
frame2351,56.63115845539281,74.06458055925432,95.07390146471371,238.24034620505992,232.35552596537948,235.50532623169107,5.006850242614746
frame2352,51.671105193075896,69.6404793608522,90.11651131824235,232.7589880159787,226.6451398135819,229.88748335552597,5.013032913208008
frame2353,50.112516644474034,68.14314247669773,88.24500665778962,230.82689747003994,225.02796271637817,228.30159786950733,5.015635967254639
frame2354,45.99334221038615,64.32689747003995,84.3242343541944,232.0745672436751,226.0798934753662,228.95339547270305,4.980620861053467
frame2355,44.48202396804261,62.71571238348868,83.02796271637816,241.22636484687084,235.22636484687084,237.22636484687084,4.9927520751953125
frame2356,45.83888149134487,62.839547270306255,82.77430093209054,250.19440745672438,245.00133155792278,246.60852197070574,5.004590034484863
frame2357,73.29560585885486,84.88948069241012,102.68242343541944,244.11251664447403,240.54260985352863,241.55992010652463,4.946717739105225
frame2358,94.01531291611185,101.28761651131825,116.20106524633822,176.83288948069242,174.65912117177098,175.72303595206392,4.780518054962158
frame2359,92.22103861517976,99.7809587217044,117.33888149134488,177.7583222370173,174.7583222370173,175.79760319573901,4.464177131652832
frame2360,72.73501997336884,84.60186418109188,103.56657789613848,235.228362183755,230.75565912117176,232.41810918774968,3.9748339653015137
frame2361,42.53129161118509,62.94474034620506,83.34420772303595,240.16511318242343,236.16910785619174,237.36085219707059,4.631688594818115
frame2362,40.771637816245004,61.3728362183755,81.85619174434088,236.18175765645805,231.3721704394141,234.1970705725699,5.018303394317627
frame2363,41.09720372836218,61.86884154460719,82.21371504660453,230.78828229027962,227.6498002663116,229.63648468708388,5.087156295776367
frame2364,44.73568575233023,64.8635153129161,85.43741677762982,232.61318242343543,229.28628495339547,232.23435419440744,5.084898948669434
frame2365,49.43275632490013,69.31491344873503,89.4960053262317,235.05659121171772,230.95472703062583,234.19507323568575,5.072173118591309
frame2366,51.67842876165113,71.62050599201065,92.6318242343542,241.80426098535287,238.77829560585886,240.7729693741678,5.0822224617004395
frame2367,56.456724367509985,76.99467376830893,97.97336884154461,241.77363515312916,238.36351531291612,240.77097203728363,5.079046249389648
frame2368,57.85352862849534,78.29560585885486,99.85885486018641,243.5619174434088,239.5619174434088,242.72170439414114,5.07722806930542
frame2369,61.48069241011984,81.93275632490014,104.11517976031958,241.90679094540613,238.90679094540613,241.90679094540613,5.08116340637207
frame2370,63.39880159786951,82.45805592543276,105.70239680426099,238.93608521970705,235.73501997336885,238.55659121171772,5.0792317390441895
frame2371,65.93941411451398,85.02330226364847,108.0392809587217,238.67643142476697,234.7669773635153,238.04061251664447,5.076657772064209
frame2372,65.3641810918775,84.39014647137151,107.42210386151798,239.93608521970705,235.96404793608522,236.91078561917445,5.073516845703125
frame2373,66.33422103861518,85.02729693741678,107.87549933422103,240.57256990679093,235.81757656458055,237.54993342210386,5.072648525238037
frame2374,66.54727030625833,85.29893475366178,108.34553928095872,239.43342210386152,234.56724367509986,236.46338215712385,5.0713701248168945
frame2375,67.80226364846871,86.50532623169107,109.11984021304927,243.05925432756325,237.5179760319574,241.0386151797603,5.069941520690918
frame2376,66.93075898801598,85.78695073235686,108.99334221038615,241.78162450066577,234.8508655126498,238.8029294274301,5.070498466491699
frame2377,67.21770972037284,86.1358189081225,109.0925432756325,240.0,234.0,237.0,5.06968879699707
frame2378,66.52330226364847,85.22902796271637,108.51198402130493,238.0,232.0,235.0,5.069447994232178
frame2379,66.74167776298269,85.17842876165113,108.22436750998668,241.54327563249,235.54327563249,239.54327563249,5.0689473152160645
frame2380,67.47669773635153,85.65046604527296,108.96271637816245,241.00532623169107,235.00532623169107,238.00532623169107,5.067452907562256
frame2381,67.46537949400799,85.77363515312916,108.74300932090546,239.91611185086552,233.91611185086552,236.91611185086552,5.0675554275512695
frame2382,68.57123834886818,85.79893475366178,108.56391478029295,237.95339547270305,231.95872170439415,234.95938748335553,5.066685199737549
frame2383,68.91877496671106,86.01664447403462,108.3555259653795,238.16844207723037,232.39214380825567,235.8115845539281,5.05845308303833
