Frame,Red channel,Green channel,Blue Channel,Red_back,Green_back,Blue_back,Pressure
frame0,165.91327913279133,156.34417344173443,137.18428184281842,217.50815217391303,223.3070652173913,224.82065217391303,-0.044193059
frame1,166.11653116531164,156.4878048780488,137.46070460704607,216.4836956521739,221.87771739130434,223.10597826086956,-0.041483253
frame2,165.93766937669378,156.24119241192412,136.96476964769647,215.9538043478261,221.27717391304347,222.39945652173913,-0.036815554
frame3,166.2710027100271,156.5772357723577,137.4308943089431,216.4836956521739,221.87771739130434,223.10597826086956,-0.036416143
frame4,166.17344173441734,156.53387533875338,137.55013550135502,216.2445652173913,222.13858695652175,222.64673913043478,-0.035364866
frame476,163.9512195121951,155.46612466124662,136.50677506775068,195.1358695652174,197.04076086956522,192.8233695652174,-0.056138784
frame477,164.80758807588077,155.7750677506775,137.32249322493226,194.2173913043478,196.10054347826087,191.91032608695653,-0.057509571
frame478,164.77777777777777,155.91869918699186,137.2330623306233,197.32065217391303,199.6358695652174,196.08152173913044,-0.053514302
frame479,164.98373983739836,155.9810298102981,137.4878048780488,201.08423913043478,203.60054347826087,201.7798913043478,-0.047263086
frame480,165.05962059620597,155.95934959349594,136.64769647696477,201.96195652173913,206.40217391304347,204.40217391304347,-0.039809734
frame481,165.4769647696477,156.09756097560975,137.1490514905149,202.64673913043478,207.16304347826087,205.67934782608697,-0.033955067
frame482,165.62059620596207,156.22222222222223,136.92411924119241,202.8423913043478,207.3804347826087,205.3804347826087,-0.028387427
frame483,165.1382113821138,156.22222222222223,137.02710027100272,202.8423913043478,207.3804347826087,205.91847826086956,-0.025059313
frame484,165.18157181571814,156.31436314363143,137.20325203252034,202.30434782608697,207.3804347826087,205.3804347826087,-0.02326864
frame485,165.66666666666666,156.32249322493226,137.55555555555554,201.82608695652175,205.7826086956522,203.2608695652174,-0.023795366
frame486,165.68563685636857,156.3089430894309,137.21138211382114,201.1576086956522,205.6195652173913,203.08152173913044,-0.024454296
frame487,165.82384823848238,156.47967479674796,137.5040650406504,204.3695652173913,209.20652173913044,207.04347826086956,-0.023910254
frame488,165.9349593495935,156.59078590785907,137.79945799457994,202.7608695652174,208.45108695652175,206.2961956521739,-0.025156051
frame489,166.03523035230353,156.73441734417344,138.0650406504065,205.89673913043478,211.19021739130434,209.41032608695653,-0.024031371
frame490,165.4959349593496,156.63143631436316,137.8509485094851,205.95923913043478,211.24728260869566,209.4836956521739,-0.023275256
frame491,165.91327913279133,156.57181571815718,137.8509485094851,206.57065217391303,211.77173913043478,210.07608695652175,-0.023224771
frame492,166.02439024390245,156.5880758807588,137.70731707317074,205.54891304347825,210.83967391304347,209.1413043478261,-0.023685306
frame493,166.01626016260164,156.68563685636857,137.53929539295393,205.43478260869566,210.6929347826087,208.97826086956522,-0.023743063
frame494,165.9620596205962,156.60433604336043,137.28455284552845,205.54891304347825,210.83967391304347,209.1413043478261,-0.023331761
frame495,166.0650406504065,156.74254742547424,137.91327913279133,206.12771739130434,211.4076086956522,209.72554347826087,-0.023802102
frame496,166.15718157181573,156.77777777777777,138.07588075880759,206.05978260869566,211.35054347826087,209.66847826086956,-0.024088413
frame497,166.42818428184282,156.8861788617886,138.59349593495935,209.51902173913044,215.5625,215.52445652173913,-0.022393048
frame498,166.16260162601625,156.77777777777777,138.27913279132792,209.49184782608697,215.56521739130434,215.5733695652174,-0.021690369
frame499,166.24119241192412,156.88346883468836,138.60433604336043,209.51902173913044,215.5625,215.52445652173913,-0.022138536
frame500,165.32249322493226,156.42547425474254,137.72086720867208,208.7038043478261,214.8179347826087,214.75815217391303,-0.020613104
frame501,165.2710027100271,156.4227642276423,137.7669376693767,208.7038043478261,214.78532608695653,214.69565217391303,-0.020812571
frame502,165.24119241192412,156.36314363143632,137.7669376693767,208.7038043478261,214.8179347826087,214.77445652173913,-0.020754308
frame503,165.31436314363143,156.46612466124662,138.5880758807588,208.7038043478261,214.78532608695653,215.5679347826087,-0.021400481
frame504,166.21951219512195,155.3360433604336,137.12737127371273,205.6983695652174,211.80434782608697,211.94565217391303,-0.021260977
frame505,166.21138211382114,155.40921409214093,137.20867208672087,205.76902173913044,211.89945652173913,212.4701086956522,-0.021262825
frame506,166.18428184281842,155.3658536585366,137.6991869918699,205.6983695652174,211.80434782608697,212.37228260869566,-0.021743596
frame507,166.26287262872629,155.46341463414635,137.89159891598916,205.76902173913044,211.89945652173913,212.62228260869566,-0.021936297
frame508,166.21138211382114,155.33062330623306,137.77777777777777,205.27173913043478,211.80434782608697,212.6304347826087,-0.021787584
frame509,166.80758807588077,155.7018970189702,138.49864498644988,205.76902173913044,212.30978260869566,213.8804347826087,-0.022938341
frame510,166.8699187,156.00542005420056,138.4959349593496,205.2608695652174,212.55434782608697,213.79891304347825,-0.023442835
frame511,166.88075880758808,156.82655826558266,139.2330623306233,205.6358695652174,212.7663043478261,214.18478260869566,-0.02492252
frame512,167.13279132791328,157.25745257452576,139.72086720867208,208.68478260869566,215.8423913043478,218.29076086956522,-0.024509668
frame513,167.04065040650406,157.47967479674796,140.2899729,208.50271739130434,215.78532608695653,218.6548913043478,-0.025258332
frame514,167.0379403794038,157.62059620596207,140.36856368563684,208.5570652173913,215.85054347826087,218.72554347826087,-0.025613666
frame515,167.6747967479675,158.06233062330622,141.27913279132792,208.50271739130434,216.6304347826087,219.2445652173913,-0.027182788
frame516,167.11924119241192,158.63685636856368,141.10569105691056,206.86684782608697,215.01902173913044,217.24184782608697,-0.028274357
frame517,167.5691056910569,158.94850948509486,142.09214092140923,208.2798913043478,216.41576086956522,219.11684782608697,-0.029223025
frame518,168.11653116531164,159.3902439,142.6097561,208.4375,217.02173913043478,220.125,-0.030209213
frame519,168.3821138211382,159.53116531165313,143.22764227642276,208.27717391304347,216.9701086956522,220.30978260869566,-0.030851156
frame520,168.42818428184282,159.7642276422764,142.8590785907859,208.0054347826087,217.1576086956522,220.125,-0.030916691
frame521,168.85365853658536,160.50677506775068,144.3279132791328,208.3641304347826,217.60054347826087,221.4891304347826,-0.032225758
frame522,168.28455284552845,160.43631436314362,144.0460704607046,208.1820652173913,217.4673913043478,221.2961956521739,-0.031951904
frame523,168.68563685636857,160.78319783197833,144.6910569105691,208.27173913043478,217.70108695652175,221.58152173913044,-0.032544822
frame524,168.36043360433604,160.7940379403794,144.55826558265582,208.1820652173913,217.5326086956522,221.39402173913044,-0.032393545
frame525,169.06775067750678,161.4471544715447,145.52032520325204,208.27173913043478,217.7173913043478,221.59782608695653,-0.033332884
frame526,168.93766937669378,161.83468834688347,145.58536585365854,208.1820652173913,217.5625,221.42391304347825,-0.033537269
frame527,169.20054200542006,161.6910569105691,146.04336043360433,208.23641304347825,217.7173913043478,222.10597826086956,-0.033569992
frame528,169.80216802168022,161.86720867208672,146.27913279132792,206.97554347826087,216.8451086956522,220.38315217391303,-0.033881605
frame529,170.30352303523034,162.61246612466124,146.82926829268294,208.42391304347825,218.4836956521739,223.91847826086956,-0.033947229
frame530,170.28455284552845,162.59078590785907,147.15176151761517,207.5163043478261,218.39673913043478,223.47554347826087,-0.033988625
frame531,170.02981029810297,162.71273712737127,147.0487804878049,207.42391304347825,218.31521739130434,223.42391304347825,-0.033924818
frame532,169.53387533875338,162.49864498644988,147.2249322493225,207.5163043478261,218.95652173913044,223.5163043478261,-0.033847541
frame533,169.75880758807588,162.85636856368563,147.7018970189702,207.42391304347825,218.8695652173913,223.80978260869566,-0.034190238
frame534,169.69376693766938,162.91056910569105,148.01084010840108,207.5163043478261,218.95652173913044,224.47554347826087,-0.034266382
frame535,169.8699187,163.16260162601625,148.56368563685638,207.42391304347825,218.8695652173913,224.3641304347826,-0.034594506
frame536,169.5880758807588,162.92411924119241,148.2059620596206,207.5163043478261,218.95652173913044,224.5163043478261,-0.034384042
frame537,169.81842818428186,163.1382113821138,148.74525745257452,205.86141304347825,216.9538043478261,221.38315217391303,-0.034963012
frame538,169.52574525745257,162.8780487804878,148.37940379403793,205.7554347826087,217.06521739130434,222.02717391304347,-0.034719199
frame539,168.76964769647697,162.1382113821138,148.20867208672087,202.64402173913044,214.47826086956522,219.30978260869566,-0.034732848
frame540,166.19783197831978,161.8590785907859,146.61517615176152,202.79076086956522,214.1413043478261,219.36684782608697,-0.034123212
frame541,165.3008130081301,161.01084010840108,145.6070460704607,203.33695652173913,214.9945652173913,220.5570652173913,-0.033132553
frame542,164.0189701897019,159.7100271,144.0379403794038,203.25271739130434,214.91304347826087,220.5108695652174,-0.030964255
frame543,162.8780487804878,158.59620596205963,143.41734417344173,206.6086956521739,218.70923913043478,227.51902173913044,-0.02677533
frame544,160.72628726287263,156.36043360433604,141.02168021680217,206.07608695652175,218.3288043478261,227.17391304347825,-0.020460188
frame545,159.9268292682927,155.36043360433604,140.49864498644988,206.13858695652175,218.35326086956522,227.78804347826087,-0.019588083
frame546,158.10840108401084,153.1951219512195,137.9810298102981,206,218.54347826086956,228.4429347826087,-0.016884327
frame547,156.19783197831978,151.1219512195122,136.24119241192412,205.92934782608697,218.65217391304347,229.2608695652174,-0.024794728
frame548,154.68021680216802,149.59349593495935,134.44444444444446,205.3233695652174,218.51358695652175,229.5679347826087,-0.045639873
frame549,153.30623306233062,147.74254742547424,132.66666666666666,207.11684782608697,220.60054347826087,233.10326086956522,-0.069860637
frame550,151.76964769647697,146.19783197831978,130.79674796747966,215.76902173913044,231.42391304347825,244.04076086956522,-0.079688996
frame551,151.0731707317073,145.47425474254743,130.40921409214093,217.11141304347825,233.05434782608697,246.32608695652175,-0.064677984
frame552,147.64769647696477,142.6341463414634,127.53387533875339,219.4836956521739,236.8125,251.39945652173913,-0.03631565
frame553,147.19241192411923,142.34146341463415,127.84552845528455,222.19565217391303,241.07608695652175,254.17934782608697,-0.014373839
frame554,144.9918699186992,140.02981029810297,124.64769647696477,222.41847826086956,242.1141304347826,255,-0.011333644
frame555,145.24661246612467,140.44986449864498,125.75067750677506,225.10597826086956,246.9266304347826,255,-0.010978848
frame556,143.59620596205963,138.64227642276424,123.05962059620596,223.4701086956522,246.1195652173913,255,-0.013837397
frame557,146.1490514905149,141.5880758807588,127.96747967479675,224.25815217391303,247.88315217391303,255,-0.008401304
frame558,150.20325203252034,145.6097561,135.15718157181573,222.85054347826087,245.60054347826087,253.40217391304347,0.000183553
frame559,151.50948509485096,146.8970189701897,138.42547425474254,173.1711956521739,173.86684782608697,174.62228260869566,-0.016836375
frame560,151.5420054200542,147.27913279132792,138.53658536585365,167.8804347826087,167.58423913043478,162.5923913043478,-0.049122095
frame561,150.91056910569105,146.60162601626016,137.30352303523034,170.02717391304347,167.3913043478261,164.1358695652174,-0.047669202
frame562,151.50135501355012,147.61246612466124,138.64769647696477,170.39945652173913,167.95923913043478,164.51902173913044,-0.046193868
frame563,152.43631436314362,148.36856368563684,138.15176151761517,172,169.75,167.25,-0.045293301
frame564,169.33333333333334,168.23035230352303,161.4959349593496,173.52717391304347,171.4945652173913,169.5163043478261,-0.05313763
frame565,173.94579945799458,172.94579945799458,167.92411924119241,175.5679347826087,173.9320652173913,172.1983695652174,-0.041915476
frame566,175.98373983739836,175.97831978319783,170.96747967479675,176.9836956521739,175.97826086956522,173.97554347826087,-0.028260797
frame567,167.94579945799458,166.94579945799458,158.91327913279133,169.57608695652175,163.18478260869566,158.09782608695653,-0.031328022
frame568,167.7750677506775,165.07588075880759,156.90514905149053,168.17391304347825,161.41304347826087,155.84782608695653,-0.03778708
frame569,152.88346883468836,148.6341463414634,138.22764227642276,166.61684782608697,159.73097826086956,153.92934782608697,-0.036108941
frame570,144.08943089430895,139.18428184281842,127.97018970189701,164.58695652173913,157.16847826086956,151.00815217391303,-0.021384746
frame571,144.3252032520325,139.6260162601626,128.9810298102981,163.30978260869566,158.04891304347825,149.44021739130434,-0.019785374
frame572,144.8048780487805,140.0081300813008,129.59078590785907,162.625,160.3913043478261,149.4836956521739,-0.020171344
frame573,144.3252032520325,139.10569105691056,128.58265582655827,162.01902173913044,159.9320652173913,150.03804347826087,-0.019329816
frame745,165.6070460704607,155.80758807588077,137.12466124661248,207.79347826086956,212.68478260869566,213.4891304347826,-0.020811915
frame746,165.50677506775068,155.62872628726288,137.06775067750678,207.6413043478261,212.95652173913044,213.3016304347826,-0.020548016
frame747,165.70460704607046,155.73441734417344,137.3089430894309,207.79347826086956,212.68478260869566,213.4891304347826,-0.021027446
frame748,165.50677506775068,155.62872628726288,137.06775067750678,207.6413043478261,212.95652173913044,213.3016304347826,-0.020672172
frame749,165.52574525745257,155.70731707317074,137.26287262872629,207.4076086956522,212.68478260869566,213.4891304347826,-0.021093756
frame750,164.98644986449864,155.66666666666666,137.24932249322492,207.52445652173913,212.95652173913044,212.8179347826087,-0.020678252
frame751,165.47154471544715,155.76151761517616,137.44986449864498,207.4076086956522,212.68478260869566,212.9945652173913,-0.02133289
frame752,165.62872628726288,155.9159891598916,136.31436314363143,207.52445652173913,212.95652173913044,213.3016304347826,-0.020690441
frame753,165.90243902439025,155.88346883468836,136.31165311653118,207.79347826086956,212.68478260869566,213.4891304347826,-0.021130621
frame754,165.56368563685638,155.9430894308943,136.48238482384824,207.6413043478261,212.95652173913044,213.3016304347826,-0.021187484
frame755,166.02710027100272,156.0460704607046,136.65582655826557,207.79347826086956,212.68478260869566,213.4891304347826,-0.021528542
frame756,165.5691056910569,155.93766937669378,136.47425474254743,207.6413043478261,212.95652173913044,213.3016304347826,-0.02084437
frame757,165.63956639566396,156.04065040650406,136.6720867208672,207.4076086956522,212.68478260869566,213.4891304347826,-0.021079987
frame758,165.5691056910569,155.93766937669378,136.47425474254743,207.52445652173913,212.95652173913044,213.78532608695653,-0.020601988
frame759,166.02439024390245,156.03252032520325,136.97018970189703,207.79347826086956,212.68478260869566,213.4891304347826,-0.021322966
frame760,165.68563685636857,156.06233062330622,136.59349593495935,207.6413043478261,212.95652173913044,213.3016304347826,-0.020716995
frame761,166.24932249322492,156.27913279132792,137.02439024390245,207.79347826086956,212.68478260869566,213.4891304347826,-0.021689832
frame762,165.70731707317074,156.16531165311653,136.79945799457994,207.6413043478261,212.95652173913044,212.8179347826087,-0.021032751
frame763,165.76964769647697,156.22222222222223,136.87262872628727,207.79347826086956,212.56521739130434,212.9945652173913,-0.021263123
frame764,165.40108401084012,156.01084010840108,136.50948509485096,205.63858695652175,211.01902173913044,210.4375,-0.021596849
frame765,165.65040650406505,156.18970189701898,136.59620596205963,205.7391304347826,211.1086956521739,210.6413043478261,-0.021958798
frame766,165.61517615176152,156.01084010840108,136.50677506775068,205.63858695652175,211.27717391304347,210.4375,-0.021747679
frame767,165.42818428184282,156.12737127371273,136.7479674796748,205.8016304347826,211.1086956521739,210.6875,-0.021910965
frame768,165.35772357723576,156.01084010840108,136.4878048780488,205.98097826086956,211.27717391304347,210.72826086956522,-0.021605432
frame769,165.61517615176152,156.17344173441734,136.44173441734418,205.8016304347826,211.35326086956522,210.8695652173913,-0.022003442
frame770,165.53929539295393,156.09485094850947,136.15718157181573,205.98097826086956,211.53532608695653,210.72826086956522,-0.021578729
frame771,166.11111111111111,156.21409214092142,136.4850948509485,206.0625,211.35326086956522,210.8695652173913,-0.022069961
frame772,165.53929539295393,156.09485094850947,136.15718157181573,205.98097826086956,211.53532608695653,210.72826086956522,-0.021155357
frame773,165.64227642276424,156.0569105691057,136.3821138211382,205.8016304347826,211.1086956521739,210.6875,-0.021498114
frame774,165.16260162601625,155.23848238482384,135.05962059620597,205.49728260869566,210.7038043478261,210.3288043478261,-0.019429564
frame775,164.18428184281842,154.52845528455285,134.6449864498645,205.3070652173913,210.5163043478261,210.6983695652174,-0.01839155
frame776,162.64227642276424,152.9268292682927,133.89972899728997,208.0570652173913,213.23641304347825,213.76358695652175,-0.016829967
frame777,161.4769647696477,151.44444444444446,132.53929539295393,207.6711956521739,212.69021739130434,213.3016304347826,-0.018947572
frame778,160.1219512195122,150.4390243902439,131.13279132791328,208.0570652173913,213.23641304347825,214.54347826086956,-0.028399408
frame779,159.16531165311653,148.65040650406505,130.47154471544715,207.66576086956522,212.9945652173913,214.4266304347826,-0.039343119
frame780,157.8211382113821,147.0731707317073,128.49864498644988,208.2554347826087,213.58695652173913,215.21195652173913,-0.062879086
frame781,156.80758807588077,145.96747967479675,127.39837398373983,207.66576086956522,212.9945652173913,214.9673913043478,-0.077097327
frame782,155.59891598915988,144.72628726287263,125.78861788617886,207.2554347826087,213.20652173913044,215.6576086956522,-0.063004613
frame783,154.5880758807588,143.87533875338752,124.84010840108401,212.50271739130434,218.8179347826087,222.53804347826087,-0.051476508
frame784,153.27371273712737,142.53658536585365,123.33875338753387,215.51902173913044,223.41032608695653,229.09782608695653,-0.047044545
frame785,152.26829268292684,141.6639566395664,122.58807588075881,217.77445652173913,225.9701086956522,232.66576086956522,-0.045785576
frame786,150.46341463414635,140.15176151761517,120.3550135501355,220.2336956521739,228.33152173913044,236.29076086956522,-0.045431912
frame787,149.40650406504065,139.1951219512195,119.4579945799458,224.21195652173913,233.5570652173913,243.0625,-0.045264512
frame788,147.7018970189702,137.80216802168022,117.70731707317073,228.5054347826087,240.3695652173913,252.69021739130434,-0.045113385
frame789,147.11924119241192,137.15989159891598,117.5230352303523,229.42934782608697,243.25815217391303,254.14402173913044,-0.044825882
frame790,146.27642276422765,136.21951219512195,116.56639566395664,229.1929347826087,244.7445652173913,253.83423913043478,-0.044156224
frame791,147.03523035230353,136.84552845528455,117.7289972899729,229.5108695652174,245.33423913043478,254.34782608695653,-0.04202953
frame792,148.3739837398374,138.0189701897019,120.23035230352303,230,247.08152173913044,255,-0.036411136
frame793,150.87533875338752,140.57181571815718,125.70460704607046,210.77173913043478,219.76902173913044,223.5923913043478,-0.02465561
frame794,150.31978319783198,140.35230352303523,125.34688346883469,164.2173913043478,157.3913043478261,146.58695652173913,0.004376143
frame795,150.53658536585365,140.84010840108402,125.69376693766938,166.0625,158.9375,146,-0.023687959
frame796,151.28184281842817,141.59349593495935,126.18970189701896,168.08695652173913,160.6711956521739,149.21467391304347,-0.035039753
frame797,150.9349593495935,141.4769647696477,125.53387533875339,166.74728260869566,158.19565217391303,146.3451086956522,-0.034941137
frame798,154.37669376693768,145.59349593495935,129.72628726287263,168.7336956521739,160.17391304347825,149.17391304347825,-0.040569663
frame799,167.81842818428186,161.4850948509485,147.0379403794038,171.1820652173913,162.85054347826087,151.89673913043478,-0.049501002
frame800,171.50135501355012,165,151,172.93478260869566,164.375,154.29347826086956,-0.049912304
frame801,164.40650406504065,156.3658536585366,141.49864498644988,167.1304347826087,154.57608695652175,143.33967391304347,-0.048725843
frame802,163.63685636856368,153.9620596205962,139.49864498644988,166.27173913043478,153.97554347826087,142.4429347826087,-0.047156006
frame803,148.45257452574526,139.35772357723576,122.9430894308943,164.21467391304347,152.9076086956522,138.75271739130434,-0.032323003
frame804,145.77777777777777,137.65311653116532,120.76151761517615,163.1983695652174,152.3423913043478,137.9673913043478,-0.023458928
frame805,146.59078590785907,138.05149051490514,121.58536585365853,161.2961956521739,152.3016304347826,136.29347826086956,-0.025879115
frame806,146.02710027100272,137.6070460704607,120.69918699186992,161.61141304347825,152.98097826086956,136.9945652173913,-0.023193538
frame807,146.27642276422765,137.71544715447155,120.97289972899729,163.95923913043478,156.33152173913044,143.9701086956522,-0.017615736
frame808,146.29268292682926,137.93766937669378,120.95663956639567,211.2608695652174,218.92934782608697,225.60597826086956,-0.059968203
frame809,143.77777777777777,135.03252032520325,116.73983739837398,217.1983695652174,226.61141304347825,234.9836956521739,-0.073247969
frame810,142.47425474254743,134.1680216802168,114.05962059620596,214.02445652173913,221.6304347826087,228.42391304347825,-0.069633782
frame811,144.59078590785907,136.26558265582656,117.3821138211382,213.53532608695653,221.33423913043478,226.8070652173913,-0.064298272
frame812,145.20867208672087,136.74254742547424,117.23035230352303,210.0788043478261,217.6141304347826,222.2201086956522,-0.063693583
frame813,147.19241192411923,138.3739837398374,120.23848238482385,210.9836956521739,218.09782608695653,222.22282608695653,-0.065756708
frame814,148.1490514905149,139.37127371273712,121.26829268292683,206.52173913043478,212.3858695652174,214.9945652173913,-0.067105472
frame815,148.93224932249322,140.78590785907858,120.65311653116531,197.14945652173913,200.30434782608697,201.03804347826087,-0.068466783
frame816,149.68563685636857,141.5230352303523,121.07588075880759,195.9945652173913,198.79076086956522,198.66304347826087,-0.067611605
frame817,151.41463414634146,142.9512195121951,123.90785907859079,196.47826086956522,199.3586956521739,198.42391304347825,-0.06395033
frame818,152.11111111111111,143.72628726287263,123.53658536585365,196.5461956521739,198.98641304347825,198.3070652173913,-0.050714433
frame819,153.3360433604336,145.31165311653118,125.33875338753387,196.49184782608697,198.9320652173913,197.79347826086956,-0.020131379
frame820,154.69647696476966,146.75880758807588,126.57723577235772,196.22282608695653,199.0516304347826,197.14673913043478,0.022690058
frame821,156.31436314363143,148.47425474254743,128.8130081300813,195.9375,198.33967391304347,195.79347826086956,0.04348883
frame822,157.33875338753387,149.47154471544715,129.60162601626016,196.00815217391303,197.95923913043478,195.8586956521739,0.030995696783065796
frame823,158.96747967479675,150.95934959349594,131.56368563685638,195.47554347826087,197.57065217391303,195.125,-0.001550078
frame824,160.07859078590786,151.95663956639567,132.7289972899729,195.86684782608697,197.60326086956522,194.6983695652174,-0.033391535
frame825,161.55013550135502,153.20325203252034,134.59620596205963,195.04076086956522,196.77717391304347,193.33152173913044,-0.046964556
frame826,163.01626016260164,153.95934959349594,135.82655826558266,197.20108695652175,198.97282608695653,195.6141304347826,-0.050987571
frame827,164.1029810298103,155.05149051490514,136.21680216802167,197.3016304347826,198.65217391304347,196.0923913043478,-0.049134105
frame828,164.50135501355012,155.44986449864498,136.37127371273712,197.1548913043478,198.49728260869566,195.9048913043478,-0.053807676
frame829,164.71815718157183,155.7100271,136.80758807588077,199.60597826086956,200.99184782608697,198.58967391304347,-0.052921027
frame830,164.5609756097561,155.52574525745257,136.49864498644988,199.47554347826087,200.83967391304347,198.42391304347825,-0.048371166
frame831,164.79674796747966,155.79674796747966,136.89159891598916,201.10597826086956,204.13315217391303,202.1086956521739,-0.042685598
frame832,164.71544715447155,155.7100271,136.84823848238483,201.4048913043478,204.125,202.07608695652175,-0.035622269
frame833,164.56368563685638,155.56368563685638,136.71273712737127,200.66847826086956,203.69565217391303,201.6711956521739,-0.030639201
frame834,164.92140921409214,155.49864498644988,136.08130081300814,201.87771739130434,205.12771739130434,203.42391304347825,-0.026291758
frame835,165.01626016260164,155.69647696476966,136.43360433604337,201.95108695652175,205.1413043478261,203.45652173913044,-0.024166733
frame836,165.0731707317073,155.65040650406505,136.25745257452576,201.94021739130434,206.1358695652174,204.68478260869566,-0.02231437
frame837,165.1409214092141,155.7560975609756,136.42547425474254,201.99728260869566,206.1548913043478,203.9891304347826,-0.022195369
frame838,165.35230352303523,155.80758807588077,136.35230352303523,202.4538043478261,206.69021739130434,205.3586956521739,-0.021612287
frame839,165.1300813,156.10840108401084,137.4227642276423,203.7201086956522,208.5461956521739,206.1983695652174,-0.022890002
frame840,165.08130081300814,155.95663956639567,137.2059620596206,203.7961956521739,208.63315217391303,206.3070652173913,-0.022824615
frame841,165.00542005420056,155.88075880758808,137.46883468834687,203.7201086956522,208.5461956521739,206.1983695652174,-0.023044586
frame842,164.88346883468836,155.75880758807588,137.27371273712737,203.7961956521739,208.63315217391303,206.3070652173913,-0.022695154
frame843,165.20867208672087,155.90514905149053,137.6449864498645,204.0733695652174,208.97826086956522,206.78804347826087,-0.023369491
frame844,165.12466124661248,155.8509485094851,137.47967479674796,204.0108695652174,208.91304347826087,206.81521739130434,-0.023294508
frame845,165.38482384823848,156.00271002710028,137.84010840108402,203.97826086956522,208.88315217391303,206.6929347826087,-0.02417168
frame846,165.27913279132792,155.8970189701897,137.6449864498645,204.0108695652174,208.91304347826087,206.7173913043478,-0.023952127
frame847,165.43360433604337,156.0487804878049,137.9430894308943,203.97826086956522,208.88315217391303,206.6929347826087,-0.024627358
frame848,165.33875338753387,155.96476964769647,137.75338753387533,204.0108695652174,208.91304347826087,206.7173913043478,-0.024393469
frame849,165.0650406504065,156.06775067750678,137.78590785907858,204.81521739130434,209.7961956521739,207.83423913043478,-0.023839802
frame850,165.3360433604336,155.9918699186992,137.8211382113821,204.66032608695653,209.6304347826087,207.63858695652175,-0.024137497
frame851,165.35772357723576,156.18428184281842,138.0840108401084,205.4429347826087,211.07608695652175,208.37771739130434,-0.023979127
frame852,165.11924119241192,155.9430894308943,137.71544715447155,205.66847826086956,210.7391304347826,207.95923913043478,-0.0232988
frame853,165.21951219512195,156.05149051490514,137.89430894308944,205.4429347826087,210.52717391304347,208.37771739130434,-0.023646384
frame854,165.15176151761517,155.98373983739836,137.75338753387533,205.66847826086956,210.7391304347826,207.95923913043478,-0.023395598
frame855,165.23848238482384,156.08130081300814,137.91056910569105,208.68478260869566,214.69565217391303,214.28532608695653,-0.021222085
frame856,165.20867208672087,156.04065040650406,137.82926829268294,208.75271739130434,214.2961956521739,214.13315217391303,-0.021165192
frame857,165.33333333333334,156.17615176151762,138.04065040650406,208.9320652173913,214.69565217391303,214.85326086956522,-0.021279067
frame858,165.2520325203252,156.08672086720867,137.89159891598916,209.1358695652174,214.52173913043478,214.69565217391303,-0.020991504
frame859,165.25745257452576,156.11653116531164,137.9810298102981,208.9320652173913,214.69565217391303,214.85326086956522,-0.021036804
frame860,165.30623306233062,156.15176151761517,138.01355013550136,209.1358695652174,214.52173913043478,214.69565217391303,-0.021090239
frame861,165.35772357723576,156.21680216802167,138.08130081300814,208.9320652173913,214.69565217391303,214.85326086956522,-0.021177471
frame862,165.57452574525746,156.10027100271003,137.3252032520325,208.75271739130434,214.52173913043478,214.69565217391303,-0.020708114
frame863,165.8130081300813,156.22222222222223,137.84010840108402,209.78804347826087,215.17391304347825,215.3288043478261,-0.021178812
frame864,165.66124661246613,155.93224932249322,137.26558265582656,209.7445652173913,215.1304347826087,215.27445652173913,-0.020296127
frame865,165.86449864498644,156.08130081300814,137.6449864498645,209.78804347826087,215.17391304347825,215.3288043478261,-0.020913094
frame866,165.8509485094851,155.9512195121951,137.3089430894309,209.74728260869566,215.1304347826087,215.27445652173913,-0.020460099
frame867,165.8590785907859,156.07046070460706,137.56368563685638,209.78804347826087,215.17391304347825,215.3288043478261,-0.020818502
frame868,165.77235772357724,155.9539295392954,137.33062330623306,209.43478260869566,214.5054347826087,214.96195652173913,-0.020653188
frame869,165.78590785907858,156.16260162601625,137.55013550135502,209.10326086956522,214.55978260869566,214.96467391304347,-0.021133482
frame870,165.95934959349594,156.15989159891598,137.65311653116532,209.4320652173913,214.5054347826087,214.96195652173913,-0.021274567
frame871,165.78590785907858,156.16260162601625,137.55013550135502,209.48097826086956,214.55978260869566,214.96467391304347,-0.021045238
frame872,165.9918699186992,156.19783197831978,137.5420054200542,209.7445652173913,215.1304347826087,215.22826086956522,-0.021093428
frame873,165.84823848238483,156.28184281842817,137.72628726287263,209.41032608695653,215.17391304347825,215.27173913043478,-0.02126056
frame874,165.97018970189703,156.17615176151762,137.49864498644988,209.7445652173913,215.1304347826087,215.22826086956522,-0.020953596
frame875,165.7479674796748,156.20867208672087,136.76964769647697,208.33967391304347,214.19565217391303,214.2336956521739,-0.020828933
frame876,165.94850948509486,156.1382113821138,136.21409214092142,208.2798913043478,213.2173913043478,213.66304347826087,-0.020810932
frame877,165.77777777777777,156.21138211382114,136.6829268292683,207.8423913043478,212.77717391304347,212.8125,-0.021533102
frame878,165.62059620596207,156.13550135501356,136.39566395663957,207.86684782608697,213.2173913043478,213.17391304347825,-0.020807862
frame879,165.40379403794037,156.2601626,136.5772357723577,207.76902173913044,213.20652173913044,213.2445652173913,-0.020930141
frame880,165.62059620596207,156.13550135501356,136.39566395663957,208.45923913043478,213.41304347826087,213.94021739130434,-0.02045238
frame881,165.60433604336043,156.24661246612467,137.32249322493226,207.9266304347826,213.30434782608697,213.8695652173913,-0.021301925
frame882,165.7398374,156.08943089430895,136.90785907859077,208.9429347826087,214.3804347826087,214.9076086956522,-0.020225018
frame883,165.5799458,156.20054200542006,137.11924119241192,208.4211956521739,214.29347826086956,214.3641304347826,-0.020598888
frame884,165.4850948509485,156.07588075880759,136.84281842818427,208.51358695652175,214.3804347826087,214.47826086956522,-0.020202577
frame885,165.56368563685638,156.20325203252034,137.06775067750678,208.35326086956522,214.29347826086956,214.3641304347826,-0.02066803
frame886,165.4850948509485,156.07859078590786,136.80758807588077,204.91304347826087,209.97554347826087,208.12771739130434,-0.022568345
frame887,165.63956639566396,156.18970189701898,137.57452574525746,204.4266304347826,209.47554347826087,207.52445652173913,-0.02343154
frame888,165.5609756097561,156.04336043360433,137.19783197831978,204.5923913043478,209.62228260869566,207.65217391304347,-0.022935927
frame889,165.63956639566396,156.18157181571814,137.4200542,207.89945652173913,213.6086956521739,213.19565217391303,-0.021198362
frame890,165.30623306233062,155.59620596205963,136.61246612466124,208.58695652173913,214.0163043478261,214.0733695652174,-0.019639552
frame891,164.82926829268294,155.18157181571814,136.15718157181573,207.89945652173913,213.7201086956522,214.13315217391303,-0.019159347
frame892,163.73170731707316,154.05149051490514,134.95663956639567,207.9211956521739,213.3125,214.3641304347826,-0.01773873
frame893,162.59620596205963,153.05149051490514,133.94579945799458,207.6929347826087,213.0733695652174,214.0923913043478,-0.017536044
frame894,160.93766937669378,151.0840108401084,131.84010840108402,208.7201086956522,213.5733695652174,215.2173913043478,-0.023449481
frame895,159.8130081300813,149.3929539295393,130.95663956639567,208.9429347826087,214.26902173913044,215.8913043478261,-0.035070419
frame896,158.5609756097561,147.94850948509486,129.4119241192412,209.32065217391303,214.6358695652174,216.47282608695653,-0.0556463
frame897,157.67750677506774,146.8590785907859,128.39837398373984,209.5298913043478,214.9048913043478,216.73641304347825,-0.075200319
frame898,156.5230352303523,145.76151761517616,127.08130081300813,208.64945652173913,214.8858695652174,217.13315217391303,-0.069060653
frame899,155.0569105691057,144.5121951219512,125.69647696476964,213.00271739130434,219.01902173913044,222.20108695652175,-0.054816395
frame900,153.62330623306232,143.06775067750678,123.37127371273712,214.80434782608697,222.2173913043478,226.3586956521739,-0.048222184
frame901,152.59078590785907,142.07859078590786,122.98915989159892,214.7608695652174,222.19565217391303,226.83967391304347,-0.046251386
frame902,151.15447154471545,140.85365853658536,121.14363143631437,221.67391304347825,231.41304347826087,239.3070652173913,-0.045053154
frame903,149.29539295392954,139.33333333333334,119.1300813,224.3586956521739,233.29076086956522,241.95652173913044,-0.044468462
frame904,148.58265582655827,138.58265582655827,118.24661246612466,226.0054347826087,237.1086956521739,248.07065217391303,-0.044475883
frame905,146.94579945799458,137.08672086720867,116.51490514905149,227.68478260869566,239.82065217391303,251.08695652173913,-0.044443786
frame906,146.77777777777777,136.8319783197832,116.71273712737127,229.5108695652174,244.31521739130434,254.31521739130434,-0.044138581
frame907,147.33333333333334,137.29539295392954,117.97560975609755,230,246.0570652173913,255,-0.043209404
frame908,146.59891598915988,136.71815718157183,116.97289972899729,230,246.20923913043478,255,-0.040310025
frame909,150.4878048780488,140.15989159891598,124.07317073170732,226.3179347826087,241.39673913043478,249.3125,-0.032349169
frame910,149.7560975609756,140.21951219512195,125.3360433604336,168.60597826086956,164.60597826086956,156.16847826086956,-0.012015909
frame911,150.6070460704607,140.3170731707317,125.30352303523036,165.89402173913044,159,146.3179347826087,-0.021694303
frame912,150.9268292682927,140.44173441734418,125.65311653116531,167.45652173913044,160.04891304347825,147.91304347826087,-0.034187764
frame913,150.93766937669378,140.63685636856368,125.26287262872629,167,157.75,146,-0.038119376
frame914,151.82926829268294,141.46612466124662,126.35230352303523,168.35326086956522,160.0298913043478,149.0298913043478,-0.036381304
frame915,165.5420054200542,159.0379403794038,143.33875338753387,171.4048913043478,163.8641304347826,153.1304347826087,-0.048395932
frame916,169.4200542,164.09756097560975,149.1490514905149,172.7173913043478,164.1304347826087,153.41304347826087,-0.04967466
frame917,172.17615176151762,166.15447154471545,153.54471544715446,175.25,167,157.5,-0.04821828
frame918,165.73170731707316,157.3929539295393,143.8861788617886,166.77717391304347,153.96467391304347,142.8858695652174,-0.046057343
frame919,164.49322493224932,155.33062330623306,141.30352303523034,166.41847826086956,153.77173913043478,142.3695652173913,-0.044299245
frame920,153.40921409214093,143.73170731707316,128.53387533875338,165.26358695652175,152.79076086956522,139.6576086956522,-0.038632989
frame921,147.03252032520325,137.73441734417344,120.72357723577235,165,152.67934782608697,139.76902173913044,-0.022387922
frame922,146.78590785907858,138.26287262872629,121.84823848238483,162.66032608695653,151.75815217391303,136.8695652173913,-0.024572223
frame923,147.15989159891598,138.14363143631437,122.27913279132791,161.8913043478261,153.45652173913044,137.45652173913044,-0.023739815
frame924,146.69376693766938,138.14634146341464,122.33062330623306,162.68478260869566,153.44565217391303,139.25,-0.022270501
frame925,147.40108401084012,138.59078590785907,123.08130081300813,195.3913043478261,196.94021739130434,197.86684782608697,-0.054690272
frame926,143.6639566395664,135.39566395663957,117.2059620596206,220.1983695652174,230.47554347826087,238.79076086956522,-0.070911765
frame927,143.3821138211382,135.1951219512195,116.60975609756098,216.13315217391303,224.41576086956522,231.14673913043478,-0.065785706
frame928,143.48238482384824,135.33875338753387,115.56368563685636,214.0733695652174,221.6195652173913,227.61684782608697,-0.059523553
frame929,144.59620596205963,136.86720867208672,115.73441734417344,214.5326086956522,222.41304347826087,227.7336956521739,-0.059516311
frame930,145.6341463414634,137.7940379403794,116.4769647696477,209.65217391304347,216.67934782608697,220.97282608695653,-0.061987936
frame931,147.39566395663957,139.46883468834687,119.1029810298103,208.2663043478261,214.93478260869566,218.0108695652174,-0.062505364
frame932,148.3902439,140.1029810298103,119.54471544715447,202.37228260869566,208.08967391304347,210.20652173913044,-0.062656403
frame933,149.94037940379403,141.33875338753387,121.88617886178862,200.66032608695653,205.47826086956522,206.2798913043478,-0.064295381
frame934,150.68021680216802,142.27371273712737,122.1680216802168,201.4836956521739,206.6766304347826,206.6983695652174,-0.064632416
frame935,152.28455284552845,144.17615176151762,124.84010840108401,200.79076086956522,206.09782608695653,205.85597826086956,-0.065619051
frame936,153.05420054200542,145.1869918699187,125.50135501355014,193.46467391304347,196.0679347826087,194.2798913043478,-0.041304141
frame937,154.88888888888889,146.65582655826557,126.76422764227642,193.6548913043478,196.3070652173913,194.125,0.005320638
frame938,155.97289972899728,147.6720867208672,127.67208672086721,193.30434782608697,195.9076086956522,193.52717391304347,0.033272982
frame939,157.6070460704607,149.1300813,129.31978319783198,193.77173913043478,195.5679347826087,193.27173913043478,0.019907593727111816
frame940,158.65311653116532,150.22222222222223,129.9918699186992,194.03804347826087,195.4211956521739,193.09782608695653,-0.015428543
frame941,160.35772357723576,151.65311653116532,131.78048780487805,194.3179347826087,195.84782608695653,193.1141304347826,-0.041618347
frame942,161.43631436314362,152.6829268292683,132.53929539295393,193.95108695652175,195.48641304347825,192.31521739130434,-0.049823612
frame943,162.9430894308943,154,134.18157181571814,193.33695652173913,194.8804347826087,191.15217391304347,-0.054654986
frame944,163.52845528455285,154.65311653116532,134.6991869918699,194.18478260869566,196.39402173913044,192.47554347826087,-0.054473072
frame945,164.24119241192412,155.21680216802167,135.66124661246613,196.08695652173913,197.79891304347825,194.9429347826087,-0.057982445
frame946,164.08672086720867,155.18157181571814,135.40650406504065,196.3423913043478,198.28804347826087,195.44021739130434,-0.057048082
frame947,164.45257452574526,155.4308943089431,136.03523035230353,196.0625,198.01358695652175,194.9429347826087,-0.056367218
frame948,164.2710027100271,155.35230352303523,135.81029810298102,199.4429347826087,201.77717391304347,198.89402173913044,-0.050363839
frame949,164.69647696476966,155.6178861788618,136.40108401084012,201.97282608695653,204.7173913043478,202.80434782608697,-0.044690132
frame950,164.49322493224932,155.4579945799458,136.20325203252034,200.58967391304347,203.8233695652174,201.08152173913044,-0.039054483
frame951,164.5772357723577,155.59891598915988,136.27913279132792,199.93478260869566,204.39673913043478,201.82065217391303,-0.033176482
frame952,164.34959349593495,155.34688346883468,135.83468834688347,199.22282608695653,203.60054347826087,200.91304347826087,-0.027358204
frame953,164.82926829268294,155.7018970189702,136.67750677506774,199.41576086956522,203.8586956521739,201.1195652173913,-0.025747061
frame954,164.71273712737127,155.54742547425474,136.29268292682926,199.16847826086956,203.5461956521739,200.80434782608697,-0.023589462
frame955,165.15718157181573,155.88075880758808,136.75338753387533,200.76902173913044,205.36141304347825,203.0326086956522,-0.023677707
frame956,165.02168021680217,155.7642276422764,137.04336043360433,202.63858695652175,207.23641304347825,205.61141304347825,-0.023306847
frame957,164.8861788617886,155.98644986449864,136.56639566395663,202.85054347826087,207.4701086956522,205.45923913043478,-0.022975564
frame958,164.89972899728997,155.88346883468836,137.07588075880759,202.83423913043478,207.47554347826087,205.87228260869566,-0.02323088
frame959,164.8970189701897,155.82926829268294,136.80216802168022,203.33967391304347,208.14673913043478,206.02445652173913,-0.022604465
frame960,164.92140921409214,155.69376693766938,136.65040650406505,203.0461956521739,207.8451086956522,205.6983695652174,-0.022528857
frame961,164.97831978319783,155.91056910569105,136.91869918699186,203.16847826086956,207.99184782608697,205.85326086956522,-0.02298227
frame962,164.82384823848238,155.75338753387533,136.20054200542006,203.1820652173913,208.00271739130434,206.1766304347826,-0.022040129
frame963,165.47967479674796,155.94850948509486,137.24661246612467,203.50815217391303,208.45923913043478,206.4375,-0.023532182
frame964,164.95934959349594,155.72628726287263,136.7669376693767,204.07608695652175,208.6413043478261,207.11141304347825,-0.022109866
frame965,165.5609756097561,156.01355013550136,137.18970189701898,204.91032608695653,210.3913043478261,209.78804347826087,-0.022339582
frame966,165.04336043360433,155.88888888888889,136.93766937669378,205.50815217391303,211.00815217391303,210.66032608695653,-0.021193862
frame967,165.04065040650406,155.66937669376694,136.94579945799458,206.64945652173913,212.30434782608697,212.22282608695653,-0.020360917
frame968,165.3360433604336,155.61517615176152,136.78319783197833,206.7663043478261,212.4375,212.77445652173913,-0.020223886
frame969,165.05420054200542,155.6829268292683,136.9620596205962,206.64945652173913,212.30434782608697,212.625,-0.020424187
frame970,165.61246612466124,155.66124661246613,136.9349593495935,206.63858695652175,211.8804347826087,211.8858695652174,-0.020907283
frame971,165.44444444444446,155.74525745257452,137.1382113821138,206.28532608695653,211.8695652173913,211.92391304347825,-0.021083444
frame972,165.6070460704607,155.66937669376694,136.95934959349594,206.63858695652175,211.8804347826087,211.8858695652174,-0.020957947
frame973,165.44986449864498,155.7642276422764,137.18157181571814,206.28532608695653,211.8695652173913,211.75815217391303,-0.021266639
frame974,165.62330623306232,155.6747967479675,136.97289972899728,206.63858695652175,211.8804347826087,211.8858695652174,-0.021064043
frame975,165.02981029810297,155.98373983739836,137.20867208672087,207.6929347826087,213.57608695652175,213.85054347826087,-0.020508409
frame976,165.00542005420056,155.89972899728997,137.04065040650406,207.8288043478261,213.72826086956522,214.00815217391303,-0.020367414
frame977,165.02981029810297,155.98373983739836,137.20867208672087,207.6929347826087,213.57608695652175,213.85054347826087,-0.020755172
frame978,165.00542005420056,155.89972899728997,137.04065040650406,207.8288043478261,213.72826086956522,214.00815217391303,-0.020459294
frame979,165.02981029810297,155.98373983739836,137.21138211382114,207.6929347826087,213.57608695652175,213.85054347826087,-0.020790935
frame980,165.00542005420056,155.89972899728997,137.04065040650406,207.8288043478261,213.72826086956522,214.00815217391303,-0.02051124
frame981,165.02981029810297,155.98373983739836,137.20867208672087,207.6929347826087,213.57608695652175,213.85054347826087,-0.020821333
frame982,165.00542005420056,155.89972899728997,137.04065040650406,207.8288043478261,213.72826086956522,214.00815217391303,-0.020597696
frame1050,147.8048780487805,138.2357723577236,123.71273712737127,199.7663043478261,203.0733695652174,204.2798913043478,-0.043981433
frame1051,147.77777777777777,139.62330623306232,121.7940379403794,198.7554347826087,201.35054347826087,201.69565217391303,-0.031981528
frame1052,149.33333333333334,141.2059620596206,123.92411924119241,197.72554347826087,200.62771739130434,200.33695652173913,-0.020213008
frame1053,150.21680216802167,142.01355013550136,125.65311653116531,197.95923913043478,200.49184782608697,200.1195652173913,0.008764684
frame1054,151.15176151761517,142.71273712737127,126.03794037940379,197.26902173913044,199.74184782608697,198.875,0.050357014
frame1055,153.02981029810297,144.4471544715447,128.11111111111111,197.1141304347826,199.5326086956522,198.1576086956522,0.10803267359733582
frame1056,154.2249322493225,146.09485094850947,129.3550135501355,197.0679347826087,199,197.19565217391303,0.2393723726272583
frame1057,155.6341463414634,147.6910569105691,131.20867208672087,197.1141304347826,199.00271739130434,197.09782608695653,0.39308440685272217
frame1058,156.6991869918699,148.80758807588077,132.11111111111111,196.58152173913044,198.4076086956522,196.0108695652174,0.3212311565876007
frame1059,158.24661246612467,150.1951219512195,134.45528455284554,196.17391304347825,198.5326086956522,195.62771739130434,0.25325241684913635
frame1060,159.14634146341464,151.15718157181573,135.03523035230353,196.11684782608697,198.14673913043478,194.8641304347826,0.34460365772247314
frame1061,160.4119241192412,152.59349593495935,136.75880758807588,195.58152173913044,197.5951086956522,193.8586956521739,0.624690592
frame1062,160.8211382113821,152.89159891598916,136.5121951219512,195.19565217391303,197.22554347826087,193.5054347826087,0.3708794116973877
frame1063,162.5799458,153.31436314363143,137.16260162601625,199.4429347826087,201.64673913043478,199.1548913043478,0.1559707522392273
frame1064,163.09756097560975,153.64227642276424,137.8319783197832,200.5679347826087,203.0788043478261,200.85597826086956,0.043542027
frame1065,163.0650406504065,153.50677506775068,138.0379403794038,200.63858695652175,202.8288043478261,200.86684782608697,0.005166411
frame1066,162.5121951219512,153.52574525745257,136.97018970189703,200.69565217391303,202.93478260869566,200.97282608695653,-0.008004963
frame1067,163.51761517615176,153.93224932249322,138.44986449864498,200.26902173913044,202.45923913043478,200.49728260869566,-0.015245855
frame1068,163.11924119241192,153.9268292682927,137.70731707317074,201.95652173913044,205.08152173913044,203.2554347826087,-0.015333325
frame1069,163.28184281842817,153.84281842818427,137.90785907859077,201.54347826086956,204.91304347826087,203.08423913043478,-0.016302675
frame1070,163.4308943089431,154.03523035230353,138.3658536585366,200.54347826086956,204.54076086956522,202.77445652173913,-0.017715305
frame1071,163.84281842818427,154.2357723577236,139.05962059620597,200.6141304347826,204.58695652173913,202.83695652173913,-0.019490987
frame1072,163.65853658536585,154.20325203252034,138.75880758807588,200.4891304347826,204.48641304347825,202.7201086956522,-0.021073639
frame1073,163.72086720867208,154.1138211382114,138.8509485094851,200.5625,204.53532608695653,202.7336956521739,-0.022450298
frame1074,163.59078590785907,154.3170731707317,138.63143631436316,201.12228260869566,205.30434782608697,203.72826086956522,-0.022489816
frame1075,163.81571815718158,154.07859078590786,139.2357723577236,203.8913043478261,208.74184782608697,207.0298913043478,-0.021249503
frame1076,163.40921409214093,154.0487804878049,138.4200542,203.75815217391303,208.58967391304347,206.8586956521739,-0.02028358
frame1077,163.55555555555554,154.19241192411923,139.0569105691057,203.66576086956522,208.50271739130434,206.79347826086956,-0.021298796
frame1078,163.2059620596206,154.16260162601625,138.39566395663957,203.84782608695653,208.7391304347826,206.66847826086956,-0.020470023
frame1079,163.37669376693768,154.28726287262873,138.69647696476966,203.97554347826087,208.8913043478261,206.9076086956522,-0.020882726
frame1080,163.18428184281842,154.15989159891598,138.27913279132792,203.89402173913044,208.80434782608697,206.7554347826087,-0.020223409
frame1081,163.57452574525746,154.31436314363143,138.9620596205962,203.85597826086956,208.33152173913044,206.66847826086956,-0.021396428
frame1082,163.3821138211382,154.1869918699187,138.57181571815718,207.7201086956522,212.9483695652174,213.125,-0.017702729
frame1083,163.6341463414634,154.1951219512195,139.12466124661248,207.9836956521739,213.30434782608697,213.52173913043478,-0.01779744
frame1084,163.3658536585366,154.0487804878049,138.70731707317074,208.20923913043478,213.47826086956522,213.77717391304347,-0.016741693
frame1085,163.76151761517616,154.17073170731706,139.40650406504065,207.4673913043478,213.20923913043478,213.1141304347826,-0.017600983
frame1086,163.39566395663957,154.07046070460706,138.6910569105691,207.79347826086956,213.0923913043478,213.3016304347826,-0.016593337
frame1087,163.16260162601625,154.43360433604337,139.44986449864498,206.0108695652174,211.3070652173913,211.16304347826087,-0.018407285
frame1088,162.81571815718158,154.3089430894309,138.71815718157183,206.4429347826087,211.28804347826087,211.5733695652174,-0.01760754
frame1089,163.01626016260164,154.52574525745257,139.3252032520325,206.0108695652174,211.3070652173913,211.16304347826087,-0.018719882
frame1090,162.8319783197832,154.45257452574526,138.72628726287263,206.4429347826087,211.28804347826087,211.5733695652174,-0.018034548
frame1091,162.87533875338752,154.5420054200542,139.04336043360433,206.4320652173913,211.3070652173913,211.16304347826087,-0.018587202
frame1092,162.59078590785907,154.26287262872629,138.2439024390244,206.4429347826087,211.28804347826087,211.5733695652174,-0.017530471
frame1093,162.84281842818427,154.50677506775068,139.07046070460706,206.4483695652174,211.3070652173913,211.6086956521739,-0.018568099
frame1094,162.71544715447155,154.34959349593495,138.65582655826557,206.4429347826087,211.28804347826087,211.66847826086956,-0.018010795
frame1095,162.84281842818427,154.50677506775068,139.0460704607046,206.4320652173913,211.3070652173913,211.16304347826087,-0.018615335
frame1096,162.71544715447155,154.34959349593495,138.65582655826557,206.4429347826087,211.28804347826087,211.5733695652174,-0.018013686
frame1097,162.84281842818427,154.50677506775068,139.0460704607046,206.4320652173913,211.3070652173913,211.6086956521739,-0.018552065
frame1098,162.7100271,154.34417344173443,138.57181571815718,206.41304347826087,211.28804347826087,211.5733695652174,-0.01796028
frame1099,163.02168021680217,154.36043360433604,139.4227642276423,207.2798913043478,212.23097826086956,212.46467391304347,-0.018211067
frame1100,162.82384823848238,154.28184281842817,138.91869918699186,207.4211956521739,212.375,212.94565217391303,-0.017401487
frame1101,163.08130081300814,154.4850948509485,139.59349593495935,207.1711956521739,212.23097826086956,212.34782608695653,-0.018385082
frame1102,162.94037940379403,154.31978319783198,139.1409214092141,207.4211956521739,212.375,212.53804347826087,-0.017631114
frame1103,162.9810298102981,154.4200542,139.46341463414635,207.1711956521739,212.23097826086956,212.34782608695653,-0.018104702
frame1104,162.7018970189702,154.2601626,138.79132791327913,207.4211956521739,212.375,212.94565217391303,-0.017153591
frame1105,162.84552845528455,154.4390243902439,139.24119241192412,207.2798913043478,212.23097826086956,212.46467391304347,-0.017960489
frame1106,162.71273712737127,154.2601626,138.85636856368563,207.4211956521739,212.375,212.94565217391303,-0.017318308
frame1107,162.84552845528455,154.4390243902439,139.1951219512195,207.2798913043478,212.23097826086956,212.34782608695653,-0.017973065
frame1108,162.81842818428186,154.33875338753387,138.90243902439025,207.4211956521739,212.375,212.53804347826087,-0.017555028
frame1109,162.78048780487805,154.3739837398374,139.16531165311653,207.2798913043478,212.23097826086956,212.34782608695653,-0.017819613
frame1110,162.65040650406505,154.19783197831978,138.7940379403794,207.4211956521739,212.375,212.94565217391303,-0.017158687
frame1111,162.88346883468836,154.3739837398374,139.01626016260164,207.98097826086956,212.9320652173913,213.4320652173913,-0.017404169
frame1112,162.50948509485096,154.19241192411923,138.39566395663957,207.99184782608697,212.94565217391303,213.38858695652175,-0.016716897
frame1113,162.68563685636857,154.37127371273712,138.80758807588077,207.98097826086956,212.9320652173913,213.4320652173913,-0.017376542
frame1114,162.4959349593496,154.17344173441734,138.3739837398374,207.99184782608697,212.94565217391303,213.3586956521739,-0.016859651
frame1115,162.49051490514904,154.19241192411923,138.4308943089431,207.98097826086956,212.9320652173913,213.4320652173913,-0.016983688
frame1116,162.3279132791328,154.01355013550136,137.8780487804878,207.99184782608697,212.94565217391303,213.3586956521739,-0.016551226
frame1117,162.49051490514904,154.19241192411923,138.4119241192412,207.98097826086956,212.9320652173913,212.96195652173913,-0.017151982
frame1118,162.3279132791328,154.01084010840108,137.8780487804878,207.99184782608697,212.8070652173913,213.3586956521739,-0.016594291
frame1119,162.49051490514904,154.19241192411923,138.4308943089431,205.79076086956522,210.51358695652175,210.4211956521739,-0.018018007
frame1120,162.3279132791328,154.01084010840108,137.86449864498644,205.9266304347826,210.47554347826087,209.95108695652175,-0.017231047
frame1121,162.4878048780488,154.18970189701898,138.40650406504065,203.62228260869566,208.1358695652174,205.62228260869566,-0.019103944
frame1122,162.27371273712737,153.93766937669378,137.56639566395663,205.8233695652174,210.55978260869566,210.06521739130434,-0.016477168
frame1123,162,153.91327913279133,138.15718157181573,206.38315217391303,211.5625,210.0679347826087,-0.01647687
frame1124,161.53929539295393,153.4579945799458,136.95934959349594,206.3233695652174,211.06521739130434,209.9048913043478,-0.015493721
frame1125,161.11924119241192,153.20054200542006,136.82655826558266,206.3016304347826,211.09782608695653,209.9701086956522,-0.015444666
frame1126,159.91327913279133,151.98373983739836,135.49322493224932,204.45652173913044,209.00815217391303,208.01358695652175,-0.014152497
frame1127,158.95663956639567,150.92140921409214,134.66666666666666,204.2826086956522,208.29891304347825,207.8451086956522,-0.012996882
frame1128,157.72086720867208,149.20867208672087,133.3360433604336,207.66847826086956,212.79891304347825,213.83695652173913,-0.016487539
frame1129,156.6260162601626,148.15447154471545,132.05962059620597,207.6548913043478,212.83152173913044,214.33695652173913,-0.031561971
frame1130,155.2249322493225,146.61246612466124,130.40921409214093,207.07065217391303,212.40217391304347,213.625,-0.054473042
frame1131,153.96476964769647,145.30352303523034,129.0081300813008,208.39673913043478,214.09782608695653,215.79347826086956,-0.073252767
frame1132,152.7398374,144.06775067750678,127.39566395663957,208.77717391304347,214.98641304347825,217.2445652173913,-0.077447474
frame1133,151.76151761517616,143.22764227642276,126.56368563685636,208.40217391304347,214.71467391304347,217.38315217391303,-0.057027549
frame1134,150.50677506775068,142.0379403794038,124.97560975609755,208.83152173913044,215.0625,217.89945652173913,-0.034425169
frame1135,149.05962059620597,140.47967479674796,126.60162601626017,215.17391304347825,221.42934782608697,226.10326086956522,-0.016920686
frame1136,147.77235772357724,139.09485094850947,125.3550135501355,215,221.32608695652175,226.24184782608697,-0.003451556
frame1137,146.11653116531164,137.20867208672087,123.47425474254743,220.12228260869566,228.18478260869566,235.19565217391303,-0.000337303
frame1138,145.17073170731706,136.10840108401084,122.53387533875339,227.1086956521739,237.5,248.3125,-0.008086652
frame1139,143.49322493224932,134.53929539295393,120.63143631436314,227.3913043478261,238.80434782608697,250.47282608695653,-0.015779048
frame1140,142.78319783197833,133.6639566395664,119.85636856368563,228.94021739130434,242.62228260869566,253.41032608695653,-0.021291792
frame1141,141.18970189701898,132.38753387533876,118.88346883468834,229.0461956521739,243.66304347826087,253.62228260869566,-0.02194652
frame1142,141.06775067750678,132.47425474254743,118.63956639566396,229.0951086956522,245.0679347826087,253.79347826086956,-0.018637508
frame1143,143.41734417344173,135.09756097560975,122.4959349593496,229.37228260869566,246.07065217391303,254.10326086956522,-0.004031181
frame1144,145.59620596205963,136.64769647696477,125.3550135501355,210.2336956521739,218.7798913043478,223.39945652173913,0.021757900714874268
frame1145,146.10027100271003,137.06775067750678,124.96205962059621,164.58695652173913,158.2173913043478,146.84782608695653,0.007283151
frame1146,146.71273712737127,137.78590785907858,126.0569105691057,165.9891304347826,158.9891304347826,146.22282608695653,0.044483304023742676
frame1147,146.66666666666666,137.7940379403794,126.53116531165311,167.30434782608697,158.27445652173913,146.4266304347826,0.30639976263046265
frame1148,146.05962059620597,137.5799458,125.65311653116531,167.66847826086956,158.8288043478261,147.15217391304347,0.27813732624053955
frame1149,155.12737127371273,145.84552845528455,131.76151761517616,168.19565217391303,159.45652173913044,148.54076086956522,0.13267531991004944
frame1150,167.57181571815718,161.89430894308944,147.2357723577236,172.1195652173913,163.04076086956522,153.0298913043478,-0.018369615
frame1151,172.4390243902439,166.95663956639567,154.55013550135502,173,164,154,-0.038002431
frame1152,167,158,147,167.77173913043478,155.30978260869566,143.1086956521739,-0.043025434
frame1153,165.3170731707317,155.8048780487805,143.40379403794037,167.44565217391303,155.48641304347825,142.69021739130434,-0.043871731
frame1154,156.34959349593495,146.15989159891598,132.9810298102981,165.9483695652174,153.48097826086956,140.8423913043478,-0.040248603
frame1155,141.58536585365854,134.23848238482384,123.09756097560975,164.32608695652175,152.08423913043478,138.5516304347826,-0.019904226
frame1156,138.70460704607046,132.52574525745257,122.1029810298103,163.98097826086956,152.41847826086956,137.30434782608697,-0.021558583
frame1157,138.7940379403794,132.61517615176152,122.51219512195122,162.6576086956522,153.0461956521739,137.5,-0.025904536
frame1158,138.21409214092142,132.16531165311653,121.78319783197831,162.06521739130434,152.06521739130434,139.06521739130434,-0.028738707
frame1159,138.28184281842817,132.65040650406505,122.86178861788618,167.1086956521739,158.50271739130434,147.57065217391303,-0.034422517
frame1160,137.2330623306233,130.01626016260164,119.59620596205961,209.00271739130434,216.17391304347825,223.82608695652175,-0.05281359
frame1161,134.03252032520325,127.11924119241192,116.28726287262873,212.01902173913044,219.03804347826087,226.2201086956522,-0.053814203
frame1162,133.61517615176152,126.57994579945799,115.33875338753387,209.1983695652174,217.16304347826087,222.45652173913044,-0.04365778
frame1163,133.92953929539294,127.40921409214093,116.72086720867209,208.9538043478261,216.71195652173913,222.03532608695653,-0.03200838
frame1164,134.3739837398374,128.05420054200542,116.55284552845528,205.99184782608697,214.11141304347825,218.24184782608697,-0.029305458
frame1191,157.85365853658536,150.66937669376694,141.63956639566396,202.01358695652175,206.82608695652175,204.4891304347826,-0.031469166
frame1192,157.5691056910569,150.29539295392954,140.89430894308944,205.61684782608697,209.64402173913044,207.7554347826087,-0.029152751
frame1193,158.01355013550136,151.15447154471545,142.30352303523034,208.11141304347825,212.39673913043478,210.1983695652174,-0.0303348
frame1194,157.98644986449864,151.1300813,141.9810298102981,206.42391304347825,210.35054347826087,208.75271739130434,-0.030902982
frame1195,158.1951219512195,151.75067750677508,143.20325203252034,206.61684782608697,210.50271739130434,208.9320652173913,-0.032568723
frame1196,157.80216802168022,150.75880758807588,142.1869918699187,206.3913043478261,210.3233695652174,208.74184782608697,-0.031498551
frame1197,158.00542005420056,151.1788617886179,142.92953929539294,206.08152173913044,210.50271739130434,208.96467391304347,-0.032692701
frame1198,158.1680216802168,151.5040650406504,142.69647696476966,205.41847826086956,209.35054347826087,207.75815217391303,-0.033217132
frame1199,158.3739837398374,152.44986449864498,142.3008130081301,209.375,213.8423913043478,213.21467391304347,-0.031665862
frame1200,158.21138211382114,152.04065040650406,141.66937669376694,209.44021739130434,213.9483695652174,213.94021739130434,-0.03080222
frame1201,158.1029810298103,152.17073170731706,142.15447154471545,209.14673913043478,214.02173913043478,213.5679347826087,-0.03172797
frame1202,158.1300813,152.1300813,141.79132791327913,209.44021739130434,213.9483695652174,213.94021739130434,-0.031392395
frame1203,158.13279132791328,152.51761517615176,142.58536585365854,209.58423913043478,214.45923913043478,214.4429347826087,-0.032222152
frame1204,158.18428184281842,152.47154471544715,142.44173441734418,209.9483695652174,214.8233695652174,214.81521739130434,-0.031951934
frame1205,158.16260162601625,152.57181571815718,142.50677506775068,210.02173913043478,214.89673913043478,214.8804347826087,-0.031924307
frame1206,158.25745257452576,152.5799458,142.6097561,210.8233695652174,215.89402173913044,216.12771739130434,-0.031922936
frame1207,158.19241192411923,152.60433604336043,142.55826558265582,211.33423913043478,216.64673913043478,216.6304347826087,-0.031837672
frame1208,158.25745257452576,152.5799458,142.6070460704607,211.6983695652174,217.0108695652174,217.44021739130434,-0.031906545
frame1209,158.1219512195122,151.83739837398375,142.3279132791328,212.41304347826087,217.72554347826087,218.55434782608697,-0.031300992
frame1210,157.9349593495935,152.87262872628727,142.32249322493226,212.6983695652174,218.37771739130434,218.83152173913044,-0.032267153
frame1211,158.0650406504065,153.14634146341464,144.05962059620597,217,222.3125,223.9375,-0.03314063
frame1212,157.9268292682927,152.4959349593496,143.10569105691056,217.4836956521739,222.80434782608697,224.44021739130434,-0.032899559
frame1213,157.86720867208672,152.6449864498645,143.28726287262873,217.4375,222.75,224.375,-0.034050882
frame1214,157.9268292682927,152.4959349593496,142.91327913279133,217.5625,223.3125,224.9375,-0.03427726
frame1215,157.91056910569105,152.61246612466124,143.23035230352303,211.2445652173913,215.30978260869566,214.4076086956522,-0.036203504
frame1216,157.97018970189703,152.30623306233062,142.89430894308944,211.0923913043478,215.1086956521739,214.14673913043478,-0.034665763
frame1217,157.9512195121951,152.03523035230353,142.97018970189703,211.27717391304347,215.32608695652175,214.44021739130434,-0.033913672
frame1218,157.90514905149053,151.22764227642276,142.3821138211382,211.0923913043478,215.1086956521739,214.14673913043478,-0.033013433
frame1219,157.29539295392954,151.4769647696477,141.97018970189703,210.22554347826087,214.27445652173913,212.9211956521739,-0.033231795
frame1220,157.34959349593495,151.31436314363143,141.43631436314362,211.1358695652174,215.15217391304347,214.70923913043478,-0.032724231
frame1221,157.4579945799458,151.54742547425474,141.67750677506774,211.0923913043478,216.00815217391303,214.6548913043478,-0.033324599
frame1222,157.37127371273712,151.17615176151762,140.6449864498645,211.1358695652174,216.0516304347826,214.71467391304347,-0.032545328
frame1223,156.4769647696477,151.52032520325204,142.53387533875338,206.93478260869566,211.85054347826087,210.2961956521739,-0.035281479
frame1224,156.5040650406504,151.29268292682926,141.53658536585365,207.7961956521739,213.24728260869566,211.16847826086956,-0.03370133
frame1225,156.34688346883468,151.51761517615176,142.2357723577236,207.3858695652174,212.91576086956522,210.85054347826087,-0.03423807
frame1226,156.52032520325204,151.39837398373984,141.97831978319783,207.7961956521739,213.24728260869566,211.16847826086956,-0.033772975
frame1227,156.34688346883468,151.50677506775068,142.1680216802168,207.3858695652174,212.91576086956522,210.85054347826087,-0.034005404
frame1228,156.40108401084012,151.2357723577236,141.89430894308944,207.70108695652175,213.24728260869566,211.16847826086956,-0.033682019
frame1229,156.12466124661248,151.15718157181573,141.9349593495935,206.83967391304347,211.87228260869566,210.30434782608697,-0.034139842
frame1230,156.14634146341464,150.6747967479675,140.86449864498644,207.2445652173913,212.16032608695653,210.62228260869566,-0.033245653
frame1231,155.9268292682927,150.84552845528455,141.20867208672087,206.9538043478261,211.87228260869566,210.32065217391303,-0.034016222
frame1232,156.0731707317073,150.6720867208672,141.2330623306233,207.7961956521739,213.24728260869566,211.16847826086956,-0.034137756
frame1233,155.85365853658536,150.84552845528455,141.27913279132792,206.9538043478261,211.87228260869566,210.32065217391303,-0.034698248
frame1234,156.0840108401084,150.6829268292683,141.25474254742548,207.2445652173913,212.16032608695653,210.62228260869566,-0.034802139
frame1235,155.89159891598916,151.3902439,142.84823848238483,207.73097826086956,212.93478260869566,211.5923913043478,-0.035918415
frame1236,155.96747967479675,150.91869918699186,142.27913279132792,204.38315217391303,209.29891304347825,207.4429347826087,-0.035670817
frame1237,155.80216802168022,150.98915989159892,142.56639566395663,204.04891304347825,208.96467391304347,207.0733695652174,-0.035264581
frame1238,155.9918699186992,150.91327913279133,142.34417344173443,204.38315217391303,209.29891304347825,207.4429347826087,-0.034632027
frame1239,155.6910569105691,150.96476964769647,142.5149051490515,204.04891304347825,208.96467391304347,207.0733695652174,-0.034662753
frame1240,155.72086720867208,150.39837398373984,142.16260162601625,204.37771739130434,209.30434782608697,207.4538043478261,-0.034147412
frame1241,155.38482384823848,150.43631436314362,141.91327913279133,203.89673913043478,208.80434782608697,206.97554347826087,-0.034305334
frame1242,154.77777777777777,149.02439024390245,140.7560975609756,212.9211956521739,218.47554347826087,219.875,-0.036741018
frame1243,153.74254742547424,148.14634146341464,139.98915989159892,212.21195652173913,217.78532608695653,218.75,-0.046333045
frame1244,152.74525745257452,147.1409214092141,138.75880758807588,211.9211956521739,217.47554347826087,218.89402173913044,-0.054107547
frame1245,151.66124661246613,146.26287262872629,137.96476964769647,211.19565217391303,217.27717391304347,218.7201086956522,-0.060488075
frame1246,150.60433604336043,144.99728997289972,136.11653116531164,211.4266304347826,216.98097826086956,218.39945652173913,-0.069124162
frame1247,148.92953929539294,143.27371273712737,135.78861788617886,215.29076086956522,220.6820652173913,223.28804347826087,-0.070458025
frame1248,147.77777777777777,142.0081300813008,134.20054200542006,217.1413043478261,223.44565217391303,227.20923913043478,-0.063232422
frame1249,146.62059620596207,141.21951219512195,133.1680216802168,216.56521739130434,223.1086956521739,226.91576086956522,-0.059078068
frame1250,145.1788617886179,139.94037940379403,132.01355013550136,216.8179347826087,223.74184782608697,227.95108695652175,-0.043205112
frame1251,144.1409214092141,139.04336043360433,131.10027100271003,218.45923913043478,225.8233695652174,230.8423913043478,0.011294126510620117
frame1252,142.73712737127371,137.17344173441734,128.73712737127371,221.23641304347825,228.85597826086956,235.64673913043478,0.12831583619117737
frame1253,141.6260162601626,136.17073170731706,127.71544715447155,220.90217391304347,228.98641304347825,235.8423913043478,0.44405514001846313
frame1254,140.08943089430895,134.14634146341464,125.52845528455285,221.72282608695653,230.51902173913044,239.22282608695653,0.7974021434783936
frame1255,139.09485094850947,133.04065040650406,124.7289972899729,224.6983695652174,235.4891304347826,244.65217391304347,1.029197096824646
frame1256,137.26829268292684,131.26558265582656,122.21951219512195,226.92391304347825,237.83423913043478,249.3858695652174,1.0769206285476685
frame1257,136.90785907859077,131.40650406504065,122.88075880758808,227.2826086956522,238.2173913043478,249.8913043478261,1.0550447702407837
frame1258,135.7940379403794,130.11653116531164,121.4579945799458,229.32608695652175,242.93478260869566,253.65217391304347,1.0329599380493164
frame1259,135.66666666666666,130.94037940379403,120.8319783197832,228.84782608695653,243.83152173913044,253.27173913043478,1.0263962745666504
frame1260,135.09485094850947,131.16260162601625,122.28726287262873,228.81521739130434,244.67391304347825,254.4076086956522,1.0445462465286255
frame1261,140.44173441734418,134.2981029810298,128.41463414634146,218.23641304347825,228.98097826086956,237.77717391304347,1.0557785034179688
frame1262,139.2357723577236,134.36043360433604,127.7940379403794,164.5923913043478,158.27717391304347,146.53532608695653,1.0641648769378662
frame1263,140.43360433604337,134.80758807588077,129.5528455284553,165.16576086956522,158,147.50271739130434,1.040860891342163
frame1264,141.05149051490514,135.1138211382114,129.86720867208672,168,160,148,1.0056132078170776
frame1265,141.15176151761517,135.40921409214093,128.94579945799458,168.9673913043478,161.9673913043478,150.95108695652175,0.9844684600830078
frame1266,144.90243902439025,137.78048780487805,127.23035230352303,170.91847826086956,164.8858695652174,153.85326086956522,0.9659948348999023
frame1267,168.9268292682927,161.6070460704607,149.94850948509486,171.66847826086956,163.83152173913044,153,0.9122995138168335
frame1281,128.72086720867208,125.77235772357723,118.46612466124661,206.78532608695653,213.70652173913044,217.64673913043478,0.8491617441177368
frame1282,130.22222222222223,127.90243902439025,120.32249322493224,205.69021739130434,212.30434782608697,215.2201086956522,0.9451509714126587
frame1283,131.53929539295393,129.4227642276423,121.33875338753387,201.3233695652174,205.6576086956522,207.13315217391303,1.0033679008483887
frame1284,132.6449864498645,130.3252032520325,122.11382113821138,200.1413043478261,203.74184782608697,204.5326086956522,1.0761840343475342
frame1285,133.47967479674796,131.90785907859077,124.17073170731707,201.6820652173913,205.35597826086956,205.79347826086956,1.3323527574539185
frame1286,134.8699187,132.3929539295393,126.21138211382114,197.76358695652175,200.6195652173913,200.3804347826087,1.826997161
frame1287,135.8211382113821,133.65582655826557,127.27642276422765,196.89673913043478,199.75271739130434,198.77173913043478,2.037217378616333
frame1288,137.3902439,135.0487804878049,129.33062330623306,196.50271739130434,199.3586956521739,197.94565217391303,1.5212522745132446
frame1289,138.68021680216802,136.66124661246613,131.19783197831978,196.45652173913044,199.30978260869566,197.67934782608697,0.9508242607116699
frame1290,139.84823848238483,137.3929539295393,132.06775067750678,195.7173913043478,197.4538043478261,195.42934782608697,0.9661064147949219
frame1291,140.95934959349594,139.50948509485096,133.41463414634146,195.85597826086956,197.43478260869566,195.02717391304347,0.9610292911529541
frame1292,142.6178861788618,140.94037940379403,135.2357723577236,195.58423913043478,197.0733695652174,194.5108695652174,0.9603053331375122
frame1293,143.32249322493226,142.1409214092141,136.26829268292684,195.9836956521739,197.375,194.8586956521739,0.9663282632827759
frame1294,144.74254742547424,143.23035230352303,137.6070460704607,196.41847826086956,198.4048913043478,195.54076086956522,0.9720220565795898
frame1295,145.5230352303523,144.18970189701898,138.43360433604337,196.7554347826087,199.2201086956522,196.3913043478261,0.9938089847564697
frame1296,146.1490514905149,144.6260162601626,138.75880758807588,196.41304347826087,198.73097826086956,195.2391304347826,1.0124852657318115
frame1297,146.58536585365854,145.43631436314362,139.4579945799458,196.0326086956522,198.33695652173913,194.83967391304347,1.009399175643921
frame1298,148.04065040650406,146.00542005420056,138.90785907859077,200.1195652173913,202.57065217391303,200.5625,1.0021802186965942
frame1299,147.80758807588077,145.89972899728997,138.74525745257452,202.875,205.58967391304347,204.33967391304347,0.9943358898162842
frame1300,148.02710027100272,145.94037940379403,138.87262872628727,201.9375,205.9375,203.8125,0.9808859825134277
frame1301,148.02981029810297,146.01626016260164,139.1869918699187,201.9375,205.9375,204.375,0.9653481245040894
frame1302,148.74525745257452,146.79132791327913,139.31436314363143,200.9375,204.9375,202.8125,0.9393759965896606
frame1303,148.45257452574526,146.9430894308943,139.35772357723576,201.0108695652174,205.45652173913044,202.90217391304347,0.8971350193023682
frame1304,148.96747967479675,147.1869918699187,139.3902439,200.98641304347825,205.42934782608697,202.87228260869566,0.7521287202835083
frame1368,137.53658536585365,135.24932249322492,127.42818428184282,209.26358695652175,215.6086956521739,218.88315217391303,0.6008414030075073
frame1369,136.2710027100271,134.0379403794038,126.36314363143632,208.5163043478261,214.44021739130434,218.1413043478261,0.8768484592437744
frame1370,134.47154471544715,132.89430894308944,125.74525745257452,218.3451086956522,226.68478260869566,233.94565217391303,1.0357835292816162
frame1371,132.43360433604337,131.08672086720867,124.78319783197831,225.10054347826087,234.26902173913044,244.1711956521739,1.1277945041656494
frame1372,131.7940379403794,130.02168021680217,123.74525745257452,226.7663043478261,237.81521739130434,248.29347826086956,1.1672425270080566
frame1373,130.8130081300813,129.27642276422765,123.4308943089431,229.2608695652174,241.8913043478261,253.6141304347826,1.1870843172073364
frame1374,129.91869918699186,128.34688346883468,122.13821138211382,230,245,255,1.1963907480239868
frame1375,128.2439024390244,126.94579945799458,121.06233062330624,230,246,255,1.2761985063552856
frame1376,129.41734417344173,127.4959349593496,122.02439024390245,230,246,255,1.728816032409668
frame1377,135.57181571815718,132.07859078590786,127.56639566395664,227.95108695652175,243.98641304347825,252.15217391304347,2.4709291458129883
frame1378,135.50948509485096,132.68834688346882,125.5420054200542,168.41847826086956,163.125,152.8016304347826,2.606868028640747
frame1379,135.11924119241192,133.11111111111111,127.66124661246613,165,158,145,2.597285747528076
frame1380,135.38753387533876,133.5040650406504,127.9159891598916,167,160,148,2.6217880249023438
frame1381,136.36314363143632,133.91869918699186,128.18157181571814,168.20652173913044,160.8804347826087,149.4836956521739,1.592584252357483
frame1382,140.93766937669378,135.4390243902439,125.73712737127371,168.8070652173913,160.8913043478261,149.8913043478261,0.8855643272399902
frame1399,126.18157181571816,126.83468834688347,119.48509485094851,206.2826086956522,212.2445652173913,215.9076086956522,2.389411449432373
frame1400,127.72086720867209,127.95121951219512,119.95663956639567,199.05978260869566,202.72826086956522,203.3125,2.7170345783233643
frame1401,128.55826558265582,129.39566395663957,121.81571815718158,199.5923913043478,203.25815217391303,203.88315217391303,2.943925619125366
frame1402,130.04065040650406,130.65311653116532,123.53116531165311,199.97282608695653,203.0733695652174,203.20923913043478,3.088932991027832
frame1403,130.59620596205963,132.24661246612467,125.18970189701896,199.52717391304347,202.47554347826087,202.47554347826087,3.147216558456421
frame1404,131.76964769647697,132.89159891598916,125.8048780487805,199.44565217391303,202.29891304347825,201.70652173913044,3.1035075187683105
frame1405,133.58536585365854,134.3658536585366,128.68834688346882,199.10597826086956,202.05434782608697,201.47554347826087,2.997612714767456
frame1406,134.6639566395664,135.08943089430895,129.36043360433604,199.03804347826087,201.8913043478261,200.8913043478261,2.8491086959838867
frame1407,135.90243902439025,136.45528455284554,131.30623306233062,199.52717391304347,202.05434782608697,200.47554347826087,2.307539701461792
frame1408,137.6070460704607,137.84010840108402,132.76151761517616,199.0625,201.6875,199.6875,0.9644498825073242
frame1409,138.97560975609755,139.18428184281842,134.6639566395664,198.625,201.25,199.25,1.331531286239624
frame1410,139.79945799457994,140.26829268292684,135.7289972899729,195.62771739130434,197.55434782608697,194.73097826086956,2.007385254
frame1411,140.3089430894309,141.8048780487805,137.32249322493226,195.4673913043478,197.55978260869566,194.69565217391303,2.240231990814209
frame1412,142.4308943089431,143.3902439,139.42547425474254,195.56521739130434,197.69565217391303,193.95652173913044,0.9172953367233276
frame1413,142.39837398373984,143.66666666666666,139.7750677506775,200.74184782608697,204.19565217391303,202.07065217391303,0.9735187292098999
frame1414,143.35772357723576,143.9349593495935,140.4200542,199.84782608695653,203.36141304347825,200.2608695652174,1.0116158723831177
frame1415,143.28455284552845,144.27371273712737,140.68563685636857,201.64402173913044,205.39945652173913,203.22554347826087,1.0369905233383179
frame1416,144.34688346883468,144.71544715447155,141.1219512195122,203.42934782608697,207.5163043478261,205.1086956521739,1.0459493398666382
frame1417,145.07859078590786,144.16531165311653,141.02439024390245,202.875,206.2826086956522,204.58695652173913,1.028656005859375
frame1418,145.37940379403793,144.1869918699187,140.51761517615176,200.9891304347826,205.35597826086956,203.6766304347826,1.0090582370758057
frame1419,145.29539295392954,144.46070460704607,139.75067750677508,201.7608695652174,206.58967391304347,204.24728260869566,1.006166934967041
frame1420,145.65311653116532,144.92411924119241,140.01355013550136,205.04347826086956,209.8913043478261,207.58695652173913,1.0023667812347412
frame1421,146.28726287262873,146.0487804878049,141.09756097560975,205.58967391304347,210.4266304347826,208.09782608695653,0.9854724407196045
frame1422,146.53929539295393,144.74525745257452,139.77235772357724,203.02445652173913,207.89402173913044,205.63315217391303,0.9634016752243042
frame1423,146.2899729,145.82926829268294,141.1138211382114,202.91032608695653,207.76358695652175,205.4701086956522,0.9250466823577881
frame1424,146.49864498644988,145.84552845528455,141.30352303523034,203.0625,207.9375,205.6875,0.8674317598342896
frame1462,146.5230352303523,144.91869918699186,139.6449864498645,212.07608695652175,218.04347826086956,217.9673913043478,0.8948540687561035
frame1463,146.56639566395663,145.17344173441734,140.27913279132792,212.51902173913044,218.11141304347825,218.07608695652175,0.9701601266860962
frame1464,147.18428184281842,144.66124661246613,139.5528455284553,212.87228260869566,218.41576086956522,218.33967391304347,0.9973257780075073
frame1465,147.26287262872629,144.92140921409214,140.22222222222223,213.1195652173913,218.71195652173913,218.83152173913044,1.0014954805374146
frame1466,147.97560975609755,144.8211382113821,139.69647696476966,208.33423913043478,212.89945652173913,211.2336956521739,1.0101174116134644
frame1467,147.92953929539294,144.99728997289972,140.50135501355012,208.68478260869566,212.79347826086956,211.1195652173913,1.0179028511047363
frame1468,146.97289972899728,144.65853658536585,139.22764227642276,208.8125,213.6875,212.46467391304347,1.0163906812667847
frame1469,146.93224932249322,144.7642276422764,139.83468834688347,209.71195652173913,213.6875,212.51358695652175,1.0132532119750977
frame1470,146.15176151761517,144.21680216802167,138.55013550135502,208.41576086956522,212.9483695652174,211.91576086956522,1.0054545402526855
frame1471,146.18428184281842,144.50677506775068,139.3360433604336,208.4538043478261,213.2173913043478,211.9538043478261,1.004636526107788
frame1472,146.04336043360433,144.74254742547424,138.84010840108402,208.41576086956522,213.16847826086956,211.91576086956522,1.0028154850006104
frame1473,146.1788617886179,145.0840108401084,139.66937669376694,208.4538043478261,213.2173913043478,211.9538043478261,1.0053752660751343
frame1474,146.07046070460706,144.80758807588077,139.0379403794038,208.6358695652174,213.38858695652175,212.1358695652174,1.0045766830444336
frame1475,145.6178861788618,144.49864498644988,139.05962059620597,209.11684782608697,213.4429347826087,212.74184782608697,1.0022441148757935
frame1476,145.47425474254743,144.18428184281842,138.3929539295393,208.6358695652174,213.38858695652175,212.6983695652174,0.9979767799377441
frame1477,144.56639566395663,142.87262872628727,137.74254742547424,209.11684782608697,213.8804347826087,213.61684782608697,0.9905234575271606
frame1478,142.5149051490515,141.04336043360433,135.0840108401084,209.23641304347825,213.73641304347825,213.6548913043478,0.9807840585708618
frame1479,141.5420054200542,140.3252032520325,134.29268292682926,209.54347826086956,214.05434782608697,214.53804347826087,0.9723386764526367
frame1480,140.3821138211382,138.67750677506774,132.11111111111111,209.47282608695653,213.97282608695653,214.4701086956522,0.9758617877960205
frame1481,138.81842818428186,137.27642276422765,130.6720867208672,209.54347826086956,214.05434782608697,214.97554347826087,0.9974038600921631
frame1482,137.9268292682927,136.18970189701898,129.55013550135502,213.9375,218.8125,220.4375,1.0427151918411255
frame1483,136.29539295392954,135.31978319783198,128.84552845528455,214.375,219.25,221.4375,1.0790663957595825
frame1484,135.59349593495935,134.2357723577236,127.79945799457994,213.8125,218.6875,221.4375,1.1088192462921143
frame1485,134.7479674796748,133.41734417344173,127.39024390243902,213.8125,218.6875,221.875,1.1216896772384644
frame1486,133.70731707317074,132.16531165311653,125.73983739837398,219.58695652173913,227.1875,231.89402173913044,1.1596391201019287
frame1487,131.99728997289972,130.5772357723577,124.23577235772358,220.0570652173913,227.83967391304347,233.2608695652174,1.1844607591629028
frame1488,130.72357723577235,129.18157181571814,122.3550135501355,225.57608695652175,233.89402173913044,242.0733695652174,1.2014214992523193
frame1489,129.01084010840108,127.47154471544715,120.86449864498645,226.4836956521739,235.1711956521739,244.55978260869566,1.2920169830322266
frame1490,127.78048780487805,126.33875338753387,119.30352303523036,229.5951086956522,241.33967391304347,251.95652173913044,1.6380761861801147
frame1491,126.87533875338754,125.50677506775068,118.88346883468834,230.37228260869566,244.1820652173913,254.08695652173913,2.0808818340301514
frame1492,126.44715447154472,125.29539295392954,118.89972899728997,230.375,244.125,254.125,2.423053503036499
frame1493,125.67208672086721,125.2059620596206,119.22764227642277,230.42934782608697,245.2391304347826,254.25815217391303,2.372126340866089
frame1494,132.53658536585365,129.71544715447155,125.44715447154472,229.0679347826087,245.29891304347825,253.55978260869566,2.410872220993042
frame1495,132.75338753387533,131.02168021680217,126.06775067750678,180.49728260869566,178.7608695652174,173.2663043478261,2.412263870239258
frame1496,132.98373983739836,131.70460704607046,127.38482384823848,166.43478260869566,158.66304347826087,145.86684782608697,2.415208339691162
frame1497,132.5609756097561,132.37940379403793,127.92682926829268,168,159.7826086956522,147.6304347826087,1.4591243267059326
frame1498,132.65311653116532,132.33875338753387,128.25745257452576,167.6195652173913,159.18478260869566,146.5951086956522,1.1679975986480713
frame1499,136.27642276422765,133.1490514905149,126.45528455284553,167.6304347826087,158.2663043478261,146.3423913043478,0.881206751
frame1500,157.5880758807588,149.2520325203252,137.8780487804878,170.3423913043478,160.99728260869566,149.99728260869566,0.7884615659713745
frame1501,171.2439024390244,162.34417344173443,150.4390243902439,171.4836956521739,162.9266304347826,151.0625,0.7371126413345337
frame1502,173.33062330623306,164.9539295392954,153.52845528455285,172.22282608695653,163.22282608695653,152.33423913043478,0.6001673340797424
frame1503,165.88075880758808,157.64227642276424,144.76151761517616,167.06521739130434,154.58695652173913,142.2554347826087,0.3921286165714264
frame1504,164.06775067750678,154.7560975609756,141.20325203252034,166.69565217391303,154.6576086956522,141.44565217391303,0.1762721687555313
frame1505,151.75880758807588,142.7560975609756,128.82384823848238,165.1358695652174,153.1358695652174,139.5298913043478,0.063936815
frame1506,131.0650406504065,127.3821138211382,121.39024390243902,164.4266304347826,153.43478260869566,139.26902173913044,0.018270760774612427
frame1507,126.93766937669376,126.22222222222223,121.5230352303523,162.52717391304347,153.7336956521739,138.3423913043478,-0.013528258
frame1508,127.09485094850949,126.17344173441734,121.41192411924119,161.95652173913044,153.7826086956522,137.82608695652175,-0.025639474
frame1509,126.84823848238483,125.47425474254743,121.01626016260163,163.50815217391303,153.50815217391303,140.50815217391303,-0.021754593
frame1510,127.09756097560975,125.37669376693766,121.89430894308943,183.0733695652174,180.00271739130434,173.95923913043478,0.041142284870147705
frame1511,125.0569105691057,124.16260162601625,119.19783197831978,215.22826086956522,223.92391304347825,231.9701086956522,0.35251182317733765
frame1512,118.95934959349593,119.0189701897019,112.24661246612466,210.77173913043478,218.70108695652175,225.4891304347826,0.821503758
frame1513,120.47154471544715,120.5230352303523,114.8699187,211.74728260869566,220.1929347826087,225.97554347826087,1.243858814239502
frame1514,121.96476964769647,121.72357723577235,116.84823848238483,206.77717391304347,215.0788043478261,219.46195652173913,1.9466615915298462
frame1515,122.19783197831978,122.2439024390244,117.10569105691057,206.27173913043478,213.64402173913044,217.54076086956522,2.5707755088806152
frame1516,123.35772357723577,123.33062330623306,117.72628726287263,204.01358695652175,210.2663043478261,213.02445652173913,2.825713872909546
frame1517,125.30623306233062,125.76422764227642,120.46070460704607,203.21467391304347,208.85326086956522,211.34782608695653,2.9279117584228516
frame1518,126.66666666666667,127.92682926829268,122,200.6576086956522,203.97826086956522,205.1983695652174,3.0081655979156494
frame1519,127.99457994579946,129.5040650406504,123.2439024390244,199.22826086956522,202.4673913043478,203.05434782608697,3.088357925415039
frame1520,128.81571815718158,130.77777777777777,125.22222222222223,199.02717391304347,202.1086956521739,202.12228260869566,3.132795810699463
frame1521,129.8699187,132.02981029810297,126.79132791327913,198.7608695652174,201.97282608695653,201.55978260869566,3.0792131423950195
frame1522,131.17344173441734,132.0840108401084,125.87262872628726,196.9701086956522,199.50815217391303,198.68478260869566,3.0561561584472656
frame1523,132.1219512195122,133.8130081300813,128.46612466124662,197.10326086956522,199.1820652173913,197.83967391304347,2.9770989418029785
frame1524,133.89430894308944,135.36856368563684,130.33062330623306,196.45652173913044,199.0326086956522,197.20923913043478,2.906510591506958
frame1525,134.89972899728997,136.90514905149053,131.83739837398375,196.30434782608697,198.72826086956522,196.3858695652174,2.620394468307495
frame1526,136.7750677506775,138.15718157181573,133.3008130081301,196.4945652173913,198.50815217391303,195.68478260869566,2.5281896591186523
frame1527,137.8048780487805,139.53116531165313,135.36856368563684,195.75815217391303,197.72826086956522,194.83967391304347,2.3662497997283936
frame1528,139.36043360433604,140.53658536585365,136.49322493224932,196.01902173913044,198.0326086956522,194.7336956521739,1.968092441558838
frame1529,140.9918699186992,141.8211382113821,138.7479674796748,198.64673913043478,203.05434782608697,199.87228260869566,0.9070055484771729
frame1530,142.31165311653118,142.1138211382114,139.26287262872629,198.92934782608697,202.62771739130434,200.40217391304347,0.9472613334655762
frame1531,142.62330623306232,142.53929539295393,139.50135501355012,201.9538043478261,204.95108695652175,203.0516304347826,0.9819549322128296
frame1532,142.8211382113821,142.0379403794038,138.81842818428186,201.47282608695653,205.1304347826087,202.86684782608697,1.0013741254806519
frame1533,143.04336043360433,142.6070460704607,139.39566395663957,201.39673913043478,204.83152173913044,202.70108695652175,1.019812822341919
frame1534,143.34959349593495,142.9810298102981,137.33062330623306,200.8913043478261,205.50271739130434,203.1141304347826,1.0254950523376465
frame1535,143.08672086720867,143.03252032520325,137.59349593495935,200.80434782608697,205.4048913043478,203.60597826086956,1.015715241
frame1536,143.86449864498644,143.3902439,137.7100271,200.8913043478261,205.50271739130434,203.1141304347826,1.022449016571045
frame1537,143.73441734417344,143.62059620596207,138.17073170731706,200.4701086956522,205.1086956521739,202.74728260869566,1.0289524793624878
frame1538,144.1219512195122,143.5880758807588,138.1869918699187,201.41304347826087,206.21467391304347,204.0163043478261,1.0316022634506226
frame1539,143.92953929539294,143.82384823848238,139.03523035230353,201.2391304347826,206.01902173913044,203.79891304347825,1.0357356071472168
frame1540,144.42547425474254,144.13550135501356,139.3821138211382,201.41304347826087,206.21467391304347,204.0163043478261,1.0437191724777222
frame1541,144.2601626,144.54742547425474,140.20054200542006,203.3695652173913,208.14945652173913,205.70923913043478,1.0401451587677002
frame1542,145.0487804878049,144.63143631436316,140.1219512195122,203.3913043478261,208.1929347826087,205.7961956521739,1.0203254222869873
frame1543,145.2439024390244,144.82384823848238,141.0840108401084,204.32608695652175,209.22554347826087,207.02445652173913,0.9888899326324463
frame1544,145.47425474254743,144.83739837398375,140.7018970189702,203.99728260869566,208.9211956521739,206.76902173913044,0.9480732679367065
frame1545,145.50677506775068,145.0731707317073,141.38753387533876,203.93478260869566,208.4429347826087,206.63315217391303,0.9073295593261719
frame1546,145.9918699186992,145.01355013550136,140.62872628726288,202.3016304347826,206.75271739130434,204.2663043478261,0.8615397214889526
frame1547,145.72086720867208,145.40650406504065,140.56368563685638,202.72282608695653,206.77717391304347,204.3016304347826,0.7903035283088684
frame1592,145.17073170731706,144.66937669376694,139.44173441734418,211.0951086956522,215.83967391304347,215.0733695652174,0.9425417184829712
frame1593,145.0081300813008,144.69376693766938,139.8319783197832,211.30434782608697,216.08695652173913,215.43478260869566,0.966407299
frame1594,144.2601626,142.9430894308943,138.02439024390245,207.9836956521739,213.3858695652174,213.58967391304347,0.9768869876861572
frame1595,143.0569105691057,142.62872628726288,138.17073170731706,208.3423913043478,213.8804347826087,214.8423913043478,0.9800664186477661
frame1596,142.01355013550136,141.33333333333334,136.4227642276423,208.29347826086956,213.82608695652175,214.79347826086956,0.9778066873550415
frame1597,140.8130081300813,140.5691056910569,135.2899729,208.3423913043478,213.8804347826087,215.0679347826087,0.9726811647415161
frame1598,140.09756097560975,139.00271002710028,133.3170731707317,208.6358695652174,214.16847826086956,215.35597826086956,0.9699325561523438
frame1599,138.46070460704607,138.01084010840108,132.5609756097561,208.67934782608697,214.2173913043478,216.17934782608697,0.9738508462905884
frame1600,137.21951219512195,136.5880758807588,130.76964769647697,208.6358695652174,214.16847826086956,216.1358695652174,0.9966881275177002
frame1601,136.26558265582656,135.85636856368563,130.11924119241192,208.67934782608697,214.2173913043478,216.17934782608697,1.0256150960922241
frame1602,135.24119241192412,134.5772357723577,128.43360433604337,212.0163043478261,219.00815217391303,222.68478260869566,1.075882911682129
frame1603,134.23848238482384,133.65311653116532,128.0569105691057,216.10054347826087,223.79076086956522,228.73097826086956,1.1085258722305298
frame1604,133.05149051490514,132.10027100271003,126.1219512195122,216.55978260869566,224.8451086956522,230.35597826086956,1.1660001277923584
frame1605,131.39566395663957,129.9512195121951,124.24932249322494,221.70108695652175,230.49184782608697,239.37771739130434,1.2019734382629395
frame1606,130.97289972899728,128.38753387533876,122.94579945799458,226.54076086956522,236.42391304347825,247.30434782608697,1.2224236726760864
frame1607,129.4200542,127.3550135501355,121.40650406504065,227.99728260869566,238.45108695652175,249.9048913043478,1.2970483303070068
frame1608,127.71815718157181,125.62059620596206,118.88075880758808,230,241,254,1.5066804885864258
frame1609,126.4769647696477,124.81029810298104,119.66124661246613,230,242,255,1.8801672458648682
frame1610,126.82655826558266,124.57723577235772,119.90243902439025,230,246.83423913043478,255,2.1814751625061035
frame1611,130.17615176151762,126.90243902439025,123.5230352303523,230,247.57608695652175,255,2.3064510822296143
frame1612,132.33875338753387,129.75338753387533,125.81029810298104,200.6304347826087,206.3016304347826,206.5163043478261,2.467966079711914
frame1613,132.1869918699187,130.81842818428186,126.01084010840108,163.5461956521739,156.77445652173913,146.0298913043478,2.684906244277954
frame1614,133.11111111111111,131.43631436314362,126.52845528455285,165,158,146.79347826086956,2.613544464111328
frame1615,134.6639566395664,131.91869918699186,128.6910569105691,167.9673913043478,159.83423913043478,147.9429347826087,1.7246191501617432
frame1616,134.69376693766938,132.77777777777777,127.5230352303523,168.60326086956522,161.02445652173913,149.82608695652175,1.1403520107269287
frame1617,148.9268292682927,142.62059620596207,133.09756097560975,170.6141304347826,163.9891304347826,152.69021739130434,0.7514998316764832
frame1618,169.5880758807588,161.86449864498644,150.34959349593495,172.3016304347826,164.91576086956522,154.3858695652174,0.7088021039962769
frame1619,175.6991869918699,168.91869918699186,159.39837398373984,174.39402173913044,167.8804347826087,157.78804347826087,0.6296229362487793
frame1620,165.79945799457994,157.1138211382114,144.43631436314362,167.22554347826087,155.70923913043478,142.45923913043478,0.45590388774871826
frame1621,164.49864498644988,155.48238482384824,142.79945799457994,166.51358695652175,154.34782608695653,141.1820652173913,0.24883237481117249
frame1622,156.8617886178862,146.9810298102981,132.84552845528455,165.1086956521739,154.3641304347826,140.33967391304347,0.098238349
frame1623,136.1409214092141,130.46070460704607,119.62059620596206,164.23097826086956,153.8016304347826,139.33695652173913,0.049102157
frame1624,129.0650406504065,125.7100271,120.72086720867209,163.6548913043478,152.89673913043478,137.98097826086956,0.001003534
frame1625,129.23848238482384,126.03252032520325,121.22493224932249,162.75,154.25,138.375,-0.01985085
frame1626,128.69376693766938,124.81571815718158,120,161.84782608695653,152.79076086956522,138.16032608695653,-0.027841091
frame1627,128.37669376693768,125.95934959349593,121.15989159891599,165.84782608695653,159.5788043478261,147.6875,-0.020018607
frame1628,128.0189701897019,124.70731707317073,118.92953929539296,206.4320652173913,212.89673913043478,219.4891304347826,0.091576234
frame1629,120.82384823848238,120.99186991869918,113.71544715447155,213.4891304347826,221.44021739130434,228.45652173913044,0.42283228039741516
frame1630,121.14092140921409,120.70731707317073,113.18970189701896,211.96195652173913,219.8016304347826,225.82065217391303,0.7699794769287109
frame1631,121.83739837398375,121.91869918699187,114.01084010840108,211.58695652173913,219.4211956521739,224.92391304347825,0.9115875959396362
frame1632,123.1219512195122,122.72086720867209,115.15447154471545,210.04891304347825,217.04891304347825,222.0461956521739,1.0294528007507324
frame1633,124.98373983739837,124.66124661246613,117.50948509485094,208.97554347826087,215.41304347826087,218.77173913043478,1.1968538761138916
frame1634,125.40108401084011,125.61517615176152,119.79132791327913,204.36141304347825,208.63315217391303,211.77173913043478,1.507856845855713
frame1635,126.78590785907859,127.36043360433604,121.52574525745257,201.91847826086956,205.46467391304347,207.4945652173913,2.1104695796966553
frame1636,128.02439024390245,128.8617886178862,122.74525745257452,200.7391304347826,203.99184782608697,204.5326086956522,2.781217336654663
frame1637,129.26287262872629,130.27371273712737,124.1029810298103,199.57608695652175,202.7961956521739,203.30978260869566,2.9923460483551025
frame1638,130.4579945799458,131.52574525745257,125.11111111111111,198.4266304347826,201.49728260869566,200.9891304347826,3.0425992012023926
frame1639,131.58265582655827,132.75880758807588,127.04878048780488,198.58423913043478,201.80434782608697,201.3179347826087,3.007448673248291
frame1640,133.1951219512195,134.45257452574526,129.00542005420056,198.41576086956522,201.48641304347825,200.49184782608697,2.951647996902466
frame1641,134.26287262872629,135.7940379403794,130.2330623306233,198.21467391304347,201.3423913043478,200.40217391304347,2.870929002761841
frame1642,135.89972899728997,137.1382113821138,131.71544715447155,197.9891304347826,201.0108695652174,199.0163043478261,2.043422222137451
frame1643,137.03252032520325,138.40650406504065,133.50677506775068,198.21467391304347,201.3423913043478,199.40217391304347,1.741391897201538
frame1644,138.71815718157183,139.2059620596206,134.33875338753387,197.00815217391303,199.22826086956522,196.64402173913044,1.5109962224960327
frame1645,140.20054200542006,140.86449864498644,136.4119241192412,198.62228260869566,201.3125,199.00815217391303,0.9444657564163208
frame1646,140.92411924119241,141.1490514905149,136.4878048780488,196.3423913043478,197.65217391304347,195.30978260869566,0.9311888217926025
frame1647,142.21680216802167,142.3360433604336,138.3252032520325,195.6141304347826,196.1820652173913,193.75271739130434,0.9423909187316895
frame1648,143.1490514905149,142.81029810298102,139.19783197831978,195.4076086956522,196.3804347826087,193.375,0.9822607040405273
frame1649,143.65582655826557,143.29539295392954,140.08130081300814,199.20108695652175,201.45652173913044,199.02717391304347,1.0134752988815308
frame1650,144.2710027100271,143.90514905149053,141.40379403794037,199.3858695652174,202.06521739130434,199.7554347826087,1.0381464958190918
frame1651,144.60162601626016,143.5230352303523,139.64227642276424,200.7608695652174,204.22826086956522,202.1413043478261,1.0520154237747192
frame1652,144.97018970189703,143.7479674796748,139.8970189701897,200.91032608695653,204.47554347826087,202.07608695652175,1.0363632440567017
frame1653,145.0487804878049,144.05962059620597,140.18157181571814,199.57608695652175,203.6358695652174,201.54891304347825,1.0203992128372192
frame1654,144.96747967479675,143.5230352303523,139.14363143631437,199.46467391304347,203.63858695652175,201.60597826086956,1.0151019096374512
frame1655,144.92411924119241,143.59078590785907,139.23035230352303,199.25271739130434,203.30978260869566,201.22826086956522,1.0045936107635498
frame1656,145.39566395663957,143.66124661246613,139.1490514905149,199.46195652173913,203.63858695652175,201.28804347826087,0.9879475831985474
frame1657,145.03252032520325,143.9512195121951,139.38482384823848,199.80434782608697,204.4048913043478,202.0054347826087,0.9656689167022705
frame1658,145.38753387533876,144.33062330623306,138.75880758807588,202.47554347826087,207.2608695652174,204.83152173913044,0.9366816282272339
frame1659,145.28726287262873,144.49051490514904,139.10027100271003,202.9429347826087,207.7173913043478,205.2663043478261,0.8975595235824585
frame1660,145.67750677506774,144.7479674796748,139.46883468834687,203.15217391304347,207.6766304347826,205.8423913043478,0.8377537727355957
frame1661,145.7750677506775,145.1029810298103,140.0569105691057,203.2173913043478,208.10326086956522,205.875,0.725680947
frame1662,146.04336043360433,145.50677506775068,140.2601626,203.29076086956522,208.1983695652174,206.01358695652175,0.5585963726043701
frame1727,126.91327913279133,125.59078590785907,119.81571815718158,230,245.1141304347826,255,2.046978712081909
frame1728,128.74254742547424,126.0569105691057,120.26016260162602,230,245.01902173913044,255,2.379803181
frame1729,135.15447154471545,131.87533875338752,126.59891598915989,219.7173913043478,232.07065217391303,239.1711956521739,2.2237887382507324
frame1730,134.3252032520325,131.71544715447155,127.62059620596206,165.125,158.49728260869566,148.29891304347825,2.527226686477661
frame1731,134.75880758807588,132.3658536585366,128.33875338753387,165.80978260869566,158.1358695652174,146.08695652173913,2.5769381523132324
frame1732,135.38753387533876,132.70731707317074,128.6720867208672,166.69565217391303,160,148.91304347826087,1.4708644151687622
frame1733,135.08943089430895,132.8509485094851,127.00542005420054,167.66847826086956,160,149.6304347826087,0.9176080226898193
frame1734,141.94850948509486,136.17615176151762,126.00542005420054,169.0326086956522,162.0679347826087,151.21195652173913,0.8759151697158813
frame1735,171.12737127371273,163.0731707317073,152.3658536585366,172.9483695652174,166.02445652173913,156.8423913043478,0.8257513046264648
frame1736,176.53387533875338,170,161.92411924119241,173.97282608695653,167.25,158.1358695652174,0.6915594339370728
frame1751,126.49322493224932,127.46070460704607,121.69647696476964,205.77717391304347,212.30978260869566,216.0461956521739,2.136232614517212
frame1752,127.9810298102981,128.61246612466124,122.76964769647697,199.77173913043478,204.04891304347825,205.40217391304347,2.751516580581665
frame1753,129.0189701897019,130.00271002710028,122.94579945799458,200.26358695652175,204.375,205.61684782608697,3.028177261352539
frame1754,130.6070460704607,131.29268292682926,124.79674796747967,198.72554347826087,201.79076086956522,201.69565217391303,3.157010793685913
frame1755,131.92411924119241,132.72086720867208,126.1029810298103,198.64673913043478,201.3125,200.65217391304347,3.116230010986328
frame1756,133.59891598915988,134.02439024390245,127.44173441734418,198.44021739130434,200.8641304347826,200.1413043478261,3.050184488296509
frame1757,135.04065040650406,135.38753387533876,128.8699187,199.56521739130434,202.24184782608697,201.17934782608697,2.965620279312134
frame1758,136.47154471544715,136.49322493224932,130.53658536585365,198.0951086956522,200.78804347826087,198.77717391304347,2.8114442825317383
frame1759,137.18970189701898,138.44173441734418,132.8211382113821,197.2961956521739,199.12228260869566,196.8451086956522,2.317462921142578
frame1760,139.49051490514904,139.92953929539294,134.62872628726288,196.8179347826087,198.98097826086956,195.75815217391303,1.2084075212478638
frame1761,140.1029810298103,140.94037940379403,136.05420054200542,198.0923913043478,200.4076086956522,197.35326086956522,1.590470552444458
frame1762,142.1382113821138,142.25474254742548,137.6449864498645,198.66032608695653,201.07065217391303,197.91304347826087,1.6337298154830933
frame1763,143.21951219512195,143.76964769647697,139.39566395663957,198.2201086956522,199.5788043478261,196.3070652173913,2.2905659675598145
frame1764,145.4769647696477,145.2249322493225,141.34146341463415,202.8586956521739,205.9211956521739,203.81521739130434,0.97174418
frame1765,147.01626016260164,146.35230352303523,142.87262872628727,204.5326086956522,207.72282608695653,205.79347826086956,1.011913537979126
frame1766,148.64769647696477,147.8319783197832,144.1409214092141,204.5516304347826,208.51358695652175,205.89673913043478,1.0124400854110718
frame1767,149.69647696476966,148.96476964769647,145.41463414634146,205.5326086956522,208.7826086956522,206.1141304347826,0.9983211755752563
frame1768,151.3360433604336,150.35772357723576,147.52574525745257,207.9266304347826,211.60597826086956,209.40217391304347,0.9677591323852539
frame1769,151.94579945799458,151.43360433604337,146.6747967479675,209.9375,215.39402173913044,215.00815217391303,0.9355143308639526
frame1770,152.1382113821138,152.30623306233062,146.56639566395663,213.3288043478261,220.02717391304347,219.8233695652174,0.8761053085327148
frame1771,152.46341463414635,152.62872628726288,147.36043360433604,219.42934782608697,226.64402173913044,227.2554347826087,0.7307162284851074
frame1772,152.03252032520325,152.35772357723576,146.4579945799458,221.05978260869566,227.54347826086956,228.5570652173913,0.5316163897514343
frame1773,151.21951219512195,152.13550135501356,146.29539295392954,220.15217391304347,226.25,228.1304347826087,0.19387677311897278
frame1837,136.3739837398374,134.8970189701897,129.49051490514904,218.0788043478261,225.05434782608697,229.92934782608697,1.0905052423477173
frame1838,134.64227642276424,132.87262872628727,126.88075880758808,219.5,227.4836956521739,233.1304347826087,1.1268564462661743
frame1839,133.11653116531164,131.17073170731706,125.90514905149051,221.0788043478261,229.9429347826087,237.02173913043478,1.1494483947753906
frame1840,131.98373983739836,129.5121951219512,124.31978319783198,226.04891304347825,235.45108695652175,245.1304347826087,1.1655149459838867
frame1841,130.9620596205962,128.78590785907858,123.98915989159892,228.5461956521739,238.00815217391303,248.9320652173913,1.1693190336227417
frame1842,129.47425474254743,128.4579945799458,123.53116531165311,231,243,255,1.213712453842163
frame1843,128.07588075880759,126.95121951219512,121.90243902439025,230,245.07608695652175,255,1.5539790391921997
frame1844,127.20325203252033,126.34146341463415,121.05962059620596,230,245.01902173913044,255,2.2582411766052246
frame1845,128.66124661246613,127.33062330623306,122.52574525745257,230,247.38858695652175,255,2.6294984817504883
frame1846,134.41734417344173,131.6747967479675,125.94579945799458,226.02173913043478,241.7173913043478,248.91576086956522,2.5862927436828613
frame1847,133.6260162601626,131.63956639566396,126.48780487804878,166.14402173913044,160.18478260869566,150.54891304347825,2.704902172088623
frame1848,134.7398374,132.4959349593496,127.89159891598916,166.33423913043478,158.61141304347825,145.94021739130434,2.9339911937713623
frame1849,134.69376693766938,132.24119241192412,127.12737127371274,166.6195652173913,157.83423913043478,145.64402173913044,2.7440297603607178
frame1850,134.7560975609756,131.84823848238483,126.29268292682927,166.59782608695653,158.1304347826087,145.95652173913044,1.7330657243728638
frame1851,137.34146341463415,132.5121951219512,125.46341463414635,167.95652173913044,159.32608695652175,148.17391304347825,0.9077503681182861
frame1852,161.38482384823848,154.02168021680217,139.1382113821138,170.84782608695653,162.41847826086956,151.29347826086956,0.7934402227401733
frame1853,172.05149051490514,164.49051490514904,152.14363143631437,172.85054347826087,164.27445652173913,153.19021739130434,0.7377421855926514
frame1854,174,165,155,174.20923913043478,165.2391304347826,155.29891304347825,0.5883010625839233
frame1855,168.90243902439025,158.90243902439025,146.73170731707316,165.12771739130434,156.87228260869566,142.12771739130434,0.3778722584247589
frame1856,165.64769647696477,155.27642276422765,142.98373983739836,164.29076086956522,155.70923913043478,141.29076086956522,0.1692265123128891
frame1857,146.95934959349594,138.13550135501356,126.66124661246613,163.3233695652174,154.6766304347826,139.64673913043478,0.067025974
frame1858,130.4579945799458,127.85636856368563,119.88617886178862,162.04347826086956,152.2961956521739,138.54891304347825,0.016120433807373047
frame1859,129.72086720867208,127.03252032520325,121.14363143631437,162.2608695652174,152.18478260869566,138.3913043478261,-0.014465272
frame1860,129.6178861788618,127.64227642276423,122.09756097560975,162.42391304347825,151.85597826086956,138.2798913043478,-0.029816598
frame1861,128.21951219512195,126.51219512195122,121.88617886178862,161.97282608695653,152.28532608695653,138.2554347826087,-0.037048131
frame1862,129.51761517615176,127.02439024390245,123.08130081300813,185.3586956521739,184.79076086956522,182.9076086956522,0.001271486
frame1863,126.20054200542006,123.94037940379404,116.58265582655827,217.25271739130434,224.7554347826087,233.1195652173913,0.15425047278404236
frame1864,121.58265582655827,120.53929539295393,113.92682926829268,216.1929347826087,223.36684782608697,230.3233695652174,0.5768617391586304
frame1865,121.48509485094851,121.2439024390244,114.19241192411924,213.95108695652175,220.58967391304347,226.77717391304347,0.8924466371536255
frame1866,122.24661246612466,121.89430894308943,115.40650406504065,212.9076086956522,218.7391304347826,224.22826086956522,1.2613024711608887
frame1867,122.86449864498645,123.2439024390244,117.24119241192412,211.97826086956522,216.9483695652174,221.49728260869566,1.794013500213623
frame1868,124.46341463414635,124.40379403794039,118.7100271,206.91304347826087,212.48097826086956,215.21467391304347,2.338168144226074
frame1869,125.98915989159892,126.33062330623306,120.46612466124661,203.60326086956522,208.67934782608697,209.25,2.7008588314056396
frame1870,127.02710027100271,126.98373983739837,121.15989159891599,201.99728260869566,207.2826086956522,206.8233695652174,2.8856635093688965
frame1871,128.7940379403794,128.92953929539294,123.3170731707317,201.12228260869566,206.2826086956522,205.66032608695653,2.9958808422088623
frame1872,130.17615176151762,130.00542005420056,124.15176151761517,201.99728260869566,207.2826086956522,206.3641304347826,3.045189857
frame1873,130.8130081300813,131.05420054200542,125.69918699186992,201.4945652173913,206.2608695652174,204.6358695652174,3.069549798965454
frame1874,132.1788617886179,131.8211382113821,126.25745257452574,199.04076086956522,203.47826086956522,200.98097826086956,3.030728340148926
frame1875,134.02981029810297,133.8699187,128.4390243902439,199.1929347826087,203.6304347826087,201.1141304347826,2.964168071746826
frame1876,135.22764227642276,134.90785907859077,129.65853658536585,196.0625,200.5,198.375,2.8009653091430664
frame1877,136.26829268292684,136.04065040650406,131.17073170731706,195.7391304347826,200.1304347826087,197.52173913043478,1.8065623044967651
frame1878,137.39566395663957,137.45257452574526,132.8211382113821,195.97826086956522,199.97826086956522,196.72282608695653,1.9805949926376343
frame1879,138.55555555555554,139.10840108401084,134.9539295392954,196.1304347826087,200.1304347826087,196.91304347826087,2.283015012741089
frame1880,139.80216802168022,140.29268292682926,136.23035230352303,195.97826086956522,199.97826086956522,196.35054347826087,2.2864880561828613
frame1881,140.7669376693767,141.38482384823848,137.72357723577235,196.7391304347826,200.1304347826087,196.52173913043478,0.9071457386016846
frame1882,142.82384823848238,141.65582655826557,136.82655826558266,197.5,201.5,197.9375,0.9443888664245605
frame1883,142.78048780487805,142.17344173441734,137.33333333333334,197.5,201.5,197.9375,0.9716924428939819
frame1884,143.07859078590786,141.97289972899728,136.84010840108402,199.06521739130434,203.06521739130434,199.41304347826087,0.9879202842712402
frame1885,142.93766937669378,142.09214092140923,137.2601626,198.3695652173913,202.3695652173913,199.04076086956522,1.001518964767456
frame1886,143.61246612466124,142.35230352303523,137.52032520325204,198.3913043478261,202.3913043478261,199.06521739130434,1.0165406465530396
frame1887,143.79945799457994,142.79674796747966,137.98915989159892,201.8913043478261,205.5,202.9538043478261,1.0158014297485352
frame1888,144.1300813,142.78048780487805,138.08943089430895,200.99728260869566,205.3695652173913,201.6711956521739,1.0212007761001587
frame1889,143.88075880758808,143.26829268292684,138.73441734417344,201.1086956521739,205.1086956521739,201.7798913043478,1.0290089845657349
frame1890,144.59620596205963,143.37940379403793,138.89159891598916,200.99728260869566,204.99728260869566,201.6711956521739,1.0354499816894531
frame1891,144.64227642276424,143.65582655826557,139.32249322493226,201.1086956521739,205.1086956521739,201.7798913043478,1.0400357246398926
frame1892,144.75338753387533,143.44444444444446,138.9918699186992,201.99728260869566,205.99728260869566,202.7961956521739,1.0422800779342651
frame1893,144.33875338753387,143.75338753387533,139.25745257452576,201.97826086956522,205.97826086956522,202.75815217391303,1.026544451713562
frame1894,145.09485094850947,143.3902439,138.30352303523034,202.8913043478261,207.36684782608697,204.2798913043478,1.005202293395996
frame1895,144.99457994579944,143.6747967479675,139.06775067750678,202.7391304347826,207.1929347826087,204.08423913043478,0.9851269721984863
frame1896,144.71273712737127,143.50135501355012,138.56639566395663,202.41576086956522,206.41576086956522,203.80434782608697,0.9518879652023315
frame1897,145.05149051490514,143.65311653116532,139.08943089430895,202.7391304347826,206.28532608695653,203.6304347826087,0.9146338701248169
frame1898,145.1680216802168,143.68834688346882,138.8617886178862,203.35326086956522,207.35326086956522,204.69565217391303,0.8869659900665283
frame1899,145.05420054200542,143.97289972899728,139.34688346883468,203.70923913043478,208.09782608695653,205.01902173913044,0.8577958345413208
frame1900,144.92140921409214,143.77235772357724,138.7398374,203.35326086956522,207.35326086956522,204.69565217391303,0.8310959339141846
frame1901,145.08943089430895,143.90243902439025,139.09756097560975,203.70923913043478,208.09782608695653,205.4076086956522,0.814772367
frame1902,144.93766937669378,143.6341463414634,138.34146341463415,203.7608695652174,208.16847826086956,205.10326086956522,0.7994520664215088
frame1903,145.09485094850947,143.66124661246613,138.70731707317074,203.70923913043478,208.09782608695653,205.4076086956522,0.7708034515380859
frame1904,144.96747967479675,143.4390243902439,138.2249322493225,203.6820652173913,208.08423913043478,205.0108695652174,0.6423262357711792
frame1905,145.09214092140923,143.6449864498645,138.6991869918699,203.54891304347825,207.9320652173913,204.83967391304347,0.5675411820411682
frame1906,144.65853658536585,143.43360433604337,137.84281842818427,204.16847826086956,209.20923913043478,207.85326086956522,0.4865585267543793
frame1907,144.55013550135502,144.17073170731706,138.78319783197833,204.5461956521739,209.54891304347825,208.29891304347825,0.41366398334503174
frame1908,144.9512195121951,144.10027100271003,138.84823848238483,204.1711956521739,209.16304347826087,207.66304347826087,0.39614689350128174
frame1909,144.5799458,144.07588075880759,138.7100271,205.00271739130434,210.08152173913044,208.9076086956522,0.425958514
frame1910,144.8780487804878,143.98644986449864,138.71544715447155,204.8070652173913,209.8804347826087,208.58967391304347,0.4900186061859131
frame1911,144.94579945799458,144.2710027100271,139.18428184281842,203.45108695652175,208.36684782608697,205.9483695652174,0.5623842477798462
frame1912,144.88075880758808,144.08130081300814,138.81029810298102,203.3016304347826,207.8016304347826,205.75815217391303,0.6244828701019287
frame1913,144.94037940379403,144.27371273712737,139.1300813,203.45108695652175,208.36684782608697,205.9483695652174,0.652133584
frame1914,144.88888888888889,144.08943089430895,138.77777777777777,203.3016304347826,208.23097826086956,205.75815217391303,0.6399527788162231
frame1915,144.94037940379403,144.25474254742548,139.08943089430895,203.45108695652175,208.36684782608697,205.9483695652174,0.6514540314674377
frame1916,145.26829268292684,143.96476964769647,138.74254742547424,203.3016304347826,208.23097826086956,205.75815217391303,0.6939425468444824
frame1917,145.40108401084012,144.2249322493225,139.3008130081301,203.45108695652175,208.36684782608697,205.9483695652174,0.7816862463951111
frame1918,145.37940379403793,144.2439024390244,139.2520325203252,203.27445652173913,208.21195652173913,205.3288043478261,0.8364194631576538
frame1919,145.3658536585366,144.31436314363143,139.7289972899729,202.8423913043478,207.70652173913044,205.12771739130434,0.8557192087173462
frame1920,145.25745257452576,144.06775067750678,139.47425474254743,202.8423913043478,207.7201086956522,204.71467391304347,0.8595139980316162
frame1921,145.5230352303523,144.3360433604336,140.15989159891598,202.8423913043478,207.70652173913044,205.12771739130434,0.8509600162506104
frame1922,145.51761517615176,144.12737127371273,139.59349593495935,202.8423913043478,207.7201086956522,204.71467391304347,0.8357713222503662
frame1923,145.38482384823848,144.1138211382114,139.5121951219512,202.8423913043478,207.70652173913044,205.12771739130434,0.8207442760467529
frame1924,145.3360433604336,143.87262872628727,138.9810298102981,202.8423913043478,207.7201086956522,204.71467391304347,0.8091189861297607
frame1925,145.38482384823848,144.1138211382114,139.5121951219512,203.29347826086956,208.1576086956522,205.89402173913044,0.7865990400314331
frame1926,145.3360433604336,143.82926829268294,138.97831978319783,202.8423913043478,207.7201086956522,204.59782608695653,0.7198042869567871
frame1927,145.28726287262873,144.27642276422765,139.71273712737127,202.8423913043478,207.70652173913044,205.12771739130434,0.6508331298828125
frame1928,145.14363143631437,144.0650406504065,139.7940379403794,202.8423913043478,207.7201086956522,204.71467391304347,0.5137532949447632
frame1929,145.46612466124662,144.3360433604336,140.45528455284554,202.8423913043478,207.70652173913044,205.12771739130434,0.2719355821609497
frame1930,145.16260162601625,144.1219512195122,138.44444444444446,205.16847826086956,210.20923913043478,208.5054347826087,0.20383542776107788
frame1931,144.6991869918699,144.6910569105691,139.49322493224932,205.3695652173913,210.42391304347825,208.80434782608697,0.21390317380428314
frame1932,145.23848238482384,144.08672086720867,138.87262872628727,203.8913043478261,208.80434782608697,206.6304347826087,0.217891663
frame1933,145.42818428184282,144.30623306233062,139.3279132791328,203.7391304347826,208.6304347826087,206.41304347826087,0.21461692452430725
frame1934,145.46341463414635,144.08672086720867,138.87262872628727,203.8913043478261,208.80434782608697,206.6304347826087,0.20615574717521667
frame1935,145.42818428184282,144.31436314363143,139.39837398373984,203.7391304347826,208.6304347826087,206.41304347826087,0.19724223017692566
frame1936,145.48238482384824,144.09214092140923,138.91869918699186,203.8913043478261,208.80434782608697,206.6304347826087,0.1900593340396881
frame1937,145.21138211382114,144.35230352303523,139.34146341463415,204.2336956521739,208.69565217391303,206.5951086956522,0.19050610065460205
frame1938,145.1382113821138,144.25745257452576,139.20054200542006,203.9673913043478,208.8913043478261,206.7391304347826,0.19680552184581757
frame1939,145.26558265582656,144.45528455284554,139.66666666666666,204.2336956521739,208.69565217391303,206.5951086956522,0.20154592394828796
frame1940,145.2601626,144.26829268292684,139.2059620596206,204.4048913043478,208.8913043478261,206.7391304347826,0.2114543914794922
frame1941,145.27371273712737,144.43360433604337,139.66937669376694,204.2336956521739,208.69565217391303,206.4945652173913,0.22911182045936584
frame1942,145.28184281842817,144.21138211382114,138.86449864498644,204.62771739130434,209.57608695652175,207.52445652173913,0.25193825364112854
frame1943,145.08943089430895,144.0379403794038,139.37669376693768,204.49728260869566,209.42391304347825,207.35054347826087,0.2672024667263031
frame1944,144.84281842818427,143.72357723577235,138.6639566395664,204.62771739130434,209.57608695652175,207.52445652173913,0.28273510932922363
frame1945,144.11111111111111,143.15989159891598,138.52574525745257,204.42391304347825,209.35054347826087,207.71467391304347,0.31228068470954895
frame1946,142.9918699186992,141.87533875338752,136.65311653116532,204.57608695652175,209.52445652173913,207.91032608695653,0.38631176948547363
frame1947,142.0379403794038,140.88888888888889,136.0840108401084,204.42391304347825,209.35054347826087,207.71467391304347,0.546978772
frame1948,140.97560975609755,139.82655826558266,134.2330623306233,204.40217391304347,208.87771739130434,208.20923913043478,0.8115551471710205
frame1949,139.97560975609755,138.89159891598916,133.58536585365854,204.4076086956522,209.3016304347826,208.72282608695653,0.9036364555358887
frame1950,138.73712737127371,137.10027100271003,130.63143631436316,207.34782608695653,212.5679347826087,213.75815217391303,0.9349032640457153
frame1951,137.62330623306232,136.1490514905149,129.88888888888889,207.60597826086956,212.86684782608697,214.7201086956522,0.9906086921691895
frame1952,135.96476964769647,135.12737127371273,129.15176151761517,208.12228260869566,213.41576086956522,215.6141304347826,1.0498154163360596
frame1953,134.24932249322492,132.90785907859077,127.01355013550136,207.7201086956522,213.85597826086956,216.2445652173913,1.0981554985046387
frame1954,133.36314363143632,132.29539295392954,126.72086720867209,210.73097826086956,216.9483695652174,219.79347826086956,1.1181468963623047
frame1955,132.11653116531164,131.19783197831978,125.95121951219512,210.8804347826087,217.0923913043478,220.60597826086956,1.1379451751708984
frame1956,131.1951219512195,129.8509485094851,125.18157181571816,216.0570652173913,222.36141304347825,227.8858695652174,1.1616649627685547
frame1957,130.25474254742548,128.88888888888889,124.49322493224932,220.89673913043478,229.08152173913044,236.9483695652174,1.1738851070404053
frame1958,128.36856368563684,127.01084010840108,122.19241192411924,226.9673913043478,236.5054347826087,246.7336956521739,1.1925665140151978
frame1959,127.36585365853658,126.11653116531166,121.18428184281842,227.8858695652174,239.1711956521739,250.85054347826087,1.3585848808288574
frame1960,126.90514905149051,124.99728997289972,120.43631436314364,228.84782608695653,242.9836956521739,252.83967391304347,1.9703272581100464
frame1961,126.16531165311653,124.61517615176152,119.97831978319783,230,246,255,2.428981065750122
frame1962,125.30623306233062,123.73170731707317,118.79674796747967,230,246,255,2.5505213737487793
frame1963,130.21951219512195,127.59620596205961,121.97560975609755,229.93478260869566,248.03532608695653,254.8586956521739,2.3893771171569824
frame1964,131.28184281842817,130.08130081300814,124.41734417344173,195.60597826086956,198.16032608695653,198.97826086956522,2.5065505504608154
frame1965,131.30623306233062,130.68021680216802,124.47154471544715,164.3288043478261,157.44565217391303,146.66847826086956,2.708571672439575
frame1966,132.03252032520325,130.70460704607046,126.20325203252033,167,159,146,2.6680774688720703
frame1967,132.46070460704607,131.16531165311653,126.87262872628726,167.32065217391303,160.32065217391303,149.14673913043478,2.2526657581329346
frame1968,134.7940379403794,131.97018970189703,126.43360433604336,167.9945652173913,160.9945652173913,150.6141304347826,1.712775707244873
frame1969,155.7940379403794,148.42547425474254,136.09756097560975,169.74728260869566,162.5923913043478,151.48097826086956,0.8796460628509521
frame1970,173.2601626,166.91056910569105,157.53116531165313,171.30434782608697,163.6141304347826,152.8695652173913,0.603050172
frame1971,175.2601626,168.46341463414635,159.2249322493225,172.66847826086956,164.16576086956522,153,0.5562821626663208
frame1972,167.0460704607046,157.7289972899729,145.09214092140923,167.8695652173913,154.83695652173913,143.07065217391303,0.4415745139122009
frame1973,165.47154471544715,154.92140921409214,141.8319783197832,167.04076086956522,153.9891304347826,142.7961956521739,0.24930551648139954
frame1974,154.40379403794037,144.06775067750678,131.05420054200542,166.08695652173913,153.1766304347826,140.80978260869566,0.10335670411586761
frame1975,131.93766937669378,128.29539295392954,118.40921409214093,165.22826086956522,151.93478260869566,138.89945652173913,0.028157860040664673
frame1976,126.86178861788618,125.26016260162602,119.43360433604336,163.69565217391303,152.58423913043478,137.6358695652174,-0.007453501
frame1977,126.11653116531166,124.17344173441734,119.41192411924119,161.71467391304347,152.3586956521739,137.37771739130434,-0.013514668
frame1978,126.28184281842819,124.3360433604336,119.82384823848238,161.10597826086956,152.74728260869566,136.3586956521739,-0.000275195
frame1979,126.28184281842819,124.50948509485094,120.20867208672087,169.27445652173913,161.79076086956522,152.56521739130434,0.029115647077560425
frame1980,125.07859078590786,122.86178861788618,117.58807588075881,217.11684782608697,224.86141304347825,231.7961956521739,0.21948355436325073
frame1981,119.79674796747967,119.55013550135502,113.50677506775068,214.44021739130434,221.70923913043478,228.5163043478261,0.5984911322593689
frame1982,119.35772357723577,120.49322493224932,113.2439024390244,213.2663043478261,220.95652173913044,226.64673913043478,0.8466765880584717
frame1983,120.19241192411924,121.17073170731707,114.11382113821138,212.34782608695653,219.2608695652174,224.56521739130434,0.9705040454864502
frame1984,121.64769647696477,122.4579945799458,115.73170731707317,205.82065217391303,212.82065217391303,216.33695652173913,1.0820648670196533
frame1985,122.8319783197832,123.78590785907859,117.62330623306234,206.69021739130434,211.7663043478261,215.0163043478261,1.2362961769104004
frame1986,124.60162601626017,125.23306233062331,118.7560975609756,200.3586956521739,203.7663043478261,204.3586956521739,1.5177260637283325
frame1987,126.3821138211382,127.49322493224932,121.1300813,200.1358695652174,203.74184782608697,204.2663043478261,2.1338021755218506
frame1988,127.88888888888889,128.89430894308944,122.99457994579946,197.45923913043478,200.3695652173913,199.79347826086956,2.842458486557007
frame1989,129.2439024390244,129.91327913279133,123.37127371273712,195.4266304347826,195.42934782608697,194.62228260869566,2.999199867248535
frame1990,130.72086720867208,131.10840108401084,123.88888888888889,194.41576086956522,194.6711956521739,192.83423913043478,3.006063938140869
frame1991,131.80758807588077,132.55826558265582,125.63685636856368,194.7336956521739,195.05978260869566,193.29347826086956,2.9793968200683594
frame1992,133.15718157181573,133.31436314363143,126.31978319783198,193.54347826086956,193.79891304347825,191.4701086956522,2.9689390659332275
frame1993,133.98373983739836,134.6449864498645,128.4579945799458,194.2608695652174,193.8586956521739,191.45652173913044,2.8609137535095215
frame1994,134.8509485094851,135.94850948509486,129.6639566395664,192.0516304347826,193.1929347826087,189.55434782608697,1.3485214710235596
frame1995,135.98373983739836,137.4119241192412,131.72086720867208,193.3586956521739,195.15217391304347,191.70652173913044,1.125084638595581
frame1996,137.83468834688347,138.71544715447155,132.97289972899728,192.47554347826087,194.14402173913044,189.72282608695653,0.9758809804916382
frame1997,138.89972899728997,140.06233062330622,134.70460704607046,193.70652173913044,195.35326086956522,191.47826086956522,0.9292292594909668
frame1998,140.37669376693768,140.88888888888889,135.63685636856368,194.95108695652175,197.14945652173913,193.1195652173913,0.930070162
frame1999,141.21680216802167,141.74525745257452,136.65582655826557,195.85597826086956,197.8423913043478,194.0788043478261,0.9447747468948364
frame2000,141.9620596205962,142.30623306233062,137.18970189701898,195.41847826086956,197.4048913043478,193.54076086956522,0.9748357534408569
frame2001,141.93766937669378,142.38482384823848,137.4471544715447,199.0298913043478,200.81521739130434,197.8858695652174,0.9962097406387329
frame2002,142.59349593495935,142.35230352303523,137.31165311653118,200.16576086956522,202.00815217391303,199.16576086956522,1.012010931968689
frame2003,142.69647696476966,142.57452574525746,137.73441734417344,199.85597826086956,201.86684782608697,198.72282608695653,1.026314377784729
frame2004,143.44986449864498,142.9159891598916,138.1409214092141,199.70923913043478,201.68478260869566,198.91847826086956,1.0246282815933228
frame2005,143.7100271,143.28726287262873,138.74525745257452,199.79347826086956,202.0733695652174,199.00271739130434,1.0348539352416992
frame2006,144.37669376693768,143.52845528455285,137.92953929539294,201.57065217391303,205.7608695652174,203.95108695652175,1.034592866897583
frame2007,144.5420054200542,143.68021680216802,138.58536585365854,200.7391304347826,205.33152173913044,203.5163043478261,1.0364906787872314
frame2008,144.33333333333334,143.40379403794037,138.05420054200542,200.7608695652174,205.35597826086956,203.5461956521739,1.0374037027359009
frame2009,144.55826558265582,143.93766937669378,139.1219512195122,200.7391304347826,205.92391304347825,203.5163043478261,1.038482904434204
frame2010,144.76151761517616,144.17344173441734,139.0840108401084,200.7608695652174,205.95108695652175,203.5461956521739,1.0160956382751465
frame2011,144.8861788617886,144.2439024390244,139.69376693766938,200.80434782608697,205.4048913043478,203.60597826086956,0.9847279787063599
frame2012,144.8509485094851,144.1680216802168,139.28726287262873,200.8913043478261,206.1141304347826,203.72554347826087,0.955321193
frame2013,145.15718157181573,144.24932249322492,139.31978319783198,201.58695652173913,206.28532608695653,204.6820652173913,0.9199938774108887
frame2014,145.43631436314362,144.19241192411923,139.31978319783198,201.7391304347826,206.45652173913044,204.8913043478261,0.8820270299911499
frame2015,145.53387533875338,144.50948509485096,139.9810298102981,201.58695652173913,206.28532608695653,204.6820652173913,0.8355108499526978
frame2016,145.20054200542006,144.3739837398374,139.49322493224932,201.7391304347826,206.45652173913044,204.8913043478261,0.7666023969650269
frame2069,137.7560975609756,136.15718157181573,129.6829268292683,210.7798913043478,215.99184782608697,218.5054347826087,0.9065759181976318
frame2070,136.40379403794037,134.72086720867208,127.73712737127371,209.27173913043478,215.41847826086956,217.33152173913044,1.0254569053649902
frame2071,135.9268292682927,134.17615176151762,127.54742547425474,210.0054347826087,215.99184782608697,218.8423913043478,1.0774719715118408
frame2072,134.89159891598916,132.9539295392954,125.84823848238483,209.73097826086956,215.9483695652174,219.01358695652175,1.113677740097046
frame2073,133.27642276422765,131.81842818428186,125.4579945799458,221.28532608695653,229.8016304347826,237.1820652173913,1.150170087814331
frame2074,132.06233062330622,130.1300813,123.61246612466125,222.80978260869566,231.49728260869566,240.50815217391303,1.1745750904083252
frame2075,130.82655826558266,128.96747967479675,122.84823848238483,223.7798913043478,232.51902173913044,241.97826086956522,1.1876535415649414
frame2076,129.66666666666666,127.26558265582656,121.01626016260163,225.05434782608697,235.08152173913044,244.92934782608697,1.1924941539764404
frame2077,128.21951219512195,126.11111111111111,119.63143631436314,229.87771739130434,241.83695652173913,254.7826086956522,1.266116976737976
frame2078,127.65040650406505,125.74525745257452,119.4579945799458,230,245,255,1.814121961593628
frame2079,126.37669376693766,125.25474254742548,118.52032520325203,230,247.17391304347825,255,2.386211633682251
frame2080,130.11924119241192,127.12466124661246,122.65311653116531,230,247.76902173913044,255,2.5354883670806885
frame2081,134.50135501355012,131.24119241192412,125.32791327913279,214.02173913043478,224.1875,228.91032608695653,2.359238624572754
frame2082,134.01626016260164,131.00271002710028,124.86178861788618,162.4836956521739,156.27173913043478,145.3804347826087,2.6914262771606445
frame2083,134.65311653116532,131.93766937669378,126.39566395663957,166,159,147.52445652173913,2.797701358795166
frame2084,134.97018970189703,132.01355013550136,126.96476964769647,168.0625,160.73097826086956,148.97282608695653,2.0835959911346436
frame2085,136.95934959349594,133.9539295392954,129.38753387533876,168.53804347826087,161.9375,150,0.9867613315582275
frame2086,150.53929539295393,142.4471544715447,130.68563685636857,171.41304347826087,165.02717391304347,154.29076086956522,0.7669111490249634
frame2087,171.9159891598916,165.7669376693767,154.4471544715447,173.44565217391303,166.52173913043478,156.25815217391303,0.7310729622840881
frame2088,174.0487804878049,167.8699187,157.63143631436316,173.125,164.80434782608697,154.26358695652175,0.6341993808746338
frame2099,123.68563685636856,121.97560975609755,117.03794037940379,214.77717391304347,223.1548913043478,230.1548913043478,0.14615890383720398
frame2100,121.89972899728997,121.2520325203252,116.34417344173441,214.93478260869566,222.72826086956522,229.41847826086956,0.5577630996704102
frame2101,123.11924119241192,122.34959349593495,117.67479674796748,213.41847826086956,220.98097826086956,226.93478260869566,0.9573363065719604
frame2102,123.3360433604336,123.16531165311653,118.46341463414635,206.6413043478261,214.10326086956522,218.4891304347826,1.4115310907363892
frame2103,125.09485094850949,125.27371273712737,120.51761517615176,206.67934782608697,213.41576086956522,217.16032608695653,1.90597403
frame2104,126.53658536585365,126.49051490514906,121.4959349593496,201.80978260869566,206.16304347826087,208.2445652173913,2.455657482147217