Frame,Red channel,Green channel,Blue Channel,Red_back,Green_back,Blue_back,Pressure
frame0,157.76497695852535,157.19354838709677,145.74193548387098,213.49308755760367,212.2073732718894,209.5115207373272,-0.053015918
frame1,157.1336405529954,157.16129032258064,145.52534562211983,216.49308755760367,214.89861751152074,212.71428571428572,-0.049650878
frame2,158.0921658986175,157.33179723502303,146.10138248847926,217.0737327,215.44239631336404,213.31336405529953,-0.049465239
frame3,157.40552995391704,157.1705069124424,145.18433179723502,216.76036866359448,215.1336405529954,212.95391705069125,-0.047542781
frame4,158.06912442396313,157.53917050691246,145.5668202764977,217.7004608294931,216.06451612903226,213.96774193548387,-0.047846198
frame5,157.93548387096774,157.41935483870967,145.27649769585253,216.76036866359448,215.1336405529954,212.95391705069125,-0.046532124
frame6,158.1705069124424,157.49308755760367,145.3732718894009,232.05069124423963,231.07834101382488,229.89400921658986,-0.038054138
frame7,157.1152073732719,157.3548387096774,145.0737327,229.0368664,227.93548387096774,226.61290322580646,-0.037511915
frame8,157.27188940092165,157.4884792626728,145.35023041474653,232.02304147465438,231.07834101382488,229.89400921658986,-0.035606891
frame9,157.02304147465438,157.2626728110599,144.9815668202765,229.0368664,227.93548387096774,226.61290322580646,-0.035454571
frame10,157.27188940092165,157.4884792626728,145.35023041474653,232.02304147465438,231.07834101382488,229.89400921658986,-0.034316778
frame11,157.48387096774192,157.2073732718894,145.0552995391705,226.59447004608296,225.3917050691244,223.73271889400922,-0.032646388
frame12,157.4700460829493,157.40552995391704,145.27649769585253,230.0552995391705,228.99078341013825,227.84331797235023,-0.029265165
frame13,157.34562211981566,157.26728110599078,145.1105991,226.59447004608296,225.3917050691244,224.0921658986175,-0.027780473
frame14,157.57603686635946,157.5115207373272,145.38248847926266,229.73271889400922,228.66820276497697,227.52073732718895,-0.024991095
frame15,157.52073732718895,157.44239631336404,145.28571428571428,226.34562211981566,225.72350230414747,224.06451612903226,-0.023256809
frame16,157.61290322580646,157.5483870967742,145.41935483870967,229.73271889400922,228.66820276497697,227.52073732718895,-0.021693617
frame17,157.41935483870967,157.34101382488478,145.18433179723502,226.64976958525347,225.72350230414747,224.42396313364054,-0.02162385
frame18,157.55760368663596,157.55760368663596,145.33179723502303,229.3548387096774,228.47926267281105,227.33179723502303,-0.021079987
frame19,157.3548387096774,157.35023041474653,145.08294930875576,226.1336405529954,225.16129032258064,223.86175115207374,-0.021472812
frame20,157.47465437788017,157.47465437788017,145.24884792626727,229.32718894009216,228.46543778801842,227.3179723502304,-0.020936191
frame21,157.42396313364054,157.34562211981566,145.1889400921659,226.1336405529954,225.16129032258064,223.86175115207374,-0.021388531
frame22,157.61751152073734,157.55299539170508,145.42396313364054,229.32718894009216,228.46543778801842,227.3179723502304,-0.020772427
frame23,157.34101382488478,157.49769585253455,145.2626728110599,225.7741935483871,225.16129032258064,223.50230414746545,-0.021315962
frame24,157.5299539170507,157.65898617511522,145.46543778801842,229.32718894009216,228.46543778801842,226.8847926267281,-0.020693272
frame25,157.41013824884791,157.5668202764977,145.33179723502303,225.7741935483871,225.16129032258064,223.50230414746545,-0.021389753
frame26,157.5299539170507,157.65898617511522,145.46543778801842,229.32718894009216,228.46543778801842,227.3179723502304,-0.020702511
frame27,157.41013824884791,157.5668202764977,145.33179723502303,226.10138248847926,225.1290322580645,223.4700460829493,-0.021490216
frame28,157.5299539170507,157.65898617511522,145.46543778801842,229.32718894009216,228.46543778801842,226.8847926267281,-0.020850688
frame29,157.41013824884791,157.5668202764977,145.33179723502303,225.7741935483871,225.16129032258064,223.50230414746545,-0.021576792
frame30,157.4700460829493,157.59907834101384,145.40552995391704,229.32718894009216,228.46543778801842,226.8847926267281,-0.020823449
frame31,157.34101382488478,157.49769585253455,145.2626728110599,225.74193548387098,225.1290322580645,223.4700460829493,-0.021578878
frame32,157.45622119815667,157.5852534562212,145.3917050691244,229.2995391705069,228.43778801843317,226.85714285714286,-0.020936579
frame33,157.32718894009216,157.48387096774192,145.24884792626727,225.74193548387098,225.1290322580645,223.4700460829493,-0.021642506
frame34,157.45622119815667,157.5852534562212,145.3917050691244,229.2995391705069,228.43778801843317,226.85714285714286,-0.021017492
frame35,157.80645161290323,157.5299539170507,145.3778801843318,226.1336405529954,225.16129032258064,223.86175115207374,-0.021748245
frame36,157.80184331797236,157.6221198156682,145.40092165898616,229.32718894009216,228.46543778801842,227.3179723502304,-0.020640284
frame37,157.83870967741936,157.50691244239633,145.3179723502304,225.74193548387098,225.08755760368663,223.4700460829493,-0.021315724
frame38,157.9078341013825,157.6082949308756,145.4516129032258,229.06912442396313,228.5115207373272,226.9447004608295,-0.02018711
frame39,157.83870967741936,157.50691244239633,145.3179723502304,225.75115207373273,225.1152073732719,223.48387096774192,-0.020920098
frame40,157.9078341013825,157.6082949308756,145.4516129032258,229.04608294930875,228.4884792626728,226.92165898617512,-0.019919097
frame41,157.87557603686636,157.50691244239633,145.3179723502304,225.7373271889401,225.07834101382488,223.45622119815667,-0.020766824
frame42,157.9447004608295,157.6082949308756,145.4516129032258,228.78801843317973,227.9262673,226.6451612903226,-0.01984936
frame43,157.87557603686636,157.50691244239633,145.3179723502304,225.46082949308754,224.49308755760367,223.10599078341014,-0.020729572
frame44,157.9447004608295,157.6082949308756,145.4516129032258,228.5483870967742,227.68663594470047,226.61290322580646,-0.019738615
frame45,157.88018433179724,157.51612903225808,145.32258064516128,224.80184331797236,224.14285714285714,222.47926267281105,-0.020760357
frame46,157.9447004608295,157.6082949308756,145.4516129032258,228.1889400921659,227.61290322580646,226.02304147465438,-0.019583225
frame47,157.97695852534562,157.32718894009216,145.1705069124424,227.72350230414747,227.0737327,224.4884792626728,-0.019658715
frame48,157.7557603686636,157.3778801843318,145.24884792626727,231.0921658986175,230.51612903225808,228.42857142857142,-0.019136399
frame49,157.8663594470046,157.43778801843317,145.41013824884791,227.72350230414747,227.0737327,224.4884792626728,-0.02045247
frame50,157.98617511520737,157.55299539170508,145.53456221198158,231.0921658986175,230.51612903225808,227.99078341013825,-0.019745618
frame51,157.8663594470046,157.43778801843317,145.41013824884791,227.72350230414747,227.0737327,224.4884792626728,-0.020555586
frame52,157.85714285714286,157.47926267281105,145.35023041474653,231.0921658986175,230.51612903225808,227.99078341013825,-0.019851029
frame53,157.71428571428572,157.35944700460828,144.98617511520737,227.68663594470047,227.02764976958525,224.46082949308754,-0.020671546
frame54,157.8479262672811,157.4700460829493,145.34101382488478,231.05990783410138,230.46543778801842,227.95852534562212,-0.020156324
frame55,157.70506912442397,157.35023041474653,145.17511520737327,227.11981566820276,226.46082949308754,223.89400921658986,-0.020852059
frame56,157.8479262672811,157.4700460829493,145.34101382488478,230.53917050691246,229.95852534562212,227.4516129032258,-0.020104289
frame57,157.70506912442397,157.35023041474653,144.64976958525347,227.11981566820276,226.46082949308754,223.89400921658986,-0.020765305
frame58,157.8479262672811,157.4700460829493,145.34101382488478,230.53917050691246,229.95852534562212,227.4516129032258,-0.020093113
frame59,158.01382488479263,157.36405529953916,144.2073732718894,227.0368664,226.40552995391704,223.83870967741936,-0.020794243
frame60,158.07834101382488,157.50691244239633,144.15668202764977,230.4700460829493,229.92165898617512,227.4147465437788,-0.020337522
frame61,158.16129032258064,157.47465437788017,144.16129032258064,227.0368664,226.40552995391704,223.83870967741936,-0.02047044
frame62,158.32258064516128,157.5852534562212,144.32718894009216,230.4516129032258,229.90322580645162,227.3963133640553,-0.019540876
frame63,158.16129032258064,157.47465437788017,144.16129032258064,227.0184331797235,226.38709677419354,223.82027649769586,-0.019674867
frame64,158.32258064516128,157.5852534562212,145.32718894009216,230.4516129032258,229.90322580645162,227.3963133640553,-0.018451661
frame65,158.11981566820276,157.4331797235023,145.11981566820276,227.0368664,226.38709677419354,223.82027649769586,-0.019127339
frame66,157.97695852534562,157.53917050691246,144.85253456221199,218.9078341013825,218.1290322580645,215.9631336,-0.022131741
frame67,157.84331797235023,157.40552995391704,144.7373271889401,217.79723502304148,217.01382488479263,214.64055299539172,-0.022133529
frame68,158.04608294930875,157.51612903225808,144.95852534562212,218.9447004608295,218.14746543778801,215.9815668202765,-0.021755755
frame69,157.84331797235023,157.40552995391704,144.7373271889401,217.84331797235023,217.03225806451613,214.87557603686636,-0.021744847
frame70,157.61751152073734,157.51612903225808,144.49769585253455,219.67741935483872,218.89400921658986,217.4884792626728,-0.02059266
frame71,157.30875576036865,157.27649769585253,144.74193548387098,208.95852534562212,207.98617511520737,204.95852534562212,-0.026073933
frame72,157.44239631336404,157.40552995391704,144.9447004608295,209.91705069124424,208.93087557603687,206.3732718894009,-0.026131809
frame73,157.30875576036865,157.27649769585253,144.74193548387098,209.02304147465438,208.07834101382488,205.40092165898616,-0.026059151
frame74,157.10138248847926,157.25806451612902,144.50691244239633,210.94930875576037,209.49308755760367,207.4331797235023,-0.024994999
frame75,155.9262673,156.08294930875576,143.23041474654377,210.38248847926266,209.05069124423963,206.40092165898616,-0.022699177
frame76,155.0552995391705,155.12442396313364,142.38709677419354,211.85714285714286,210.41935483870967,208.3917050691244,-0.020097375
frame77,153.8663594470046,153.8847926267281,141.1152073732719,210.94930875576037,209.6267281105991,207.57142857142858,-0.019072473
frame78,152.63133640552996,152.8847926267281,140.10138248847926,212.40552995391704,210.5115207373272,208.48387096774192,-0.020964205
frame79,150.8479262672811,151.1105991,138.2258064516129,216.8110599078341,214.91244239631337,212.88018433179724,-0.04410392
frame80,149.64976958525347,150.00460829493088,137.25806451612902,217.79723502304148,215.85714285714286,213.86175115207374,-0.089372545
frame81,148.3364055299539,148.70967741935485,135.86175115207374,217.78801843317973,215.88018433179724,213.8663594470046,-0.137984812
frame82,147.52534562211983,147.88018433179724,135.1336405529954,218.82488479262673,216.9078341013825,214.89861751152074,-0.137152076
frame83,146.27188940092165,146.2442396313364,133.46543778801842,231.9078341013825,231.25806451612902,229.36405529953916,0.002354175
frame568,158.84331797235023,159.1889400921659,146.89861751152074,210.51612903225808,208.30414746543778,207.27188940092165,-0.02956751
frame569,158.94009216589862,159.19354838709677,146.8110599078341,210.7926267281106,209.4331797235023,208.04608294930875,-0.029506087
frame570,158.78801843317973,159.13824884792626,146.8709677419355,215.99078341013825,213.44700460829492,212.43778801843317,-0.028181821
frame571,159.74193548387098,159.14746543778801,146.9815668202765,214.43778801843317,212.43778801843317,210.54377880184333,-0.029462904
frame572,159.86175115207374,159.16589861751152,147.75115207373273,218.76497695852535,216.26728110599078,214.76497695852535,-0.028841704
frame573,159.00921658986175,159.12442396313364,147.76036866359448,219.65437788018434,217.25806451612902,215.65437788018434,-0.028437138
frame574,159.1520737327189,159.27649769585253,148.00921658986175,223.18433179723502,221.09677419354838,219.6635944700461,-0.027927399
frame575,159.21658986175115,159.14746543778801,147.80184331797236,220.70506912442397,218.57603686635946,217.06451612903226,-0.029073387
frame576,160.03225806451613,159.72811059907835,148.25345622119815,233.1889400921659,230.7557603686636,229.85714285714286,-0.025394112
frame577,159.6221198156682,159.54377880184333,148.1889400921659,226.8294930875576,224.68663594470047,223.32718894009216,-0.027817786
frame578,160.16589861751152,160.28571428571428,148.94930875576037,233.26728110599078,230.58064516129033,229.84331797235023,-0.026581556
frame579,160.71428571428572,160.1290322580645,148.7557603686636,233.49308755760367,231.58064516129033,230.22119815668202,-0.026104361
frame580,159.7926267281106,160.14746543778801,147.53456221198158,235.81566820276498,234.4884792626728,233.3179723502304,-0.022438675
frame581,159.12442396313364,159.66820276497697,146.85253456221199,236.6267281105991,235.9262673,235.2258064516129,-0.021073639
frame582,158.18433179723502,158.94930875576037,145.80184331797236,249.91244239631337,249.80184331797236,248.69124423963135,-0.02953738
frame583,156.70506912442397,157.28571428571428,144.4147465437788,248.47465437788017,247.3917050691244,246.2995391705069,-0.05852592
frame584,156.82027649769586,156.41013824884791,144.52534562211983,236.1152073732719,234.1520737327189,233.1152073732719,-0.064150035
frame585,156.4331797235023,156.01382488479263,144.14285714285714,222.5115207373272,220.55760368663596,219.5115207373272,-0.049769133
frame586,155.99078341013825,155.58064516129033,143.69585253456222,226.52073732718895,224.55760368663596,223.52073732718895,-0.044059932
frame587,154.91244239631337,155.49308755760367,143.6221198156682,222.5115207373272,220.55760368663596,219.5115207373272,-0.041559368
frame588,154.83870967741936,155.42857142857142,143.54377880184333,226.29032258064515,224.32718894009216,223.29032258064515,-0.043641061
frame589,155.42396313364054,155.00460829493088,143.1336405529954,223.10599078341014,221.1520737327189,220.10599078341014,-0.041536391
frame590,155.47926267281105,155.06912442396313,143.18433179723502,227.38709677419354,225.42396313364054,224.38709677419354,-0.042465508
frame591,155.67281105990784,156.06451612903226,143.71428571428572,224.64976958525347,223.64976958525347,221.36866359447004,-0.039453208
frame592,155.61290322580646,156.1152073732719,143.4147465437788,228.26728110599078,227.26728110599078,225.7004608294931,-0.039996147
frame593,155.59447004608296,156.07834101382488,143.13824884792626,208.82488479262673,207.82488479262673,204.85253456221199,-0.031336218
frame594,155.61290322580646,156.1152073732719,143.4147465437788,228.7741935483871,227.7741935483871,226.14746543778801,-0.026301265
frame595,154.96774193548387,155.44700460829492,142.50691244239633,225.29032258064515,224.29032258064515,222.57603686635946,-0.028161556
frame596,154.61290322580646,155.03225806451613,142.33179723502303,228.73271889400922,227.73271889400922,226.16589861751152,-0.032676399
frame597,153.72350230414747,154,141.2258064516129,220.23041474654377,218.82027649769586,216.82027649769586,-0.033665031
frame598,153.38248847926266,152.74654377880185,140.25806451612902,229.1889400921659,228.16589861751152,226.16589861751152,-0.055689782
frame599,151.26728110599078,151.6451612903226,138.7926267281106,226.29032258064515,225.13824884792626,223.13824884792626,-0.093242735
frame600,151.32258064516128,150.74654377880185,138.8479262672811,229.8663594470046,228.73271889400922,226.73271889400922,-0.129927903
frame601,149.38248847926266,149.41013824884791,136.58064516129033,226.5483870967742,225.26728110599078,223.26728110599078,-0.135193527
frame602,148.93087557603687,148.40092165898616,136.14746543778801,230.6221198156682,230.05990783410138,228.04608294930875,-0.062701672
frame635,157.17511520737327,158.47926267281105,143.08294930875576,198.3732718894009,197.29032258064515,194.3732718894009,-0.001843244
frame636,157.52073732718895,158.71428571428572,143.58986175115209,199.88018433179724,198.80184331797236,195.88018433179724,-0.014550626
frame637,157.34101382488478,158.40092165898616,143.0737327,202.05069124423963,200.30875576036865,198.05069124423963,-0.021515042
frame638,157.27649769585253,158.46543778801842,143.53917050691246,202.4884792626728,200.74654377880185,198.4884792626728,-0.02842924
frame639,157.35944700460828,157.9447004608295,143.4516129032258,202.3778801843318,200.63594470046084,198.3778801843318,-0.033133239
frame640,157.3179723502304,157.21658986175115,145.95391705069125,200.91244239631337,199.5852534562212,197.40092165898616,-0.034578979
frame641,157.21198156682027,157.01382488479263,145.10599078341014,201.43778801843317,200.08294930875576,198.0368664,-0.027992278
frame642,157.4331797235023,157.12442396313364,145.2995391705069,202.0368664,200.77880184331798,198.3963133640553,-0.028508097
frame643,157.73271889400922,157.0552995391705,145.10138248847926,202.4331797235023,201.1705069124424,199.1336405529954,-0.028679579
frame644,157.8294930875576,157.32258064516128,145.33179723502303,201.74654377880185,200.79723502304148,198.38709677419354,-0.029574484
frame645,157.81566820276498,157.25345622119815,145.27188940092165,204.78341013824885,203.8294930875576,201.07834101382488,-0.028956354
frame646,157.86175115207374,157.2811059907834,145.2811059907834,205.83870967741936,204.88018433179724,202.19354838709677,-0.028873533
frame647,157.79723502304148,157.1105991,145.12442396313364,204.80184331797236,203.84331797235023,201.19354838709677,-0.029232144
frame648,157.97235023041475,157.3179723502304,145.3179723502304,205.3179723502304,204.65437788018434,201.23502304147465,-0.02969715
frame649,157.94009216589862,157.1889400921659,145.19354838709677,205.74654377880185,205.27649769585253,202.33179723502303,-0.029485881
frame650,157.9078341013825,157.3548387096774,145.3548387096774,206.04608294930875,205.53456221198158,201.63594470046084,-0.029989988
frame651,157.9078341013825,157.24884792626727,145.25345622119815,205.17972350230414,204.70967741935485,201.19815668202764,-0.030238569
frame652,157.44700460829492,157.77880184331798,145.2811059907834,205.63594470046084,204.61751152073734,201.6635944700461,-0.030323386
frame653,157.3364055299539,157.83410138248848,145.08755760368663,204.53917050691246,203.49308755760367,200.2073732718894,-0.03075552
frame654,157.56221198156683,157.7926267281106,145.44700460829492,204.99078341013825,204.38248847926266,201.00921658986175,-0.03087464
frame655,157.4516129032258,157.7188940092166,145.3179723502304,208.30875576036865,207.2626728110599,204.3364055299539,-0.029330283
frame656,157.58986175115209,157.78341013824885,144.49308755760367,210.09677419354838,209.06451612903226,205.69585253456222,-0.027854592
frame657,157.3778801843318,157.7373271889401,144.19815668202764,208.28571428571428,207.23963133640552,203.95391705069125,-0.028279275
frame658,157.6036866359447,157.79723502304148,144.50691244239633,210.0921658986175,209.0552995391705,205.69124423963135,-0.028075367
frame659,157.49308755760367,157.72350230414747,144.3778801843318,208.2442396313364,207.23041474654377,203.9447004608295,-0.028726906
frame660,157.6451612903226,157.83870967741936,144.5483870967742,210.12442396313364,209.10138248847926,205.74654377880185,-0.028245091
frame661,157.5483870967742,157.77880184331798,144.4331797235023,208.48387096774192,207.43778801843317,204.17511520737327,-0.028727472
frame662,157.7373271889401,157.78341013824885,144.71428571428572,210.3364055299539,209.29032258064515,205.9447004608295,-0.028258532
frame663,157.64976958525347,157.71428571428572,144.61751152073734,208.48387096774192,207.43778801843317,204.17511520737327,-0.028777122
frame664,157.76958525345623,157.93548387096774,144.27188940092165,211.28571428571428,210.51612903225808,207.32718894009216,-0.027262688
frame665,157.65437788018434,157.8894009,144.17972350230414,210.3732718894009,209.1336405529954,206.0552995391705,-0.027611673
frame666,157.80645161290323,157.85253456221199,144.44700460829492,211.27188940092165,210.50230414746545,207.2995391705069,-0.02737698
frame667,157.7373271889401,157.79723502304148,144.30875576036865,210.01382488479263,209.1336405529954,206.0552995391705,-0.027618915
frame668,157.80645161290323,157.85253456221199,144.44700460829492,211.25806451612902,210.50230414746545,207.2995391705069,-0.02719453
frame669,157.7373271889401,157.79723502304148,144.30875576036865,210.01382488479263,209.1336405529954,206.0552995391705,-0.027472585
frame670,157.9631336,157.8294930875576,144.56221198156683,211.27188940092165,210.50230414746545,207.2995391705069,-0.027207851
frame671,157.91244239631337,157.7741935483871,144.44239631336404,210.01382488479263,209.1336405529954,206.0552995391705,-0.027480632
frame672,157.9631336,157.8294930875576,144.56221198156683,211.27188940092165,210.08294930875576,207.32718894009216,-0.027108431
frame673,157.91244239631337,157.7741935483871,144.44239631336404,210.01382488479263,208.7741935483871,206.0552995391705,-0.027463019
frame674,157.9631336,157.8294930875576,144.56221198156683,211.25806451612902,210.06912442396313,207.2995391705069,-0.027098268
frame675,157.91244239631337,157.7741935483871,144.44239631336404,210.01382488479263,209.1336405529954,206.0552995391705,-0.027400315
frame676,157.78341013824885,157.91244239631337,144.7188940092166,211.28571428571428,210.51612903225808,207.32718894009216,-0.027193993
frame677,157.58986175115209,157.74654377880185,144.5115207373272,210.3732718894009,209.1336405529954,206.0552995391705,-0.027437717
frame678,157.82488479262673,157.84331797235023,144.81566820276498,211.7188940092166,210.51612903225808,207.32718894009216,-0.027405053
frame679,157.59907834101384,157.7557603686636,144.52073732718895,210.3732718894009,209.1336405529954,206.0552995391705,-0.027544916
frame680,157.68663594470047,157.81566820276498,144.6221198156682,211.28571428571428,210.51612903225808,207.32718894009216,-0.027220815
frame681,157.63133640552996,157.78801843317973,144.55299539170508,210.3732718894009,209.1336405529954,206.0552995391705,-0.027614862
frame682,157.8110599078341,157.8294930875576,144.80184331797236,211.28571428571428,210.51612903225808,207.32718894009216,-0.027410299
frame683,157.6635944700461,157.69124423963135,144.64976958525347,210.3732718894009,209.1336405529954,206.0552995391705,-0.027555764
frame684,157.74193548387098,157.76036866359448,144.73271889400922,211.28571428571428,210.51612903225808,207.32718894009216,-0.027184665
frame685,157.6635944700461,157.69124423963135,144.64976958525347,210.23502304147465,209.21658986175115,206.27649769585253,-0.027478755
frame686,157.74193548387098,157.76036866359448,144.73271889400922,211.28571428571428,210.51612903225808,207.32718894009216,-0.027156383
frame687,157.6635944700461,157.69124423963135,144.64976958525347,210.3732718894009,209.1336405529954,206.0552995391705,-0.027513474
frame688,157.79723502304148,157.89861751152074,146.04147465437788,211.26728110599078,210.49769585253455,207.30875576036865,-0.02851519
frame689,157.6036866359447,157.71428571428572,145.70967741935485,210.2995391705069,209.06912442396313,205.99078341013825,-0.028587967
frame690,157.72811059907835,157.8663594470046,146.08294930875576,211.7004608294931,210.49769585253455,207.30875576036865,-0.028600663
frame691,157.45622119815667,157.72811059907835,146.04608294930875,210.16129032258064,209.1520737327189,206.21198156682027,-0.028975636
frame692,157.61751152073734,157.8709677419355,146.3179723502304,211.7004608294931,210.49769585253455,207.30875576036865,-0.028989494
frame693,157.46543778801842,157.7373271889401,146.0552995391705,210.52073732718895,209.5115207373272,206.21198156682027,-0.029131919
frame694,157.61751152073734,157.8709677419355,146.3179723502304,211.8894009,210.44239631336404,207.49769585253455,-0.029139012
frame695,157.46543778801842,157.7373271889401,146.0552995391705,210.5299539170507,209.16129032258064,206.22119815668202,-0.02934432
frame696,157.61751152073734,157.8709677419355,146.3179723502304,211.8894009,210.87557603686636,207.49769585253455,-0.029203773
frame697,157.46543778801842,157.7373271889401,146.50230414746545,210.52073732718895,209.5115207373272,206.21198156682027,-0.029768854
frame698,157.05990783410138,157.31336405529953,146.06912442396313,211.8894009,210.87557603686636,207.49769585253455,-0.028452367
frame699,155.83410138248848,156.00460829493088,145.10138248847926,210.85714285714286,209.4884792626728,206.8847926267281,-0.026310205
frame700,155.50230414746545,154.73271889400922,141.5668202764977,212.6221198156682,211.6082949308756,208.64055299539172,-0.020547926
frame701,154.29032258064515,153.55760368663596,141.3179723502304,211.25806451612902,210.23502304147465,207.49308755760367,-0.019348681
frame702,153.43778801843317,152.6221198156682,139.4884792626728,212.6451612903226,211.19354838709677,208.65898617511522,-0.01951018
frame703,152.09677419354838,151.32718894009216,139.14285714285714,211.49769585253455,210.47465437788017,207.73271889400922,-0.023514628
frame704,151.1336405529954,149.34101382488478,137.2073732718894,213.2442396313364,211.76958525345623,209.2442396313364,-0.044060737
frame705,149.64976958525347,148.1520737327189,135.63133640552996,211.59907834101384,210.20276497695852,207.59907834101384,-0.082531005
frame706,148.66820276497697,147.24884792626727,134.8110599078341,215.8709677419355,214.41935483870967,211.89400921658986,-0.129032224
frame707,147.56221198156683,146.3364055299539,133.81566820276498,214.82027649769586,213.44239631336404,211.41935483870967,-0.134144783
frame741,158.18433179723502,157.82027649769586,145.36866359447004,198.66820276497697,197.02764976958525,194.66820276497697,-0.020070523
frame742,158.2442396313364,157.8847926267281,145.42396313364054,199.56221198156683,197.74654377880185,195.56221198156683,-0.027218401
frame743,158.19354838709677,157.06912442396313,145.8479262672811,200.7741935483871,198.7741935483871,196.7741935483871,-0.032904327
frame744,157.65898617511522,157.06451612903226,145.61751152073734,201.63594470046084,199.63594470046084,197.63594470046084,-0.031757534
frame745,157.32718894009216,157.08294930875576,145.77880184331798,200.7741935483871,198.7741935483871,196.7741935483871,-0.028185725
frame746,157.35944700460828,157.21198156682027,145.15668202764977,203.67741935483872,202.5483870967742,200.5483870967742,-0.027010262
frame747,157.1705069124424,157.1152073732719,145.30875576036865,207.19354838709677,206.21198156682027,203.5668202764977,-0.026378751
frame748,157.18433179723502,157.23963133640552,145.32718894009216,207.78341013824885,206.8479262672811,204.1889400921659,-0.026920706
frame749,157.36866359447004,157.35944700460828,145.55299539170508,205.95852534562212,205.10599078341014,202.4516129032258,-0.028697014
frame750,157.4147465437788,157.44239631336404,145.56221198156683,206.9631336,206.0921658986175,203.3548387096774,-0.029000252
frame751,157.0368664,157.35023041474653,145.54377880184333,203.4884792626728,202.68663594470047,199.3778801843318,-0.030545026
frame752,157.29032258064515,157.5115207373272,145.95391705069125,205.06451612903226,204.32718894009216,200.91705069124424,-0.030804396
frame753,157.28571428571428,157.46543778801842,144.99539170506912,203.67281105990784,202.71428571428572,199.3364055299539,-0.030837029
frame754,157.48387096774192,157.53917050691246,145.6082949308756,204.7926267281106,203.82488479262673,200.3732718894009,-0.0311625
frame755,157.5115207373272,157.5299539170507,144.5668202764977,204.69124423963135,204,200.71428571428572,-0.030243188
frame756,157.59907834101384,157.63133640552996,145.69585253456222,206.72811059907835,206.34101382488478,202.74654377880185,-0.030476719
frame757,157.61290322580646,157.6221198156682,144.64055299539172,206.32718894009216,205.9078341013825,202.3548387096774,-0.029635102
frame758,157.67281105990784,157.71428571428572,145.79723502304148,206.72811059907835,206.34101382488478,202.74654377880185,-0.030569762
frame759,157.6036866359447,157.63594470046084,144.7004608294931,206.70967741935485,205.6820276497696,202.75115207373273,-0.029560477
frame760,157.67281105990784,157.7004608294931,144.7557603686636,207.07834101382488,206.04147465437788,203.1152073732719,-0.029481709
frame761,157.58064516129033,157.61751152073734,144.69124423963135,206.8894009,205.86175115207374,202.91705069124424,-0.0294047
frame762,157.6451612903226,157.7004608294931,144.8110599078341,207.49769585253455,206.46082949308754,203.50230414746545,-0.029358059
frame763,157.3179723502304,157.69585253456222,144.1290322580645,205.93548387096774,204.35023041474653,201.9631336,-0.029266566
frame764,157.42396313364054,157.8294930875576,144.22119815668202,206.55299539170508,204.94009216589862,202.55299539170508,-0.029257625
frame765,157.4700460829493,157.6267281105991,144.3917050691244,205.93548387096774,204.35023041474653,201.9631336,-0.029605031
frame766,157.58064516129033,157.70967741935485,144.51612903225808,206.52073732718895,204.94009216589862,202.55299539170508,-0.02956003
frame767,157.4700460829493,157.6267281105991,144.3917050691244,210.0737327,209.17972350230414,206.0921658986175,-0.027699411
frame768,157.58064516129033,157.70967741935485,144.51612903225808,211.3179723502304,210.53917050691246,207.3364055299539,-0.027411282
frame769,157.4700460829493,157.6267281105991,144.3917050691244,210.0737327,208.82027649769586,206.0921658986175,-0.027830809
frame770,157.58064516129033,157.70967741935485,144.51612903225808,211.75115207373273,210.53917050691246,207.3364055299539,-0.02747041
frame771,157.6036866359447,157.63133640552996,144.58986175115209,210.0737327,208.82027649769586,206.0921658986175,-0.028095156
frame772,157.7004608294931,157.7188940092166,144.69124423963135,211.75115207373273,210.53917050691246,207.3364055299539,-0.027550548
frame773,157.6036866359447,157.63133640552996,144.58986175115209,210.0737327,208.82027649769586,206.0921658986175,-0.027888805
frame774,157.7004608294931,157.7188940092166,144.69124423963135,211.76497695852535,210.55299539170508,207.36405529953916,-0.027343959
frame775,157.65437788018434,157.84331797235023,144.08755760368663,210.44239631336404,209.1889400921659,206.1105991,-0.027313054
frame776,157.5483870967742,158,145.14746543778801,211.76497695852535,210.55299539170508,207.79723502304148,-0.027768254
frame777,157.59447004608296,157.93087557603687,144.1520737327189,210.44239631336404,208.8294930875576,206.1105991,-0.027481586
frame778,157.58986175115209,158.03225806451613,144.29032258064515,211.76497695852535,210.55299539170508,207.36405529953916,-0.027040213
frame779,157.53456221198158,158,144.23963133640552,210.44239631336404,209.1889400921659,206.1105991,-0.027456641
frame780,157.65898617511522,158.04608294930875,145.26728110599078,211.76497695852535,210.55299539170508,207.79723502304148,-0.027848512
frame781,157.53456221198158,158,144.23963133640552,210.44239631336404,209.1889400921659,206.1105991,-0.027369559
frame782,157.65898617511522,158.04608294930875,144.3778801843318,211.76497695852535,210.55299539170508,207.36405529953916,-0.026994377
frame783,157.5668202764977,158.04147465437788,144.2811059907834,210.44239631336404,209.1889400921659,206.1105991,-0.027367949
frame784,157.67281105990784,158.08755760368663,144.41935483870967,211.76497695852535,210.55299539170508,207.36405529953916,-0.027043462
frame785,157.5668202764977,158.04147465437788,144.2811059907834,210.08294930875576,209.1889400921659,206.1105991,-0.0273664
frame786,157.67281105990784,158.08755760368663,144.41935483870967,211.76497695852535,210.55299539170508,207.36405529953916,-0.027002543
frame787,157.87557603686636,157.8294930875576,144.29032258064515,210.1889400921659,209.32718894009216,206.2258064516129,-0.027210176
frame788,157.61751152073734,157.8847926267281,144.25806451612902,211.4331797235023,210.67281105990784,207.46543778801842,-0.026499271
frame789,157.5668202764977,157.82027649769586,144.16589861751152,210.1889400921659,208.96774193548387,206.2258064516129,-0.026978642
frame790,157.63594470046084,157.90322580645162,144.27649769585253,211.4331797235023,210.67281105990784,207.46543778801842,-0.02664718
frame791,157.5668202764977,157.82027649769586,144.16589861751152,210.1889400921659,209.32718894009216,206.2258064516129,-0.026997238
frame792,157.63594470046084,157.90322580645162,144.27649769585253,211.8709677419355,210.67281105990784,207.46543778801842,-0.02666226
frame793,157.5668202764977,157.82027649769586,144.16589861751152,210.19815668202764,209.32718894009216,206.2258064516129,-0.027056724
frame794,157.63594470046084,157.90322580645162,144.27649769585253,211.4331797235023,210.67281105990784,207.46543778801842,-0.026687264
frame795,157.5668202764977,157.82027649769586,144.16589861751152,210.55760368663596,209.32718894009216,206.2258064516129,-0.027015924
frame796,157.63594470046084,157.90322580645162,144.27649769585253,211.63133640552996,210.61751152073734,207.6635944700461,-0.026661813
frame797,157.48387096774192,157.7373271889401,144.08294930875576,210.41935483870967,209.41013824884791,206.44700460829492,-0.026807129
frame798,157.58064516129033,157.8479262672811,144.22119815668202,206.81566820276498,205.80184331797236,202.8479262672811,-0.028336346
frame799,157.70967741935485,157.6635944700461,144.1336405529954,209.4700460829493,208.46082949308754,205.49769585253455,-0.02704215
frame800,157.79723502304148,157.78801843317973,144.26728110599078,209.58986175115209,208.55760368663596,205.6036866359447,-0.027154624
frame801,158.1105991,157.53917050691246,144.46082949308754,214.17972350230414,213.1520737327189,209.8294930875576,-0.025496542
frame802,157.44700460829492,156.9078341013825,143.87557603686636,215.22119815668202,214.1889400921659,210.80184331797236,-0.023821324
frame803,157.1105991,156.44239631336404,143.46082949308754,214.1336405529954,213.12442396313364,209.80184331797236,-0.023398727
frame804,156.05990783410138,155.40092165898616,143.1336405529954,215.21658986175115,214.20276497695852,211.23502304147465,-0.020735443
frame805,154.96774193548387,154.26728110599078,141.3179723502304,214.12442396313364,213.1152073732719,210.14285714285714,-0.01900214
frame806,154.05990783410138,153.40092165898616,141.4700460829493,216.6820276497696,215.16129032258064,212.70506912442397,-0.018691719
frame807,152.34562211981566,151.6451612903226,139.69585253456222,215.57603686635946,213.99539170506912,211.6036866359447,-0.025118738
frame808,151.3778801843318,150.7188940092166,138.78801843317973,216.69124423963135,215.1705069124424,212.72350230414747,-0.042680144
frame809,150.25806451612902,148.63594470046084,136.68663594470047,215.07834101382488,213.67741935483872,211.0921658986175,-0.079750001
frame810,149.30875576036865,147.7188940092166,135.78801843317973,215.68663594470047,214.23041474654377,211.7188940092166,-0.127218366
frame811,147.49308755760367,147.69585253456222,134.72350230414747,216.03225806451613,215.03225806451613,212.03225806451613,-0.145271033
frame846,157.7926267281106,157.99078341013825,145.38709677419354,199.17972350230414,197.86175115207374,195.17972350230414,-0.015518814
frame847,157.64976958525347,156.87557603686636,145.32718894009216,197.91705069124424,196.3364055299539,193.91705069124424,-0.022065967
frame848,157.7557603686636,156.99078341013825,145.46082949308754,200.12442396313364,198.27188940092165,196.12442396313364,-0.02796796
frame849,157.19354838709677,156.95852534562212,145.59447004608296,202.2626728110599,200.48387096774192,198.32258064516128,-0.033367634
frame850,157.27188940092165,156.94930875576037,145.55760368663596,201.8479262672811,200.08294930875576,197.9078341013825,-0.03205514
frame851,157.0921658986175,157.10599078341014,145.1336405529954,200.17972350230414,198.86175115207374,196.6221198156682,-0.028163761
frame852,157.2258064516129,157.15668202764977,145.0184331797235,200.78341013824885,199.52534562211983,197.31336405529953,-0.028423578
frame853,157.35023041474653,157.09677419354838,145.06912442396313,199.54377880184333,198.83410138248848,195.9447004608295,-0.029344976
frame854,157.2073732718894,157.21198156682027,145.22119815668202,206.14746543778801,205.2073732718894,202.65898617511522,-0.027653664
frame855,157.2626728110599,157.1336405529954,145.1336405529954,204.1105991,203.58064516129033,200.46543778801842,-0.028920263
frame856,157.12442396313364,157.06912442396313,145.03225806451613,206.01382488479263,205.0737327,202.5299539170507,-0.028367996
frame857,157.1889400921659,157.05990783410138,145.05990783410138,204.23502304147465,203.3963133640553,200.57603686635946,-0.029523104
frame858,157.2258064516129,157.2073732718894,145.2073732718894,205.81566820276498,204.96774193548387,202.1520737327189,-0.029618859
frame859,157.19354838709677,157.1705069124424,145.17972350230414,208.16129032258064,207.33179723502303,204.3963133640553,-0.028742522
frame860,157.27188940092165,157.25806451612902,145.26728110599078,209.23963133640552,208.38709677419354,205.4331797235023,-0.028597236
frame861,157.3732718894009,157.25806451612902,145.26728110599078,207.9631336,207.05069124423963,204,-0.029412478
frame862,157.3778801843318,157.28571428571428,145.28571428571428,208.1336405529954,207.1152073732719,204.16589861751152,-0.029451042
frame863,157.7741935483871,157.50691244239633,145.72811059907835,206.6635944700461,206.21198156682027,202.69585253456222,-0.030715346
frame864,157.84331797235023,157.61290322580646,145.81566820276498,207.27649769585253,206.8479262672811,203.89400921658986,-0.030473799
frame865,158.03225806451613,157.6036866359447,145.07834101382488,208.32258064516128,207.75115207373273,204.22119815668202,-0.029482037
frame866,158.07834101382488,157.70506912442397,146.06451612903226,209.4147465437788,208.82027649769586,205.44239631336404,-0.029896438
frame867,158,157.63594470046084,146.00921658986175,210.78801843317973,209.99078341013825,206.82027649769586,-0.029200494
frame868,158.0552995391705,157.7373271889401,146.2073732718894,212.4700460829493,211.64055299539172,208.49769585253455,-0.028785139
frame869,158,157.63594470046084,146.13824884792626,210.78801843317973,209.99078341013825,206.82027649769586,-0.029400766
frame870,158.0552995391705,157.7373271889401,145.2073732718894,212.3732718894009,210.95391705069125,207.99078341013825,-0.028100699
frame871,158,157.63594470046084,145.16129032258064,210.67741935483872,209.69585253456222,206.3778801843318,-0.028624535
frame872,158.0552995391705,157.7373271889401,145.2073732718894,211.92165898617512,210.9447004608295,207.9815668202765,-0.028103381
frame873,158,157.63594470046084,145.16129032258064,210.69585253456222,209.69585253456222,206.3778801843318,-0.028528363
frame874,158.0552995391705,157.7373271889401,145.2073732718894,212.0368664,211.05990783410138,207.6635944700461,-0.028045714
frame875,157.19354838709677,157.50691244239633,145.1336405529954,210.1705069124424,209.2626728110599,206.18433179723502,-0.028211981
frame876,157.42396313364054,157.65898617511522,145.1290322580645,211.8847926267281,210.6451612903226,207.46082949308754,-0.027973026
frame877,157.38248847926266,157.55760368663596,144.9078341013825,210.5299539170507,209.2626728110599,206.18433179723502,-0.02827841
frame878,157.42396313364054,157.65898617511522,145.1290322580645,211.4516129032258,210.6451612903226,207.46082949308754,-0.028022379
frame879,157.38248847926266,157.55760368663596,144.9078341013825,210.1705069124424,209.2626728110599,206.18433179723502,-0.028201729
frame880,157.42396313364054,157.65898617511522,145.1290322580645,211.4516129032258,210.6451612903226,207.46082949308754,-0.027865052
frame881,157.38248847926266,157.55760368663596,144.9078341013825,210.1705069124424,209.2626728110599,206.18433179723502,-0.028047442
frame882,157.42396313364054,157.65898617511522,145.1290322580645,211.4516129032258,210.21198156682027,207.46082949308754,-0.027785689
frame883,157.38248847926266,157.55760368663596,144.9078341013825,210.1705069124424,209.2626728110599,206.18433179723502,-0.02792117
frame884,157.42396313364054,157.65898617511522,145.1290322580645,211.4516129032258,210.6451612903226,207.46082949308754,-0.027583331
frame885,157.38248847926266,157.55760368663596,144.9078341013825,210.1705069124424,209.2626728110599,206.18433179723502,-0.027795017
frame886,157.42396313364054,157.65898617511522,145.1290322580645,211.4516129032258,210.21198156682027,207.46082949308754,-0.02756086
frame887,157.0368664,157.35023041474653,144.97695852534562,210.59907834101384,209.36405529953916,206.2626728110599,-0.027503878
frame888,157.23041474654377,157.49769585253455,145.03225806451613,211.83870967741936,210.6267281105991,207.4331797235023,-0.027273774
frame889,157.16129032258064,157.36405529953916,144.76958525345623,210.23963133640552,209.00460829493088,206.2626728110599,-0.027491927
frame890,157.23041474654377,157.49769585253455,145.03225806451613,211.83870967741936,210.6267281105991,207.4331797235023,-0.027216017
frame891,157.16129032258064,157.36405529953916,144.76958525345623,210.23963133640552,209.36405529953916,206.2626728110599,-0.027363479
frame892,157.23041474654377,157.49769585253455,145.03225806451613,211.83870967741936,210.6267281105991,207.4331797235023,-0.027110398
frame893,157.16129032258064,157.36405529953916,144.76958525345623,210.59907834101384,209.36405529953916,206.2626728110599,-0.027247161
frame894,157.23041474654377,157.49769585253455,145.03225806451613,211.83870967741936,210.6267281105991,207.4331797235023,-0.027051598
frame895,157.16129032258064,157.36405529953916,144.76958525345623,210.23963133640552,209.00460829493088,206.2626728110599,-0.027271152
frame896,157.23041474654377,157.49769585253455,145.03225806451613,211.40552995391704,210.6267281105991,207.4331797235023,-0.02700749
frame897,157.16129032258064,157.36405529953916,144.76958525345623,210.23963133640552,209.00460829493088,206.2626728110599,-0.027172357
frame898,157.21198156682027,157.47926267281105,145.01382488479263,211.40552995391704,210.19354838709677,207.4331797235023,-0.026971668
frame899,157.10599078341014,157.41935483870967,145.04608294930875,210.70506912442397,209.70506912442397,206.38248847926266,-0.02727282
frame900,157.3963133640553,157.5483870967742,145.72811059907835,211.77880184331798,210.76958525345623,207.80184331797236,-0.027599484
frame901,157.34101382488478,157.44239631336404,144.5483870967742,210.1290322580645,209.11981566820276,206.1520737327189,-0.027062148
frame902,157.3963133640553,157.5483870967742,144.78801843317973,211.77880184331798,210.76958525345623,207.44239631336404,-0.026683182
frame903,157.34101382488478,157.44239631336404,144.5483870967742,209.74654377880185,209.03225806451613,205.76958525345623,-0.027093649
frame904,157.3963133640553,157.5483870967742,144.78801843317973,207.46543778801842,206.45622119815667,203.4884792626728,-0.028261423
frame905,157.3778801843318,157.4516129032258,144.59907834101384,206.8847926267281,205.87557603686636,202.9078341013825,-0.028135806
frame906,157.42396313364054,157.55760368663596,144.82488479262673,207.46543778801842,206.45622119815667,203.4884792626728,-0.02813682
frame907,156.76497695852535,156.83870967741936,143.98617511520737,206.8847926267281,205.87557603686636,202.9078341013825,-0.026917905
frame908,156.41013824884791,156.54377880184333,144.8110599078341,207.42396313364054,206.42396313364054,203.4331797235023,-0.027257472
frame909,155.3548387096774,155.4331797235023,142.57142857142858,207.00921658986175,205.99539170506912,203.00460829493088,-0.024108618
frame910,154.3778801843318,154.45622119815667,141.77880184331798,212.6221198156682,211.1889400921659,208.19815668202764,-0.019816309
frame911,153.46082949308754,153.05069124423963,140.4331797235023,211.5115207373272,210.50230414746545,207.1705069124424,-0.01950857
frame912,152.41935483870967,152.0552995391705,139.1705069124424,212.76497695852535,211.75115207373273,208.78341013824885,-0.023860842
frame913,151.35023041474653,150.96774193548387,138.0737327,211.52073732718895,210.5115207373272,207.53917050691246,-0.035350353
frame914,150.4700460829493,149.1152073732719,137.2258064516129,213.27649769585253,211.82488479262673,208.8709677419355,-0.059257478
frame915,148.69124423963135,147.40092165898616,135.50691244239633,211.5299539170507,210.16129032258064,207.55760368663596,-0.103702456
frame916,147.73271889400922,146.49769585253455,134.6082949308756,213.2626728110599,212.24884792626727,209.2811059907834,-0.144054562
frame949,155.1105991,155.89400921658986,144.90322580645162,197.7741935483871,196.30414746543778,193.8709677419355,0.083066657
frame950,155.95852534562212,156.87557603686636,145.8663594470046,198.46082949308754,197.19354838709677,194.50691244239633,0.011368662118911743
frame951,156.7557603686636,156.7557603686636,147.19354838709677,198.53917050691246,196.76036866359448,194.53917050691246,-0.012412727
frame952,156.20276497695852,156.1152073732719,147.65437788018434,201.78341013824885,199.78341013824885,197.78341013824885,-0.022557855
frame953,155.93548387096774,155.99078341013825,147.82488479262673,200.9078341013825,198.9078341013825,196.9078341013825,-0.02746591
frame954,156.54377880184333,156,147.44700460829492,202.91705069124424,201.08755760368663,198.91705069124424,-0.026019514
frame955,155.59447004608296,155.70506912442397,147.3548387096774,202.0184331797235,200.47465437788017,198.20276497695852,-0.026586324
frame956,155.6451612903226,155.82027649769586,147.34101382488478,201.21658986175115,199.8894009,197.67281105990784,-0.028774709
frame957,155.70506912442397,155.76958525345623,147.25345622119815,199.82027649769586,198.85253456221199,196.59447004608296,-0.030165493
frame958,155.73271889400922,156,147.3364055299539,200.5299539170507,199.56221198156683,197.34562211981566,-0.03080374
frame959,155.8894009,156.0921658986175,147.55760368663596,200.35023041474653,199.59907834101384,197.1705069124424,-0.031707972
frame960,156.0921658986175,156.40552995391704,147.77880184331798,200.67741935483872,199.90322580645162,197.51612903225808,-0.032598138
frame961,155.63133640552996,155.89861751152074,147.36405529953916,201.30875576036865,200.49308755760367,198,-0.032208145
frame962,155.83410138248848,156.17511520737327,147.49308755760367,206.3179723502304,205.50230414746545,202.8847926267281,-0.030915052
frame963,154.99078341013825,156.19354838709677,146.85714285714286,208.1705069124424,207.52534562211983,204.90322580645162,-0.029424161
frame964,154.40552995391704,156.58064516129033,147.02764976958525,208.70506912442397,208.00921658986175,205.38709677419354,-0.030054182
frame965,154.53456221198158,156.36405529953916,147.01382488479263,207.81566820276498,207.09677419354838,203.82488479262673,-0.031352818
frame966,154.33179723502303,156.6082949308756,147,207.76036866359448,207.34101382488478,204.3963133640553,-0.031760365
frame967,154.44700460829492,156.4700460829493,146.8894009,206.6635944700461,206.17972350230414,202.67281105990784,-0.032479405
frame968,154.3179723502304,156.6267281105991,146.88018433179724,207.1152073732719,206.69585253456222,203.75115207373273,-0.031895816
frame969,154.27649769585253,156.22119815668202,145.93548387096774,207.8663594470046,206.8294930875576,203.8894009,-0.0296655
frame970,154.05069124423963,156.4331797235023,146.69585253456222,213.93548387096774,212.90322580645162,209.9631336,-0.025483191
frame971,154.28571428571428,156.28571428571428,145.68663594470047,212.17972350230414,211.50230414746545,208.20276497695852,-0.025163621
frame972,154.09677419354838,156.46543778801842,146.7741935483871,213.93548387096774,212.90322580645162,209.9631336,-0.025190711
frame973,154.2626728110599,156.2442396313364,145.6082949308756,211.82027649769586,211.14285714285714,207.84331797235023,-0.025205255
frame974,154.08755760368663,156.4700460829493,145.81566820276498,213.06912442396313,212.0368664,209.09677419354838,-0.024744064
frame975,153.33179723502303,156.89861751152074,147.11981566820276,210.16129032258064,208.95852534562212,206.2073732718894,-0.027522862
frame976,152.93087557603687,157.09677419354838,147.17972350230414,211.35023041474653,210.16129032258064,207.38248847926266,-0.026803374
frame977,152.6082949308756,157.0368664,147.20276497695852,210.16129032258064,208.95852534562212,206.2073732718894,-0.027227253
frame978,153.40092165898616,157.08755760368663,147.19815668202764,211.35023041474653,210.16129032258064,207.38248847926266,-0.027433276
frame979,152.47926267281105,157.02764976958525,147.15668202764977,210.16129032258064,208.95852534562212,206.2073732718894,-0.027080923
frame980,153.38248847926266,157.12442396313364,147.29032258064515,211.36405529953916,210.16129032258064,207.38248847926266,-0.027554601
frame981,153.21658986175115,157.02764976958525,147.15668202764977,210.17972350230414,208.95852534562212,206.2073732718894,-0.02785188
frame982,153.38248847926266,157.12442396313364,147.29032258064515,211.35023041474653,210.16129032258064,207.38248847926266,-0.027434617
frame983,152.70506912442397,157.02764976958525,147.15668202764977,210.16129032258064,208.95852534562212,206.2073732718894,-0.027196497
frame984,152.93548387096774,157.12442396313364,147.29032258064515,211.35023041474653,210.16129032258064,207.38248847926266,-0.027023971
frame985,152.47926267281105,157.02764976958525,147.15668202764977,210.65898617511522,209.40092165898616,206.70506912442397,-0.026935846
frame986,153.38248847926266,157.12442396313364,147.29032258064515,211.80645161290323,210.5668202764977,207.83870967741936,-0.027494043
frame987,153.33179723502303,156.89861751152074,147.11981566820276,210.3917050691244,209.1290322580645,206.44239631336404,-0.027864933
frame988,153.4331797235023,156.97235023041475,146.91705069124424,211.7004608294931,210.44700460829492,207.7188940092166,-0.026944667
frame989,152.8663594470046,156.86175115207374,146.75115207373273,211.14746543778801,209.71428571428572,207.17972350230414,-0.026437819
frame990,152.94930875576037,156.9815668202765,146.51612903225808,212.15668202764977,210.76958525345623,208.18433179723502,-0.026047885
frame991,152.3963133640553,156.14285714285714,146.42857142857142,211.11981566820276,209.71428571428572,207.17972350230414,-0.025772989
frame992,152.89861751152074,157.02304147465438,146.57142857142858,212.15668202764977,210.76958525345623,208.18433179723502,-0.026793689
frame993,152.41013824884791,156.97235023041475,146.5115207373272,211.11981566820276,209.71428571428572,207.17972350230414,-0.027041078
frame994,153.3548387096774,157.04608294930875,146.48387096774192,212.16589861751152,210.77880184331798,208.20276497695852,-0.027350664
frame995,152.50691244239633,156.74193548387098,146.29032258064515,211.11981566820276,209.71428571428572,207.17972350230414,-0.026659369
frame996,153.3548387096774,157.04608294930875,146.48387096774192,212.16589861751152,210.77880184331798,208.20276497695852,-0.027217001
frame997,153.66820276497697,156.80184331797236,146.30414746543778,210.82488479262673,209.05990783410138,206.85253456221199,-0.027671695
frame998,153.55760368663596,156.11981566820276,146.50230414746545,212.14746543778801,210.77880184331798,208.20276497695852,-0.026028395
frame999,153.13824884792626,156.90322580645162,147.23502304147465,213.10599078341014,211.5299539170507,209.14746543778801,-0.026553541
frame1000,153.49769585253455,156.92165898617512,147.17972350230414,214.1336405529954,212.6267281105991,210.1889400921659,-0.026672155
frame1001,153.1290322580645,156.44239631336404,147.19815668202764,213.1152073732719,211.53917050691246,209.16589861751152,-0.026848793
frame1002,153.06451612903226,156.42857142857142,147.2258064516129,214.10599078341014,212.6267281105991,210.1889400921659,-0.026721805
frame1003,152.87557603686636,156.44239631336404,147.19815668202764,213.08294930875576,211.53917050691246,209.16589861751152,-0.02749446
frame1004,153.2073732718894,156.67281105990784,147.36866359447004,214.10599078341014,212.6267281105991,210.1889400921659,-0.027848661
frame1005,152.95852534562212,156.4147465437788,147.1705069124424,213.08294930875576,211.53917050691246,209.16589861751152,-0.02798906
frame1006,153.73271889400922,156.67281105990784,147.36866359447004,214.14746543778801,212.6267281105991,210.1889400921659,-0.028448701
frame1007,153.6820276497696,156.5483870967742,147.3778801843318,213.1152073732719,211.53917050691246,209.16589861751152,-0.028629273
frame1008,153.74654377880185,156.6267281105991,147.38248847926266,214.14746543778801,212.6267281105991,210.1889400921659,-0.027999252
frame1009,153.6820276497696,156.46082949308754,147.3778801843318,209.72811059907835,208.7188940092166,205.77880184331798,-0.029724926
frame1010,153.6451612903226,155.58064516129033,147.0921658986175,212.81566820276498,211.81566820276498,208.8709677419355,-0.026648402
frame1011,153.14746543778801,156.46082949308754,146.21198156682027,212.21658986175115,211.16589861751152,208.2258064516129,-0.026456386
frame1012,153.00921658986175,156.29493087557603,145.95391705069125,212.56221198156683,211.52073732718895,208.35944700460828,-0.026247978
frame1013,152.47465437788017,155.5299539170507,145.19815668202764,211.89861751152074,210.88018433179724,207.94009216589862,-0.025483906
frame1014,152.08755760368663,155.1152073732719,144.74193548387098,209.88018433179724,208.8663594470046,205.9078341013825,-0.026027799
frame1015,150.47465437788017,153.47465437788017,142.67741935483872,209.74193548387098,208.72350230414747,205.7741935483871,-0.0251607
frame1016,149.47926267281105,151.3917050691244,141.6221198156682,215.07834101382488,213.63133640552996,210.67281105990784,-0.033788055
frame1017,147.83410138248848,150.27188940092165,140.50691244239633,214.4147465437788,213.0368664,210.08755760368663,-0.051143378
frame1018,147.47926267281105,149.31336405529953,140.2626728110599,215.5115207373272,214.06451612903226,211.53917050691246,-0.078746378
frame1019,145.47465437788017,147.5299539170507,138.9815668202765,214.44239631336404,213.06451612903226,210.12442396313364,-0.118745923
frame1020,144.6082949308756,146.61290322580646,138.32258064516128,215.5852534562212,214.1336405529954,211.61290322580646,-0.152997583
frame1021,142.87557603686636,145.02304147465438,136.5115207373272,214.4331797235023,213.0552995391705,210.46543778801842,-0.138174951
frame1022,142.67281105990784,144.46082949308754,137.63133640552996,215.57142857142858,214.11981566820276,212.10138248847926,-0.042349815
frame1056,149.74193548387098,154.55760368663596,153.4884792626728,198.6082949308756,198.19815668202764,195.29032258064515,0.025755286
frame1057,150.2258064516129,155.1105991,152.22119815668202,196.72350230414747,195.40552995391704,193.58986175115209,-0.018989027
frame1058,150.97235023041475,155.46082949308754,153.08294930875576,198.3917050691244,197.44239631336404,194.67281105990784,-0.033776969
frame1059,149.7188940092166,154.44700460829492,153.06912442396313,201.05069124423963,199.10599078341014,197.40552995391704,-0.03507778
frame1060,149.93548387096774,154.9078341013825,153.32718894009216,201.85714285714286,199.87557603686636,197.85714285714286,-0.03795585
frame1061,150.08294930875576,154.9078341013825,153.55760368663596,203.47926267281105,201.5852534562212,200.0184331797235,-0.035084903
frame1062,149.95391705069125,154.50691244239633,153.80645161290323,202.0737327,200.68663594470047,198.5852534562212,-0.032268792
frame1063,149.24884792626727,154.44239631336404,153.41935483870967,201.32718894009216,199.8709677419355,197.76036866359448,-0.032240391
frame1064,149.73271889400922,154.53917050691246,153.81566820276498,201.68663594470047,200.68663594470047,198.5852534562212,-0.033047765
frame1065,149.2258064516129,154.57603686635946,153.5668202764977,206.91244239631337,205.7188940092166,203.29493087557603,-0.031377137
frame1066,149.86175115207374,154.76497695852535,153.81566820276498,206.99539170506912,206.0368664,203.5668202764977,-0.03333196
frame1067,149.93087557603687,154.77880184331798,153.28571428571428,206.16589861751152,205.38248847926266,203.0921658986175,-0.034557164
frame1068,149.57142857142858,154.2073732718894,153.06912442396313,206.75115207373273,205.91705069124424,203.5668202764977,-0.034729451
frame1069,149.2073732718894,154.10138248847926,153.04608294930875,206.73271889400922,205.67281105990784,203.80645161290323,-0.035574615
frame1070,149.2811059907834,154.24884792626727,153.52534562211983,206.57603686635946,205.51612903225808,203.51612903225808,-0.036950111
frame1071,149.09677419354838,154.2442396313364,153.40092165898616,205.7926267281106,204.73271889400922,202.7926267281106,-0.037708819
frame1072,149.33179723502303,154.65898617511522,153.25806451612902,206.02764976958525,205.02764976958525,203.02764976958525,-0.038220465
frame1073,148.91705069124424,154.6221198156682,153.08755760368663,207.47465437788017,206.4700460829493,204.50691244239633,-0.037670404
frame1074,149.82027649769586,153.73271889400922,152.74654377880185,211.17511520737327,209.52073732718895,207.23963133640552,-0.037302017
frame1075,149.6820276497696,153.59447004608296,152.58986175115209,209.89400921658986,208.2811059907834,205.96774193548387,-0.038163841
frame1076,149.8663594470046,153.74193548387098,151.7557603686636,210.9447004608295,209.57142857142858,207.29032258064515,-0.037979037
frame1077,149.6820276497696,153.59447004608296,152.58986175115209,209.89400921658986,208.2811059907834,205.96774193548387,-0.039056897
frame1078,149.9447004608295,153.9262673,153.47926267281105,211.2258064516129,209.57142857142858,207.29032258064515,-0.039735347
frame1079,150.7373271889401,154.80184331797236,153.3364055299539,210.30414746543778,209,206.9631336,-0.040226281
frame1080,150.96774193548387,154.95391705069125,153.50691244239633,212.58064516129033,211.32258064516128,208.84331797235023,-0.039427698
frame1081,150.83410138248848,154.8294930875576,153.36405529953916,211.76497695852535,211.05069124423963,208.42857142857142,-0.039172709
frame1082,150.97235023041475,154.95391705069125,153.50691244239633,217.6036866359447,216.61751152073734,214.11981566820276,-0.038165092
frame1083,150.83410138248848,154.8294930875576,153.36405529953916,217.1105991,216.15668202764977,213.5668202764977,-0.038857937
frame1084,150.97235023041475,154.95391705069125,153.50691244239633,219.08294930875576,218.10599078341014,215.5852534562212,-0.039225608
frame1085,150.24884792626727,154.95852534562212,153.93548387096774,219.01382488479263,217.67741935483872,215.44700460829492,-0.040190727
frame1086,149.9262673,154.7926267281106,152.90322580645162,221.9447004608295,220.05069124423963,217.96774193548387,-0.039825201
frame1087,149.6820276497696,154.64055299539172,153.65898617511522,220.44700460829492,219.0368664,217.0368664,-0.041571289
frame1088,149.79723502304148,154.7741935483871,152.7741935483871,222.49308755760367,221.01382488479263,219.50691244239633,-0.041431606
frame1089,149.7188940092166,154.64055299539172,153.65898617511522,221.6267281105991,220.21658986175115,218.23963133640552,-0.04286772
frame1090,149.73271889400922,154.70967741935485,153.05069124423963,217.8663594470046,216.82488479262673,214.82488479262673,-0.043414146
frame1091,149.2811059907834,154.50691244239633,153.81566820276498,217.57142857142858,215.6221198156682,214.54377880184333,-0.043716908
frame1092,149.15668202764977,154.54377880184333,153.6635944700461,216.94009216589862,215.91705069124424,214.84331797235023,-0.043666542
frame1093,149.08755760368663,154.41935483870967,154.27649769585253,217.57142857142858,216.5483870967742,214.54377880184333,-0.044039011
frame1094,148.95852534562212,154.27188940092165,154.3963133640553,217.6082949308756,216.58064516129033,214.5668202764977,-0.044245481
frame1095,148.82027649769586,154.1705069124424,154.08755760368663,219.27188940092165,217.31336405529953,215.30875576036865,-0.043515861
frame1096,148.96774193548387,154.2626728110599,153.1889400921659,219.50691244239633,216.59907834101384,215.52534562211983,-0.041883379
frame1097,148.8479262672811,154.0921658986175,153.54377880184333,219.33179723502303,217.3732718894009,215.3548387096774,-0.04124105
frame1098,148.30875576036865,154.56221198156683,154.35023041474653,215.57142857142858,213.94009216589862,211.8894009,-0.04333654
frame1099,147.7926267281106,153.93087557603687,154.15668202764977,214.7188940092166,212.7557603686636,211.13824884792626,-0.042727619
frame1100,148.17972350230414,153.84331797235023,153.65898617511522,215.8709677419355,213.92165898617512,211.8709677419355,-0.042317688
frame1101,148.08294930875576,153.73271889400922,154.19354838709677,214.7188940092166,212.7557603686636,211.13824884792626,-0.043176323
frame1102,148.17972350230414,153.97235023041475,153.46082949308754,215.8709677419355,213.92165898617512,211.8709677419355,-0.042237341
frame1103,147.36405529953916,153.72811059907835,153.82488479262673,214.7188940092166,212.7557603686636,211.13824884792626,-0.042161912
frame1104,147.6267281105991,153.67741935483872,153.27649769585253,215.8709677419355,213.92165898617512,211.8709677419355,-0.041338235
frame1105,147.54377880184333,153.57142857142858,153.9631336,214.7188940092166,212.7557603686636,211.13824884792626,-0.042271167
frame1106,147.80184331797236,153.77880184331798,154.19354838709677,215.8709677419355,213.92165898617512,212.21198156682027,-0.042378634
frame1107,147.59907834101384,153.95391705069125,153.9815668202765,214.7188940092166,213.17511520737327,211.17511520737327,-0.042536527
frame1108,147.57142857142858,154.28571428571428,154.02764976958525,215.8709677419355,214.2626728110599,212.21198156682027,-0.042188644
frame1109,147.59907834101384,154.21198156682027,153.9631336,214.7188940092166,213.17511520737327,211.13824884792626,-0.042874485
frame1110,147.03225806451613,155.21198156682027,154.94009216589862,216.44239631336404,214.8110599078341,212.44239631336404,-0.042672694
frame1111,146.59447004608296,154.8294930875576,154.81566820276498,214.4147465437788,212.80645161290323,210.72811059907835,-0.04305771
frame1112,147.04608294930875,154.03225806451613,154.40552995391704,215.52073732718895,213.57142857142858,211.52073732718895,-0.042535812
frame1113,146.6820276497696,153.80645161290323,154.2258064516129,214.4147465437788,212.49308755760367,210.4147465437788,-0.042543024
frame1114,147.0552995391705,154.1520737327189,154.08755760368663,214.9078341013825,212.95852534562212,210.9078341013825,-0.042622834
frame1115,146.80184331797236,154.42857142857142,154.27188940092165,213.86175115207374,212.25345622119815,209.86175115207374,-0.043045104
frame1116,146.4700460829493,153.55299539170508,154.13824884792626,214.9078341013825,213.2442396313364,210.9078341013825,-0.041871458
frame1117,145.91705069124424,152.6635944700461,153.38248847926266,216.3778801843318,214.9815668202765,213.09677419354838,-0.040109277
frame1118,145.20276497695852,151.85714285714286,152.55760368663596,217.3364055299539,215.87557603686636,213.6451612903226,-0.039293706
frame1119,143.91705069124424,150.5668202764977,151.3364055299539,215.18433179723502,213.78801843317973,211.51612903225808,-0.040430069
frame1120,143.20276497695852,149.76497695852535,150.53456221198158,215.78341013824885,214.80645161290323,212.57603686635946,-0.045579016
frame1121,141.71428571428572,148.36405529953916,149.1152073732719,217.5852534562212,216.58986175115209,214.0368664,-0.059428096
frame1122,139.34101382488478,146.85714285714286,147.38248847926266,220.85253456221199,219.85253456221199,217.00460829493088,-0.071837336
frame1123,137.76497695852535,145.68663594470047,146.2073732718894,228.8663594470046,227.86175115207374,226.65898617511522,-0.078052491
frame1124,137.1705069124424,144.08755760368663,145.69585253456222,231.59907834101384,230.69124423963135,229.66820276497697,-0.077725053
frame1125,135.9447004608295,142.51612903225808,144.56221198156683,228.6451612903226,227.41935483870967,226.0921658986175,-0.072319835
frame1126,135.1705069124424,141.7004608294931,142.69585253456222,231.6221198156682,230.7557603686636,229.36866359447004,-0.060612738
frame1127,133.97235023041475,140.50691244239633,141.5483870967742,232.59907834101384,231.90322580645162,230.0368664,-0.02421543
frame1128,133.16589861751152,139.67281105990784,140.67281105990784,235.28571428571428,234.7004608294931,233.05069124423963,0.048388481
frame1129,131.97235023041475,138.50691244239633,139.5483870967742,240.74193548387098,239.90322580645162,239.48387096774192,0.3003511130809784
frame1130,130.6635944700461,137.1705069124424,138.1705069124424,251.23963133640552,251.0184331797235,250.9078341013825,0.799038291
frame1131,129.23963133640552,135.7741935483871,137.81566820276498,255,255,255,1.1758694648742676
frame1132,128.1336405529954,134.67741935483872,136.81566820276498,255,255,255,1.6784992218017578
frame1133,126.76036866359448,133.32258064516128,135.5483870967742,255,255,255,2.3418610095977783
frame1134,126.33179723502305,134.0184331797235,136.19815668202764,255,255,255,2.796846389770508
frame1135,127.35483870967742,133.4884792626728,137.1705069124424,255,255,255,2.946885824203491
frame1136,129.8663594470046,134.6036866359447,139.12442396313364,242.2626728110599,241.9631336,241.42396313364054,2.9330434799194336
frame1137,130.18433179723502,136.08755760368663,139.66820276497697,160.98617511520737,158.9078341013825,155.43778801843317,3.099888324737549
frame1138,124.98617511520737,131.9262673,137.58064516129033,156.7741935483871,156.0552995391705,148.8709677419355,2.820050001144409
frame1139,125.81566820276498,133.33179723502303,138.24884792626727,220.1290322580645,219.07834101382488,218.13824884792626,2.588860511779785
frame1140,120.50691244239631,129.23502304147465,132.50691244239633,224.06451612903226,222.63133640552996,222.19815668202764,2.5974502563476562
frame1141,119.86635944700461,126.95852534562212,130.30414746543778,222.20276497695852,220.8294930875576,220.4147465437788,2.6358211040496826
frame1142,118.64516129032258,126.25345622119816,129.83870967741936,220.05069124423963,218.48387096774192,217.89861751152074,2.560750722885132
frame1143,119.53456221198157,127.08294930875576,130.7188940092166,213.05069124423963,211.83870967741936,211.12442396313364,2.461883068084717
frame1144,121.15668202764977,128.69585253456222,132.32718894009216,210.64055299539172,209.23041474654377,208.18433179723502,2.4446325302124023
frame1145,122.94930875576037,130.23502304147465,134.14746543778801,208.27188940092165,206.9262673,205.25806451612902,2.4105255603790283
frame1146,124.33640552995392,131.57142857142858,135.44239631336404,207.1290322580645,205.74654377880185,203.86175115207374,2.161148787
frame1147,125.61290322580645,133.00460829493088,136.89400921658986,203.80645161290323,202.5668202764977,200.72811059907835,1.6065412759780884
frame1148,126.98617511520737,134.6451612903226,138.24884792626727,202.97695852534562,201.95852534562212,199.41013824884791,1.2526593208312988
frame1149,127.04608294930875,136.2442396313364,138.50691244239633,201.4884792626728,200.3732718894009,197.4884792626728,1.0709021091461182
frame1150,127.72811059907833,137.59447004608296,139.30414746543778,204.1889400921659,202.70506912442397,200.6221198156682,1.0187528133392334
frame1151,129.02764976958525,138.70506912442397,140.55760368663596,202.92165898617512,201.56221198156683,199.1336405529954,1.0227752923965454
frame1152,130.82027649769586,140.6221198156682,142.3732718894009,203.32258064516128,201.93548387096774,199.52534562211983,1.0338960886001587
frame1153,131.59907834101384,141.6036866359447,143.14746543778801,201.55760368663596,200.6635944700461,198.10138248847926,1.0361171960830688
frame1154,133.14285714285714,143.48387096774192,144.5299539170507,202.0368664,201.0368664,198.6267281105991,1.0324511528015137
frame1155,133.90322580645162,143.76958525345623,145.38709677419354,200.38248847926266,198.8479262672811,197.46082949308754,1.0395898818969727
frame1156,135.5483870967742,145.6267281105991,146.93548387096774,200.88018433179724,199.41013824884791,197.93087557603687,1.0299217700958252
frame1157,137.34562211981566,147.9262673,148.75115207373273,199.74193548387098,198.76958525345623,196.74193548387098,1.0486090183258057
frame1158,138.23963133640552,149.18433179723502,149.25806451612902,199.7926267281106,198.83410138248848,196.76958525345623,1.050546646118164
frame1159,138.90322580645162,149.46082949308754,148.64055299539172,199.7004608294931,198.78341013824885,196.17511520737327,1.0139694213867188
frame1160,139.14285714285714,149.61751152073734,149.18433179723502,201.10138248847926,200.57603686635946,197.10138248847926,0.9936126470565796
frame1161,139.40092165898616,147.78341013824885,150.96774193548387,200.6635944700461,198.7926267281106,196.6635944700461,0.9672549962997437
frame1162,139.06451612903226,148.74193548387098,150.82488479262673,202.63594470046084,200.63594470046084,198.63594470046084,0.9255497455596924
frame1163,139.19354838709677,148.54377880184333,150.94009216589862,201.71428571428572,199.71428571428572,197.71428571428572,0.8302494287490845
frame1164,139.47465437788017,148.90322580645162,151.04147465437788,201.63594470046084,199.63594470046084,197.63594470046084,0.6112280488014221
frame1165,139.57142857142858,148.8709677419355,151.2073732718894,201.65898617511522,199.88018433179724,197.65898617511522,0.2574976682662964
frame1236,121.06451612903226,132.55760368663596,135.47465437788017,253.73271889400922,253.63133640552996,253.58064516129033,1.5059248208999634
frame1237,119.98617511520737,131.36405529953916,134.66820276497697,255,255,255,1.853981614112854
frame1238,119.85253456221199,130.8294930875576,134.97695852534562,255,255,255,2.346928119659424
frame1239,121.82949308755761,130.69124423963135,135.44700460829492,255,255,255,2.742197036743164
frame1240,128.32258064516128,135.17972350230414,140.2073732718894,254.89400921658986,254.89400921658986,254.87557603686636,2.9075634479522705
frame1241,119.3410138248848,131,136.6820276497696,155.94009216589862,155.4147465437788,148.7741935483871,3.031411886
frame1242,122.13824884792626,131.3963133640553,138.47465437788017,201.11981566820276,199.70967741935485,198.94930875576037,2.9502556324005127
frame1243,117.80184331797236,128.6036866359447,134.74193548387098,222.0368664,220.19354838709677,220.19354838709677,2.9896867275238037
frame1244,113.9447004608295,125.55760368663594,129.89861751152074,224.02304147465438,222.0737327,221.64055299539172,2.9973232746124268
frame1245,115.04147465437788,126.65437788018433,130.92165898617512,221.42396313364054,219.52534562211983,219.0921658986175,2.9962270259857178
frame1246,115.77880184331798,127.66359447004608,131.64976958525347,213.70967741935485,211.94930875576037,211.70967741935485,2.9860687255859375
frame1247,115.85253456221199,127.64976958525345,132.36405529953916,211.48387096774192,209.83410138248848,208.83410138248848,2.965472459793091
frame1248,117.93548387096774,129.5852534562212,134.05990783410138,209.18433179723502,207.83410138248848,206.42857142857142,2.933927059173584
frame1249,118.98617511520737,130.46082949308754,134.93548387096774,203.6082949308756,202.50691244239633,200.50691244239633,2.923733711242676
frame1250,120.07373271889401,131.52073732718895,136.08755760368663,202.45622119815667,201.3963133640553,198.89400921658986,2.901167869567871
frame1251,121.8110599078341,132.9262673,137.61290322580646,201.7188940092166,200.65898617511522,197.7188940092166,2.8132126331329346
frame1252,123.2442396313364,134.49769585253455,138.94930875576037,201.94009216589862,200.88018433179724,197.94009216589862,2.723952054977417
frame1253,124.08755760368663,135.38709677419354,139.79723502304148,201.59907834101384,200.59907834101384,197.65898617511522,2.5803842544555664
frame1254,125.5668202764977,137.61290322580646,141.91705069124424,201.82027649769586,200.82027649769586,197.88018433179724,2.3155534267425537
frame1255,126.40092165898618,137.55760368663596,142.85253456221199,200.59907834101384,199.65898617511522,196.7188940092166,2.0057690143585205
frame1256,127.61751152073732,138.7926267281106,143.38248847926266,200.82027649769586,199.82027649769586,196.94009216589862,1.737840175628662
frame1257,129.3778801843318,140.1105991,143.66820276497697,200.53917050691246,199.59907834101384,196.65898617511522,1.5053272247314453
frame1258,131.09677419354838,141.90322580645162,145.0184331797235,199.76958525345623,198.76958525345623,196.3917050691244,1.433229923248291
frame1259,132.63133640552996,143.17511520737327,146.90322580645162,197.56221198156683,196.92165898617512,193.63594470046084,1.6335294246673584
frame1260,133.36405529953916,144.07834101382488,147.67281105990784,198.02304147465438,196.55299539170508,194.1152073732719,1.0745887756347656
frame1261,135.13824884792626,145.73271889400922,149.58986175115209,197.23963133640552,196.5115207373272,193.23963133640552,1.0984630584716797
frame1262,135.95852534562212,146.29032258064515,150.1152073732719,200.7373271889401,199.23041474654377,196.7373271889401,1.0600591897964478
frame1263,137.06912442396313,146.38709677419354,150.5668202764977,201.27649769585253,199.27649769585253,197.27649769585253,1.0217912197113037
frame1264,137.85714285714286,146.7373271889401,150.67281105990784,202.2811059907834,200.5299539170507,198.34101382488478,1.0246530771255493
frame1265,138.15668202764977,146.94930875576037,151.50691244239633,200.13824884792626,199.19815668202764,196.29493087557603,1.0082283020019531
frame1266,138.25806451612902,146.87557603686636,151.1290322580645,203.63133640552996,202.69124423963135,200.19815668202764,1.002449870109558
frame1267,138.78801843317973,146.95852534562212,151.6820276497696,203.6820276497696,202.9815668202765,199.74193548387098,0.9732202291488647
frame1268,138.08755760368663,147.25806451612902,151.57603686635946,204.9815668202765,204.21658986175115,200.80184331797236,0.9293924570083618
frame1269,137.59447004608296,146.8294930875576,151.4147465437788,202.75115207373273,201.55760368663596,198.6451612903226,0.8198800086975098
frame1270,137.65437788018434,146.9815668202765,151.14285714285714,207.25806451612902,206.77880184331798,203.2811059907834,0.5941070318222046
frame1271,135.97235023041475,148.34562211981566,151.1520737327189,203.9262673,202.90322580645162,199.97695852534562,0.2565210163593292
frame1395,136.55760368663596,146.93087557603687,150.94930875576037,212.45622119815667,210.52073732718895,208.47465437788017,0.6183977723121643
frame1396,136.9815668202765,146.99539170506912,151.24884792626727,213.43778801843317,211.50691244239633,209.48387096774192,0.8634306192398071
frame1397,136.3778801843318,146.66820276497697,150.7741935483871,212.45622119815667,210.52073732718895,208.47465437788017,0.862681508
frame1398,136.9815668202765,146.99539170506912,151.24884792626727,213.43778801843317,211.50691244239633,209.48387096774192,0.9163249731063843
frame1399,136.3778801843318,146.66820276497697,150.7741935483871,212.43778801843317,210.52073732718895,208.47465437788017,0.9383043050765991
frame1400,136.9815668202765,146.99539170506912,151.24884792626727,213.43778801843317,211.50691244239633,209.48387096774192,0.9423662424087524
frame1401,136.3778801843318,146.66820276497697,150.7741935483871,212.45622119815667,210.52073732718895,208.47465437788017,0.9443677663803101
frame1402,137.0184331797235,147.06451612903226,151.29493087557603,213.43778801843317,211.50691244239633,209.48387096774192,0.944460392
frame1403,136.40552995391704,146.72350230414747,150.8110599078341,212.43778801843317,210.52073732718895,208.47465437788017,0.9483728408813477
frame1404,136.2073732718894,147.19354838709677,151.18433179723502,213.49308755760367,211.56221198156683,209.52534562211983,0.9525905847549438
frame1405,135.67741935483872,147.06451612903226,150.7926267281106,211.66820276497697,209.8294930875576,207.72350230414747,0.9528467655181885
frame1406,136.42857142857142,147.4700460829493,151.36405529953916,212.8709677419355,211,208.8847926267281,0.9502676725387573
frame1407,135.89861751152074,147.17511520737327,151,211.66820276497697,209.8294930875576,207.72350230414747,0.9493379592895508
frame1408,136.42857142857142,147.4700460829493,151.36405529953916,212.80184331797236,211,208.8847926267281,0.9497585296630859
frame1409,135.89861751152074,147.17511520737327,151,211.66820276497697,209.8294930875576,207.72350230414747,0.9502066373825073
frame1410,136.42857142857142,147.4700460829493,151.36405529953916,212.80184331797236,211,208.91705069124424,0.9499008655548096
frame1411,135.89861751152074,147.17511520737327,151,211.66820276497697,209.8294930875576,207.72350230414747,0.9504072666168213
frame1412,136.73271889400922,147.29493087557603,151.30875576036865,212.8709677419355,211,208.91705069124424,0.9491870403289795
frame1413,136.2073732718894,147.00460829493088,150.94930875576037,211.66820276497697,209.8294930875576,207.72350230414747,0.948840857
frame1414,136.73271889400922,147.29493087557603,151.30875576036865,212.8709677419355,211,208.91705069124424,0.9489805698394775
frame1415,136.2073732718894,147.00460829493088,150.94930875576037,211.66820276497697,209.8294930875576,207.72350230414747,0.949272633
frame1416,136.69124423963135,147.43778801843317,151.5115207373272,213.5115207373272,211.56221198156683,209.53917050691246,0.9490175247192383
frame1417,136.2258064516129,146.8294930875576,150.8294930875576,212.46543778801842,210.5299539170507,208.48387096774192,0.9500831365585327
frame1418,136.73271889400922,147.0368664,151.13824884792626,213.49308755760367,211.56221198156683,209.53917050691246,0.9504364728927612
frame1419,136.45622119815667,147.21658986175115,151.05069124423963,212.43778801843317,210.52073732718895,208.47465437788017,0.9499362707138062
frame1420,137.19815668202764,147.57603686635946,151.81566820276498,213.49308755760367,211.56221198156683,209.53917050691246,0.9475116729736328
frame1421,136.70506912442397,147.36405529953916,151.52073732718895,212.46543778801842,210.5299539170507,208.48387096774192,0.9465440511703491
frame1422,137.49308755760367,147.80184331797236,152.00460829493088,213.5115207373272,211.56221198156683,209.53917050691246,0.943631649
frame1423,136.35023041474653,147.47926267281105,152.17972350230414,213.05069124423963,211.1152073732719,209.06912442396313,0.9434491395950317
frame1424,137.46543778801842,147.8110599078341,152.56221198156683,213.4700460829493,211.52073732718895,209.49769585253455,0.9372631311416626
frame1425,136.93548387096774,147.5668202764977,152.6267281105991,213.05069124423963,211.1152073732719,209.06912442396313,0.9318630695343018
frame1426,137.48387096774192,147.8294930875576,152.8110599078341,214,212.05069124423963,210.02764976958525,0.9232355356216431
frame1427,135.9447004608295,146.53456221198158,151.58986175115209,213.02304147465438,211.08755760368663,209.04147465437788,0.9207762479782104
frame1428,134.84331797235023,145.85253456221199,150.23041474654377,213.71428571428572,211.7926267281106,209.76497695852535,0.9280725717544556
frame1429,133.2626728110599,144.45622119815667,148.78801843317973,212.85714285714286,210.94930875576037,208.90322580645162,0.9375840425491333
frame1430,132.41013824884791,143.21658986175115,147.50691244239633,213.73271889400922,211.8110599078341,209.78341013824885,0.9495556354522705
frame1431,130.57603686635946,141.93548387096774,145.8479262672811,212.8479262672811,210.94009216589862,208.89400921658986,0.9613975286483765
frame1432,129.76497695852535,140.89861751152074,144.57142857142858,213.78341013824885,211.84331797235023,209.81566820276498,0.9718142747879028
frame1433,128.27649769585253,139.78341013824885,143.42396313364054,213.4700460829493,212.1105991,209.49769585253455,0.9783045053482056
frame1434,127.71428571428571,138.8479262672811,142.52073732718895,213.77880184331798,211.85714285714286,209.8294930875576,0.9837428331375122
frame1435,126.05069124423963,137.8294930875576,141.06451612903226,213.2442396313364,211.69585253456222,209.29032258064515,0.9904414415359497
frame1436,125.52995391705069,136.91244239631337,140.2258064516129,230.5852534562212,229.5299539170507,227.94930875576037,1.0092053413391113
frame1437,124.49769585253456,136.30875576036865,138.67741935483872,228.26728110599078,227.04608294930875,225.72350230414747,1.030550479888916
frame1438,123.30875576036867,134.75115207373273,137.29032258064515,230.79723502304148,229.72350230414747,228.57603686635946,1.0999618768692017
frame1439,121.93548387096774,133.35023041474653,136.29032258064515,233.86175115207374,233.22119815668202,231.94009216589862,1.2037827968597412
frame1440,120.26728110599079,132.18433179723502,138.02304147465438,244.85714285714286,244.20276497695852,243.5483870967742,1.376212477684021
frame1441,118.66359447004608,130.97695852534562,136.68663594470047,245.87557603686636,245.26728110599078,244.65898617511522,1.6869524717330933
frame1442,117.92165898617512,130.08294930875576,136.16129032258064,255,255,255,2.0847678184509277
frame1443,116.89400921658986,129.0737327,135.2073732718894,255,255,255,2.5599606037139893
frame1444,117.33640552995392,129.49308755760367,134.65898617511522,255,255,255,2.865949869155884
frame1445,123.97235023041475,131.9815668202765,137.8894009,255,255,255,2.9686837196350098
frame1446,122.61751152073732,134.31336405529953,140.49769585253455,216.46543778801842,215.63133640552996,213.8709677419355,2.91374135
frame1447,119.55299539170507,130.44700460829492,137.09677419354838,164.1889400921659,163.2073732718894,158.48387096774192,2.9282913208007812
frame1448,120.55760368663594,129.82027649769586,135.7373271889401,221.16129032258064,219.91705069124424,219.1336405529954,2.9477310180664062
frame1449,114.12442396313364,124.77880184331798,128.2258064516129,222.23041474654377,220.87557603686636,220.19815668202764,2.9889044761657715
frame1450,112.93087557603687,124.76958525345623,128.2258064516129,222.09677419354838,220.65898617511522,220.00921658986175,2.996255397796631
frame1451,113.84331797235023,125.46082949308756,128.91244239631337,218.7741935483871,217.1705069124424,216.06451612903226,3.0239405632019043
frame1452,115.63594470046083,126.88940092165899,130.74654377880185,216.23963133640552,214.52534562211983,212.57603686635946,3.041856527328491
frame1453,117.02764976958525,128.40092165898616,132.00921658986175,209.72350230414747,208.48387096774192,206.72350230414747,3.026036262512207
frame1454,119.10599078341014,129.76958525345623,134.64055299539172,205.52534562211983,204.0921658986175,202.49308755760367,2.978195905685425
frame1455,120.34562211981567,131.17511520737327,135.75115207373273,203.93548387096774,202.67281105990784,200.8847926267281,2.948659896850586
frame1456,121.94930875576037,132.58986175115209,137.47465437788017,202.2811059907834,201.2442396313364,198.3179723502304,2.8512799739837646
frame1457,122.57142857142857,133.76958525345623,138.52073732718895,201.53456221198158,200.47465437788017,197.59447004608296,2.784830331802368
frame1458,124.60829493087557,135.29493087557603,140.34562211981566,201.21658986175115,200.21658986175115,197.3364055299539,2.6619491577148438
frame1459,125.29493087557604,136.2073732718894,141.2442396313364,200.9815668202765,199.9815668202765,197.10138248847926,2.462383508682251
frame1460,127.47004608294931,137.41935483870967,142.82027649769586,201.21658986175115,200.21658986175115,197.3364055299539,2.1816763877868652
frame1461,128.38248847926266,138.8663594470046,144.22119815668202,200.1152073732719,199.1152073732719,196.66820276497697,1.8573518991470337
frame1462,130.94009216589862,140.1705069124424,145.14285714285714,199.2626728110599,198.48387096774192,196.2626728110599,1.490067481994629
frame1463,130.80184331797236,141.24884792626727,146.30875576036865,199.5483870967742,198.5483870967742,196.04147465437788,1.2974920272827148
frame1464,132.38248847926266,142.22119815668202,146.58986175115209,198.32258064516128,196.9631336,194.38248847926266,1.2107781171798706
frame1465,134.0921658986175,143.61290322580646,148.40092165898616,198.16129032258064,196.96774193548387,194.16129032258064,1.1940028667449951
frame1466,135.2258064516129,145.32718894009216,149.46082949308754,197.1290322580645,195.26728110599078,193.1290322580645,1.0794695615768433
frame1467,135.70967741935485,145.7926267281106,150.05069124423963,196.80645161290323,194.92165898617512,192.80645161290323,1.052424669265747
frame1468,136.71428571428572,146.72350230414747,150.90322580645162,199.76958525345623,198.03225806451613,195.76958525345623,1.0210102796554565
frame1469,136.2442396313364,146.4700460829493,150.49308755760367,201.49308755760367,199.6082949308756,197.5483870967742,1.0330891609191895
frame1470,137.02764976958525,147.03225806451613,151.17511520737327,202.24884792626727,200.6451612903226,198.20276497695852,1.0308326482772827
frame1471,136.76036866359448,147.3732718894009,151.36405529953916,201.22119815668202,200.00921658986175,197.75115207373273,1.0144950151443481
frame1472,137.04608294930875,147.64055299539172,151.72811059907835,202.98617511520737,202.07834101382488,198.99078341013825,0.9919638633728027
frame1473,136.96774193548387,147.58986175115209,151.6036866359447,202.1290322580645,201.2073732718894,198.1336405529954,0.9449979066848755
frame1474,137.49308755760367,147.68663594470047,151.82488479262673,202.16589861751152,201.22119815668202,198.93087557603687,0.8446035385131836
frame1475,136.94009216589862,147.48387096774192,151.44239631336404,201.34562211981566,200.40552995391704,198.19815668202764,0.5778683423995972
frame1476,137.4331797235023,148.06451612903226,152.17511520737327,202.1105991,201.1705069124424,198.1152073732719,0.18214961886405945
frame1537,130.90322580645162,140.93548387096774,143.7926267281106,215.02304147465438,213.05990783410138,211.04147465437788,0.098214835
frame1538,130.6267281105991,139.5299539170507,142.02304147465438,216.8663594470046,215.49769585253455,212.8663594470046,0.24848653376102448
frame1539,128.97695852534562,138.1889400921659,140.48387096774192,216.09677419354838,214.12442396313364,211.5852534562212,0.4584130346775055
frame1540,128.53917050691246,137.54377880184333,139.8709677419355,236.87557603686636,236.18433179723502,235.14285714285714,0.7428373098373413
frame1541,126.74654377880184,136.29032258064515,138.59447004608296,234.9078341013825,233.92165898617512,232.93548387096774,0.9337027072906494
frame1542,125.68663594470046,135.05990783410138,137.27649769585253,241.29493087557603,240.84331797235023,240.05990783410138,1.1009526252746582
frame1543,124.14285714285714,133.80184331797236,136.9631336,240.14285714285714,239.18433179723502,238.2258064516129,1.2659770250320435
frame1544,123.04608294930875,132.41935483870967,135.63594470046084,252.46082949308754,252.28571428571428,252.1105991,1.4608348608016968
frame1545,121.12903225806451,130.82488479262673,133.98617511520737,255,255,255,1.7728630304336548
frame1546,120.79723502304148,130.19354838709677,133.4147465437788,255,255,255,2.2484264373779297
frame1547,119.52073732718894,129.09677419354838,132.19354838709677,255,255,255,2.7176759243011475
frame1548,122.50691244239631,131.59907834101384,134.97235023041475,255,255,255,2.9157543182373047
frame1549,126.72811059907833,135.23041474654377,139.97695852534562,243.7741935483871,243.45622119815667,243.2073732718894,2.964221954345703
frame1550,121.12903225806451,130.5852534562212,137.8663594470046,155.00460829493088,154.00921658986175,146.70506912442397,3.1044912338256836
frame1551,121.93087557603687,130.8847926267281,138.32718894009216,211.06451612903226,210.16589861751152,208.63594470046084,3.0002198219299316
frame1552,116.26728110599079,125.94009216589862,130.16129032258064,221.89861751152074,220.41013824884791,219.89861751152074,3.029247283935547
frame1553,114.3041474654378,125.23502304147465,129.7741935483871,218.82027649769586,216.82027649769586,216.82027649769586,3.0226664543151855
frame1554,116.17050691244239,126.48847926267281,131.53917050691246,219.3179723502304,217.63594470046084,217.27649769585253,2.998048782348633
frame1555,116.15207373271889,126.88018433179724,131.23963133640552,216.41013824884791,214.84331797235023,213.97695852534562,2.9669878482818604
frame1556,118.69124423963133,128.7741935483871,133.49308755760367,213.03225806451613,211.25806451612902,209.48387096774192,2.9083502292633057
frame1557,119.44239631336406,129.8479262672811,135.0737327,209.06912442396313,207.5852534562212,205.76036866359448,2.871242046356201
frame1558,121.01382488479263,130.84331797235023,136.2258064516129,204.8709677419355,203.67741935483872,201.78801843317973,2.787156581878662
frame1559,122.08755760368663,131.55760368663596,135.93548387096774,202.89400921658986,201.89400921658986,199.89400921658986,2.663679838180542
frame1560,124.19354838709677,132.70967741935485,137.19354838709677,202.74193548387098,201.74193548387098,199.74193548387098,2.3975331783294678
frame1561,125.14285714285714,133.9078341013825,138.23502304147465,202.52073732718895,201.52073732718895,199.02764976958525,2.069237470626831
frame1562,127.2258064516129,135.76497695852535,139.97235023041475,202.32258064516128,201.32258064516128,198.32258064516128,1.6509524583816528
frame1563,128.04608294930875,136.89400921658986,140.74193548387098,201.52073732718895,200.52073732718895,197.52073732718895,1.2511627674102783
frame1564,129.52073732718895,139.19354838709677,144.2811059907834,199.32258064516128,198.90322580645162,196.38248847926266,1.0833719968795776
frame1565,130.91244239631337,140.43778801843317,145.58064516129033,199.43778801843317,198.43778801843317,196.00460829493088,1.0269078016281128
frame1566,133.05069124423963,141.71428571428572,146.99539170506912,198.90322580645162,197.54377880184333,195.9631336,1.015631079673767
frame1567,133.94009216589862,142.6267281105991,147.91244239631337,198.80645161290323,197.58986175115209,195.92165898617512,1.0317615270614624
frame1568,136.5852534562212,145.08294930875576,150.13824884792626,198.21198156682027,197.01382488479263,195.16129032258064,1.050612211227417
frame1569,137.17511520737327,145.73271889400922,150.7004608294931,198.71428571428572,197.4147465437788,195.65437788018434,1.0568970441818237
frame1570,139.88018433179724,147.99078341013825,153.25345622119815,204.16129032258064,202.29493087557603,200.74654377880185,1.024424672
frame1571,141.2073732718894,149.14746543778801,154.3963133640553,203.5483870967742,201.71428571428572,200.4884792626728,0.9828721284866333
frame1572,142.50230414746545,151.17511520737327,155.67741935483872,208.95852534562212,207.0737327,205.16129032258064,0.9366040229797363
frame1573,143.92165898617512,151.94009216589862,156.2442396313364,210.1152073732719,208.20276497695852,206.23041474654377,0.8710067272186279
frame1574,144.7926267281106,153.97695852534562,157.5483870967742,216.29493087557603,215.23502304147465,213.23502304147465,0.6956607103347778
frame1575,144.4700460829493,154.90322580645162,158.43778801843317,225.10138248847926,223.1290322580645,221.16129032258064,0.4537384510040283
frame1576,144.04147465437788,156.70506912442397,158.9078341013825,228.8479262672811,227.1290322580645,225.29493087557603,0.13717621564865112
frame1577,143.41013824884791,156.58064516129033,158.73271889400922,228.53456221198158,227.38709677419354,225.3963133640553,0.001394987
frame1578,143.7741935483871,156.58986175115209,158.68663594470047,231.23041474654377,229.67741935483872,228.63594470046084,-0.033312559
frame1579,144.00460829493088,156.2442396313364,159.42857142857142,224.67741935483872,223.34562211981566,221.00921658986175,-0.04695949
frame1580,143.58986175115209,156.29032258064515,159.2258064516129,227.31336405529953,225.75115207373273,223.31336405529953,-0.050199986
frame1644,124.63594470046083,136.98617511520737,139.93548387096774,238.25345622119815,237.64055299539172,236.78341013824885,0.927702785
frame1645,123.21198156682027,135.85253456221199,138.63133640552996,235.42857142857142,234.70967741935485,233.72350230414747,1.0438282489776611
frame1646,122.42396313364056,134.8663594470046,137.7557603686636,246.5668202764977,246.28571428571428,245.44239631336404,1.1979094743728638
frame1647,120.71428571428571,133.65898617511522,136.14285714285714,245.3778801843318,245.04608294930875,244.38248847926266,1.4714102745056152
frame1648,121.2442396313364,132.2811059907834,136.6451612903226,255,255,255,1.9105229377746582
frame1649,120,131.02304147465438,135.1290322580645,255,255,255,2.4379594326019287
frame1650,118.92165898617512,130.38709677419354,135.78801843317973,255,255,255,2.8162951469421387
frame1651,120.47004608294931,130.00460829493088,134.59447004608296,255,255,255,2.9383530616760254
frame1652,127.12442396313364,134.3963133640553,140.1105991,253.47465437788017,253.36866359447004,253.21198156682027,2.964561700820923
frame1653,119.79723502304148,128.7741935483871,134.46543778801842,186.67281105990784,186.1336405529954,182.36405529953916,2.880734920501709
frame1654,118.8110599078341,127.9447004608295,132.2442396313364,231.7926267281106,231.16589861751152,230.53917050691246,2.962052822113037
frame1655,111.81566820276498,124.03225806451613,127.4147465437788,231.32718894009216,230.67281105990784,229.8294930875576,2.971841812133789
frame1656,112.59907834101382,124.51152073732719,127.78801843317973,224.7373271889401,223.93087557603687,222.7926267281106,3.0058083534240723
frame1657,113.52534562211981,125.13824884792626,128.7373271889401,217.23502304147465,216.23502304147465,214.23502304147465,3.0320236682891846
frame1658,116.3778801843318,126.7741935483871,130.10599078341014,217.68663594470047,216.32718894009216,214.68663594470047,3.020834208
frame1659,116.82027649769586,127.5852534562212,131.56221198156683,208.1336405529954,206.59447004608296,205.1336405529954,2.9988720417022705
frame1660,117.23502304147465,129.17972350230414,132.64055299539172,207.07834101382488,205.4700460829493,203.7188940092166,2.989269733428955
frame1661,119.41935483870968,129.0737327,133.3917050691244,202.78341013824885,201.67281105990784,199.19354838709677,2.9803576469421387
frame1662,120.81566820276498,130.76958525345623,134.63594470046084,203.23502304147465,202.15668202764977,199.2626728110599,2.9660675525665283
frame1663,122.42857142857143,131.82488479262673,135.77880184331798,199.91705069124424,198.67741935483872,195.9447004608295,2.8945491313934326
frame1664,123.93548387096774,133.00921658986175,136.78801843317973,199.91244239631337,198.7004608294931,196,2.829638719558716
frame1665,124.6036866359447,133.5299539170507,137.41013824884791,198.6635944700461,197.50691244239633,194.80645161290323,2.741731882095337
frame1666,126.57603686635944,135.30875576036865,139.2811059907834,197.44239631336404,196.4331797235023,193.79723502304148,2.557342290878296
frame1667,127.91705069124424,136.36405529953916,140.4700460829493,195.2258064516129,194.20276497695852,191.6820276497696,2.156219244003296
frame1668,129.09677419354838,137.48387096774192,141.59907834101384,197.23041474654377,196.19815668202764,193.6036866359447,1.6822153329849243
frame1669,129.7188940092166,138.16589861751152,142.16589861751152,196.3963133640553,195.3778801843318,192.83870967741936,1.2963966131210327
frame1670,132.14285714285714,140.35023041474653,144.3963133640553,197.56221198156683,196.53917050691246,193.91244239631337,1.092612862586975
frame1671,132.1290322580645,141.55760368663596,145.06912442396313,196.24884792626727,195.24884792626727,192.72811059907835,1.0507210493087769
frame1672,133.57603686635946,143.16589861751152,146.5483870967742,197.2442396313364,196.2442396313364,193.64055299539172,1.0423089265823364
frame1673,134.49769585253455,143.85714285714286,148.19815668202764,196.93548387096774,195.89400921658986,193.3732718894009,1.0521031618118286
frame1674,134.59447004608296,144.2258064516129,148.59447004608296,197.8294930875576,196.80184331797236,194.19354838709677,1.0831564664840698
frame1675,135.03225806451613,144.23963133640552,148.76958525345623,199.93548387096774,199.03225806451613,196.03225806451613,1.0658811330795288
frame1676,134.7741935483871,144.50691244239633,148.8294930875576,200.44700460829492,199.44700460829492,196.50230414746545,1.048454761505127
frame1677,135.00460829493088,144.52073732718895,149.06451612903226,204.9631336,203.5115207373272,200.5668202764977,1.0534132719039917
frame1678,135.2811059907834,144.7188940092166,149.19815668202764,205.76958525345623,204.23041474654377,201.8110599078341,1.0513452291488647
frame1679,135.47926267281105,144.78801843317973,149.4331797235023,205.1290322580645,203.65898617511522,200.75115207373273,1.0442639589309692
frame1680,136.02764976958525,145.25345622119815,149.81566820276498,205.8110599078341,204.26728110599078,201.85253456221199,1.0386215448379517
frame1681,135.94930875576037,144.9631336,149.49308755760367,205.00460829493088,203.5483870967742,200.61290322580646,1.0110963582992554
frame1682,136.16589861751152,145.15668202764977,149.7373271889401,205.8110599078341,204.26728110599078,201.85253456221199,0.9811270236968994
frame1683,136.41013824884791,145.24884792626727,149.92165898617512,204.95391705069125,203.50230414746545,200.57142857142858,0.9543341398239136
frame1684,136.29493087557603,145.30875576036865,150.00460829493088,205.70967741935485,204.17511520737327,201.76036866359448,0.9299468994140625
frame1685,135.93087557603687,146.28571428571428,150.05990783410138,205.21198156682027,203.70506912442397,200.78801843317973,0.9047733545303345
frame1686,136.0921658986175,146.44239631336404,150.36405529953916,206.04608294930875,204.4516129032258,201.69124423963135,0.8776242733001709
frame1687,135.97235023041475,146.18433179723502,150.29032258064515,205.1290322580645,203.63133640552996,200.69585253456222,0.8341273069381714
frame1688,136.38709677419354,146.40552995391704,150.6221198156682,207.10138248847926,205.38248847926266,203.11981566820276,0.7398194074630737
frame1689,135.69585253456222,145.93087557603687,150.09677419354838,206.23963133640552,204.6036866359447,202.25806451612902,0.4626952111721039
frame1690,136.1105991,146.16129032258064,149.8847926267281,207.2258064516129,205.49308755760367,203.2442396313364,0.10363459587097168
frame1691,135.3778801843318,145.6267281105991,149.2258064516129,206.23963133640552,204.6036866359447,202.2442396313364,0.060777158
frame1692,135.7557603686636,145.80645161290323,149.4516129032258,207.2258064516129,205.49308755760367,203.25806451612902,0.057464331
frame1693,135.6451612903226,145.93087557603687,149.44239631336404,206.24884792626727,204.61290322580646,202,0.066754505
frame1694,136.14285714285714,146.10138248847926,149.88018433179724,207.2258064516129,205.49308755760367,203.2442396313364,0.079588622
frame1695,135.9078341013825,145.97695852534562,149.86175115207374,206.24884792626727,204.61290322580646,202,0.096322045
frame1696,136.49308755760367,146.1889400921659,150.3364055299539,207.2258064516129,205.49308755760367,203.27649769585253,0.1063365489244461
frame1697,135.3179723502304,147.06912442396313,149.4331797235023,205.91705069124424,204.32258064516128,201.89400921658986,0.081499115
frame1698,135,146.7926267281106,149.46082949308754,210.0921658986175,208.0737327,205.90322580645162,0.076902509
frame1699,134.71428571428572,146.82488479262673,150.23041474654377,208.3917050691244,206.5115207373272,204.27188940092165,0.08223097
frame1700,135.06451612903226,147.05990783410138,150.17972350230414,209.90322580645162,208.0737327,205.90322580645162,0.097593576
frame1701,134.70506912442397,146.88018433179724,149.9815668202765,208.33179723502303,206.58064516129033,204.34101382488478,0.12500342726707458
frame1702,134.97695852534562,146.93548387096774,150,208.68663594470047,206.85714285714286,204.68663594470047,0.1688733845949173
frame1703,134.76036866359448,146.44239631336404,149.9078341013825,207.50691244239633,205.7557603686636,203.51612903225808,0.27348172664642334
frame1704,134.95852534562212,146.73271889400922,149.88018433179724,208.68663594470047,206.85714285714286,204.68663594470047,0.40335580706596375
frame1705,134.72811059907835,146.55299539170508,149.88018433179724,207.50691244239633,205.7557603686636,203.51612903225808,0.5617885589599609
frame1706,135.0921658986175,146.80645161290323,150.1105991,208.68663594470047,206.85714285714286,204.68663594470047,0.7532090544700623
frame1707,134.90322580645162,146.43778801843317,149.92165898617512,207.50691244239633,205.7557603686636,203.51612903225808,0.8955596685409546
frame1708,135.23041474654377,146.67281105990784,150.11981566820276,208.68663594470047,206.85714285714286,204.68663594470047,0.9356597661972046
frame1709,136.15668202764977,147.06912442396313,150.59447004608296,208.25806451612902,207.21658986175115,204.21198156682027,0.9388524293899536
frame1710,136.5483870967742,146.57603686635946,150.64055299539172,209.1520737327189,208.03225806451613,205.0737327,0.9399536848068237
frame1711,136.19815668202764,146.2258064516129,150.32718894009216,208.20276497695852,207.16129032258064,204.21198156682027,0.9376729726791382
frame1712,136.61751152073734,146.40552995391704,150.59907834101384,209.1520737327189,208.03225806451613,205.0737327,0.9346824884414673
frame1713,136.04608294930875,146.08294930875576,150.17511520737327,208.20276497695852,207.16129032258064,204.21198156682027,0.9359349012374878
frame1714,136.49769585253455,146.28571428571428,150.47926267281105,209.1520737327189,208.03225806451613,205.0737327,0.937744141
frame1715,136.02764976958525,146.1105991,150.32258064516128,208.25806451612902,207.16129032258064,204.21198156682027,0.9411324262619019
frame1716,136.38709677419354,146.22119815668202,150.49769585253455,209.1520737327189,208.03225806451613,205.0737327,0.9441525936126709
frame1717,135.93087557603687,146.0184331797235,150.22119815668202,208.25806451612902,207.16129032258064,204.21198156682027,0.9437007904052734
frame1718,136.38709677419354,146.19815668202764,150.49769585253455,209.1520737327189,208.03225806451613,205.0737327,0.939591646
frame1719,135.9262673,146.0552995391705,150.3548387096774,208.25806451612902,207.16129032258064,204.21198156682027,0.9363211393356323
frame1720,136.44700460829492,146.27649769585253,150.41013824884791,209.1520737327189,208.03225806451613,205.0737327,0.9297060966491699
frame1721,136.05990783410138,147.70506912442397,149.85714285714286,211.2442396313364,210.20276497695852,206.94930875576037,0.9278433322906494
frame1722,136.6820276497696,147.93548387096774,150.2811059907834,208.93548387096774,207.8894009,204.85714285714286,0.9176372289657593
frame1723,136.25806451612902,147.53456221198158,150.22119815668202,208.11981566820276,207.05069124423963,204.0552995391705,0.9080923795700073
frame1724,136.76497695852535,147.4331797235023,150.52534562211983,208.93548387096774,207.8894009,204.85714285714286,0.8877824544906616
frame1725,136.25806451612902,147.50691244239633,150.22119815668202,208.11981566820276,207.05069124423963,204.0552995391705,0.8577775955200195
frame1726,137.2442396313364,148.1705069124424,150.8847926267281,208.93548387096774,208.50691244239633,204.85714285714286,0.7451198697090149
frame1727,136.76497695852535,147.95852534562212,150.6451612903226,208.11981566820276,207.05069124423963,204.0552995391705,0.46305638551712036
frame1728,137.23502304147465,148.44239631336404,150.61751152073734,209.6221198156682,208.57603686635946,205.63133640552996,0.16972476243972778
frame1729,136.8110599078341,148.2811059907834,150.35944700460828,208.91244239631337,207.77880184331798,204.95391705069125,0.1822987198829651
frame1747,123.55299539170507,133.52534562211983,137.81566820276498,221.68663594470047,220.3548387096774,217.68663594470047,1.0563054084777832
frame1748,122.56221198156682,132.23963133640552,136.78801843317973,238.90322580645162,238.20276497695852,237.2258064516129,1.153504490852356
frame1749,120.83870967741936,130.63594470046084,135.17511520737327,245.29493087557603,244.93548387096774,244.27188940092165,1.2978936433792114
frame1750,120.5668202764977,129.38709677419354,134.38248847926266,249.24884792626727,248.80645161290323,248.5852534562212,1.5493133068084717
frame1751,119.57603686635944,128.53456221198158,133.72350230414747,255,255,255,1.9488120079040527
frame1752,118.75115207373273,128.52073732718895,132.80645161290323,255,255,255,2.4979052543640137
frame1753,117.56221198156682,128.05990783410138,132.02764976958525,255,255,255,2.886701822280884
frame1754,125.0184331797235,133.23502304147465,138.6820276497696,255,255,255,2.9992001056671143
frame1755,118.11981566820276,127.74193548387096,135.1152073732719,161.8294930875576,161.21658986175115,156.26728110599078,2.9992401599884033
frame1756,118.2073732718894,128.85253456221199,135.0184331797235,223.80645161290323,221.84331797235023,221.35944700460828,3.0128157138824463
frame1757,113.21658986175115,123.44239631336406,127.80184331797236,223.6635944700461,222.19354838709677,221.2626728110599,3.0407791137695312
frame1758,113.72811059907833,125.15668202764977,129,221.91705069124424,220.76036866359448,219.8847926267281,3.0613317489624023
frame1759,114.07834101382488,125.66359447004608,129.27188940092165,213.83410138248848,212.18433179723502,211.53917050691246,3.0557329654693604
frame1760,115.85714285714286,127.11520737327189,131.00460829493088,210.43778801843317,209.21658986175115,208.1152073732719,3.024097442626953
frame1761,116.50230414746544,128.0368664,132.0368664,208.1152073732719,206.3179723502304,205.02304147465438,2.9983949661254883
frame1762,118.08294930875576,129.5115207373272,133.3548387096774,204.6082949308756,203.47465437788017,202.0368664,2.961926221847534
frame1763,119.20276497695852,130.84331797235023,134.57142857142858,203.19354838709677,202.1705069124424,200.6221198156682,2.9431519508361816
frame1764,120.37327188940093,132.07834101382488,135.96774193548387,203.42396313364054,202.40092165898616,199.9447004608295,2.9263014793395996
frame1765,121.47926267281106,133.6635944700461,137.87557603686636,201.8294930875576,200.55299539170508,198.27649769585253,2.8619093894958496
frame1766,122.78801843317973,134.68663594470047,138.6267281105991,201.36405529953916,200.13824884792626,197.80184331797236,2.834048033
frame1767,123.74193548387096,135.82027649769586,139.5483870967742,200.82027649769586,199.55760368663596,197.23041474654377,2.794328212738037
frame1768,125.51612903225806,137.08294930875576,140.44239631336404,201.0184331797235,199.76497695852535,197.45622119815667,2.733947515487671
frame1769,126.3225806451613,138.45622119815667,141.4884792626728,200.12442396313364,198.83870967741936,196.14746543778801,2.637862444
frame1770,129.51612903225808,139.57142857142858,142.9631336,198.5668202764977,197.95852534562212,194.95852534562212,2.4405970573425293
frame1771,130.17511520737327,140.90322580645162,144.0737327,198.2626728110599,197.66820276497697,195.0737327,2.1710524559020996
frame1772,132.40552995391704,142.16589861751152,145.50230414746545,199.04147465437788,198.47465437788017,195.35944700460828,1.9218528270721436
frame1773,133.48387096774192,143.57603686635946,146.61290322580646,197.46082949308754,196.82488479262673,193.95852534562212,1.816149115562439
frame1774,135.07834101382488,144.25806451612902,147.6635944700461,198.34101382488478,198.0921658986175,194.49308755760367,1.215552568435669
frame1775,135.84331797235023,144.9631336,148.52073732718895,198.10138248847926,197.6082949308756,194.16129032258064,1.0979235172271729
frame1776,136.63594470046084,145.31336405529953,148.9447004608295,197.1336405529954,196.46543778801842,193.24884792626727,1.0556058883666992
frame1777,137.1105991,145.34101382488478,149.32718894009216,200.30414746543778,199.80184331797236,196.30414746543778,1.024596095085144
frame1778,137.91705069124424,146.00460829493088,150.0552995391705,204.85714285714286,202.9447004608295,200.29032258064515,1.0384536981582642
frame1779,137.64976958525347,145.85714285714286,149.7741935483871,203.30875576036865,201.3778801843318,198.81566820276498,1.0432350635528564
frame1780,138.44700460829492,146.47926267281105,150.49308755760367,204.10138248847926,202.84331797235023,200.10138248847926,1.0267051458358765
frame1781,137.6635944700461,145.66820276497697,149.63594470046084,201.96774193548387,200.2626728110599,197.96774193548387,1.0050277709960938
frame1782,137.5852534562212,146.68663594470047,150.26728110599078,203.57603686635946,202.29493087557603,200.24884792626727,0.959254265
frame1783,137.64976958525347,146.3963133640553,150.19354838709677,207.0737327,205.80184331797236,203.2258064516129,0.9044389724731445
frame1784,138,146.65437788018434,150.91705069124424,202.2258064516129,201.06451612903226,198.95391705069125,0.7763452529907227
frame1785,138.08755760368663,146.8709677419355,150.85253456221199,206.0184331797235,204.80645161290323,202.15668202764977,0.5490309000015259
frame1786,138.14746543778801,146.9631336,150.83870967741936,207.25806451612902,206.30875576036865,203.35023041474653,0.23059430718421936
frame1849,125.49308755760369,135.8709677419355,139.54377880184333,238.10599078341014,237.16129032258064,236.17511520737327,0.8962186574935913
frame1850,124.76497695852535,134.9815668202765,138.81566820276498,242.85714285714286,242.0737327,241.29032258064515,1.046907663345337
frame1851,123.19815668202764,133.65898617511522,137.33179723502303,240.6221198156682,239.6635944700461,238.70506912442397,1.1917742490768433
frame1852,121.51612903225806,131.67281105990784,135.35944700460828,238.69585253456222,238.1336405529954,237.00921658986175,1.4145821332931519
frame1853,120.89861751152074,130.90322580645162,134.70967741935485,255,255,255,1.7327076196670532
frame1854,120.23963133640552,131.2442396313364,133.50230414746545,255,255,255,2.214594602584839
frame1855,118.94009216589862,130.35944700460828,132.4516129032258,255,255,255,2.719031334
frame1856,124.14285714285714,133.0737327,136.55299539170508,255,255,255,2.916968346
frame1857,127.13824884792626,134.91705069124424,138.96774193548387,231.3917050691244,231.14746543778801,229.61290322580646,2.9398088455200195
frame1858,120.70967741935483,130.18433179723502,135.54377880184333,156.32718894009216,154.5483870967742,149.29032258064515,2.981424093
frame1859,123.48387096774194,131.10599078341014,136.52073732718895,217.64976958525347,215.70967741935485,215.64976958525347,2.9607648849487305
frame1860,116.33640552995392,126.01382488479263,130.0921658986175,224.96774193548387,222.96774193548387,222.53456221198158,3.0005545616149902
frame1861,115.76958525345623,126.00921658986175,129.69585253456222,225.00460829493088,223.04608294930875,222.53917050691246,3.0071728229522705
frame1862,117.09677419354838,127,130.57603686635946,223.78801843317973,221.83410138248848,221.17511520737327,3.0147242546081543
frame1863,117.74193548387096,128.33179723502303,131.27649769585253,212.9815668202765,211.46543778801842,210.9078341013825,3.003270149230957
frame1864,119.44700460829493,129.07834101382488,133.30875576036865,212.46543778801842,210.96774193548387,209.95391705069125,2.9663429260253906
frame1865,120.09216589861751,129.92165898617512,133.96774193548387,207.90322580645162,206.59447004608296,205.10599078341014,2.937727212905884