Frame,Red channel,Green channel,Blue Channel,Red_back,Green_back,Blue_back,Pressure
frame0,162.62767379679144,152.87366310160428,149.25066844919786,228.02742474916388,249.05484949832777,255.0,-0.04948738217353821
frame1,162.59826203208556,152.6316844919786,148.94385026737967,228.0,249.0,255.0,-0.054621994495391846
frame2,162.79144385026737,153.29545454545453,149.24866310160428,227.0,247.0,255.0,-0.05028840899467468
frame3,162.95855614973263,153.4792780748663,149.40441176470588,226.0,246.0,255.0,-0.04649081826210022
frame4,163.0855614973262,153.60227272727272,149.51604278074868,226.0,246.0,255.0,-0.04229852557182312
frame5,163.36764705882354,154.51604278074868,150.37967914438502,225.0,245.0,255.0,-0.02690926194190979
frame6,163.04946524064172,154.1691176470588,150.07419786096256,225.0,245.0,255.0,-0.02128535509109497
frame7,162.8048128342246,153.93716577540107,149.61096256684493,224.0,245.0,255.0,-0.02087301015853882
frame8,163.22994652406416,154.31216577540107,149.8475935828877,226.0,246.0,255.0,-0.0169428288936615
frame9,164.17580213903744,155.28676470588235,150.97994652406416,227.0,248.0,255.0,-0.00691714882850647
frame10,168.1524064171123,159.37098930481284,156.30080213903744,229.0,250.0,255.0,-0.006745815277099609
frame11,174.79010695187165,167.69585561497325,166.44385026737967,228.0,249.0,255.0,-0.020321547985076904
frame12,172.24131016042782,165.0581550802139,164.5374331550802,223.0,243.0,255.0,-0.02596229314804077
frame13,165.73529411764707,158.09491978609626,156.45053475935828,221.0046822742475,241.00535117056856,255.0,-0.021237611770629883
frame14,157.20521390374333,149.0808823529412,146.15173796791444,224.08428093645486,245.1685618729097,255.0,-0.04228925704956055
frame15,148.25534759358288,139.38770053475935,135.35561497326202,225.0,246.0,255.0,-0.059437960386276245
frame16,141.85294117647058,129.9385026737968,121.80882352941177,226.0,249.0,255.0,-0.05798649787902832
frame17,133.00735294117646,119.71657754010695,108.58021390374331,222.80200668896322,243.22541806020067,252.4581939799331,-0.05309927463531494
frame18,154.6403743315508,145.26069518716577,143.84826203208556,225.79397993311036,242.69765886287627,255.0,-0.06062278151512146
frame19,163.44451871657753,154.10160427807486,153.17446524064172,227.0,244.19933110367893,255.0,-0.045062512159347534
frame20,170.69050802139037,162.18114973262033,161.6818181818182,229.0,247.8963210702341,255.0,-0.0593034029006958
frame21,176.42179144385025,168.50133689839572,169.81617647058823,231.0,249.885618729097,255.0,-0.0629149079322815
frame22,172.66711229946523,164.77139037433156,163.46323529411765,232.8494983277592,247.05351170568562,255.0,-0.06153038144111633
frame23,170.41176470588235,162.64505347593584,160.7874331550802,232.08026755852842,244.36120401337791,254.685618729097,-0.05820059776306152
frame24,169.649064171123,161.51871657754012,159.10628342245988,231.12976588628763,239.27090301003344,253.27558528428094,-0.054886072874069214
frame25,170.69919786096256,162.2399732620321,160.2159090909091,231.39933110367892,242.5284280936455,253.0401337792642,-0.05432799458503723
frame26,169.6898395721925,161.1042780748663,158.86697860962568,225.73846153846154,235.51571906354516,248.6896321070234,-0.053309231996536255
frame27,169.22794117647058,160.4933155080214,158.22526737967914,229.8515050167224,239.20133779264214,252.87290969899666,-0.0507032573223114
frame28,169.68917112299465,160.8903743315508,159.28008021390374,227.1933110367893,237.51371237458193,253.8923076923077,-0.05074593424797058
frame29,169.14371657754012,160.12433155080214,157.95989304812835,228.26622073578596,240.94515050167223,252.41404682274248,-0.04724505543708801
frame30,168.38034759358288,159.49131016042782,157.3135026737968,229.43411371237457,242.07692307692307,252.34515050167224,-0.04376229643821716
frame31,168.2292780748663,159.26938502673798,156.9264705882353,228.76254180602007,241.66622073578594,254.94448160535117,-0.04147571325302124
frame32,168.38101604278074,159.22192513368984,157.05949197860963,231.18127090301005,245.16387959866222,254.7839464882943,-0.0391353964805603
frame33,169.09692513368984,160.54745989304814,157.37098930481284,228.2789297658863,242.56254180602008,254.73244147157192,-0.04342639446258545
frame34,168.94719251336898,160.32954545454547,157.19986631016042,225.62943143812709,237.79464882943145,254.70167224080268,-0.04159891605377197
frame35,169.08622994652407,160.3235294117647,157.44050802139037,226.9658862876254,240.2515050167224,253.7076923076923,-0.03880870342254639
frame36,168.82553475935828,160.0635026737968,157.22727272727272,225.1076923076923,239.50434782608696,254.85016722408028,-0.034683287143707275
frame37,168.57286096256684,159.57419786096256,156.73195187165774,225.5571906354515,240.3103678929766,253.80869565217392,-0.025855422019958496
frame38,168.94117647058823,159.79344919786095,156.9077540106952,225.61939799331103,241.48896321070234,254.23879598662208,-0.027738839387893677
frame39,168.62232620320856,159.06951871657753,156.2225935828877,224.08896321070233,239.03076923076924,254.95183946488294,-0.02576667070388794
frame40,168.76136363636363,158.95320855614975,156.5360962566845,223.4,240.9913043478261,253.58528428093646,-0.026712238788604736
frame41,168.65708556149733,158.81951871657753,155.97393048128342,225.63478260869564,247.19866220735787,252.63076923076923,-0.025758802890777588
frame42,168.1864973262032,158.47794117647058,155.92713903743316,228.0401337792642,250.80267558528428,253.66220735785953,-0.025085151195526123
frame43,168.1216577540107,158.43783422459893,155.69585561497325,229.5772575250836,253.03478260869565,254.20535117056855,-0.025536417961120605
frame44,167.92045454545453,157.94986631016042,155.08288770053477,229.5772575250836,253.03478260869565,254.20535117056855,-0.025541096925735474
frame45,167.7433155080214,157.39505347593584,155.37633689839572,228.63745819397994,253.05351170568562,254.15652173913043,-0.026827365159988403
frame46,167.74398395721926,157.34157754010695,155.18114973262033,230.0,255.0,255.0,-0.027647286653518677
frame47,168.03542780748663,157.82152406417111,155.69050802139037,230.0,255.0,255.0,-0.030494242906570435
frame48,167.88368983957218,157.77874331550802,155.39839572192514,230.0,255.0,255.0,-0.031193912029266357
frame49,167.7172459893048,157.6644385026738,155.17847593582889,230.0,255.0,255.0,-0.031472593545913696
frame50,167.88034759358288,157.75467914438502,155.29879679144386,230.0,255.0,255.0,-0.03217926621437073
frame51,167.62901069518716,157.55748663101605,154.9538770053476,230.0,255.0,255.0,-0.03192263841629028
frame52,167.71657754010695,157.65641711229947,154.86631016042782,230.0,255.0,255.0,-0.032285869121551514
frame53,167.68716577540107,157.78475935828877,155.22860962566844,230.0,255.0,255.0,-0.032968729734420776
frame54,167.67379679144386,157.75401069518716,155.1524064171123,230.0,255.0,255.0,-0.03311508893966675
frame55,167.5668449197861,157.7092245989305,154.9364973262032,230.0,255.0,255.0,-0.03295007348060608
frame56,167.0875668449198,157.27339572192514,154.43382352941177,230.0,255.0,255.0,-0.03201991319656372
frame57,162.0922459893048,151.0701871657754,148.42713903743316,230.0,254.10501672240804,255.0,-0.046619534492492676
frame58,156.38101604278074,144.90975935828877,141.61631016042782,229.0,254.1056856187291,255.0,-0.06515204906463623
frame59,150.39839572192514,139.1076203208556,134.58155080213905,228.0,253.12575250836122,255.0,-0.06063947081565857
frame60,145.00066844919786,133.41310160427807,127.87366310160428,227.0,251.0,255.0,-0.04857975244522095
frame61,151.38368983957218,142.2707219251337,139.3355614973262,226.0,248.8521739130435,255.0,-0.04871845245361328
frame62,151.21122994652407,141.49465240641712,138.0360962566845,227.0,251.09096989966554,255.0,-0.053452640771865845
frame63,148.81082887700535,138.94451871657753,134.9572192513369,228.0,254.74314381270904,255.0,-0.055063098669052124
frame64,145.024064171123,134.50066844919786,128.9191176470588,207.3230769230769,224.41872909698998,234.7505016722408,-0.05804961919784546
frame65,139.14104278074868,127.77606951871658,118.09692513368984,153.1397993311037,151.4274247491639,154.43076923076924,-0.06300067901611328
frame66,143.30882352941177,133.6657754010695,129.1644385026738,225.94983277591973,251.26956521739132,255.0,-0.0487515926361084
frame67,142.3101604278075,132.90040106951872,127.46390374331551,226.0,247.4876254180602,255.0,-0.04621824622154236
frame68,143.96791443850267,134.30748663101605,129.08689839572193,223.14448160535116,239.20602006688964,254.6494983277592,-0.05347144603729248
frame69,149.30748663101605,139.60561497326202,135.20989304812835,220.80602006688963,234.5638795986622,252.52240802675584,-0.059574633836746216
frame70,154.91377005347593,145.76136363636363,142.22794117647058,221.3799331103679,234.18327759197325,251.2836120401338,-0.06219407916069031
frame71,159.56283422459893,151.8235294117647,148.3596256684492,220.01003344481606,231.41939799331104,247.99063545150503,-0.03198140859603882
frame72,163.3168449197861,155.46323529411765,152.34826203208556,220.66889632107024,231.12107023411372,247.61872909698997,-0.01800435781478882
frame73,167.94652406417111,159.7653743315508,157.1764705882353,223.21270903010034,234.58260869565217,251.67558528428094,-0.04772832989692688
frame74,167.56417112299465,159.27139037433156,156.4672459893048,230.5799331103679,246.8,254.00334448160535,-0.06348100304603577
frame75,167.5648395721925,159.27941176470588,156.6864973262032,231.98795986622073,243.9913043478261,254.98929765886288,-0.07536837458610535
frame76,168.30414438502675,160.36898395721926,157.3816844919786,229.14046822742475,241.90903010033446,254.9866220735786,-0.07921013236045837
frame77,168.05949197860963,160.29745989304814,157.2366310160428,226.8227424749164,240.16655518394649,255.0,-0.08145096898078918
frame78,168.77540106951872,160.4639037433155,157.44050802139037,224.68160535117056,238.56923076923076,252.87558528428093,-0.08104300498962402
frame79,168.99197860962568,160.6350267379679,157.55882352941177,225.92441471571905,240.0334448160535,254.68428093645485,-0.07648423314094543
frame80,169.375,160.8181818181818,157.71457219251337,224.7933110367893,239.17190635451504,254.99197324414715,-0.06966337561607361
frame81,169.31751336898395,160.4364973262032,157.375,227.80735785953178,242.80602006688963,254.55451505016723,-0.06146243214607239
frame82,169.0909090909091,160.14639037433156,156.78141711229947,226.42207357859533,241.27759197324414,254.63879598662209,-0.05517616868019104
frame83,169.87566844919786,160.26804812834226,156.3409090909091,225.20133779264214,240.99397993311038,255.0,-0.0512259304523468
frame84,169.0340909090909,159.34558823529412,155.29679144385025,227.676254180602,247.59264214046823,254.62274247491638,-0.04355067014694214
frame85,168.7139037433155,159.0120320855615,155.24197860962568,228.27692307692308,249.09230769230768,253.69230769230768,-0.03716003894805908
frame86,168.4331550802139,158.52874331550802,154.61363636363637,230.64882943143812,253.2608695652174,254.42207357859533,-0.030762463808059692
frame87,168.4177807486631,158.48529411764707,154.78141711229947,231.87424749163878,254.80535117056857,254.93377926421405,-0.026816248893737793
frame88,168.39705882352942,158.69385026737967,155.12098930481284,230.86688963210702,254.78127090301004,254.91170568561873,-0.024332195520401
frame89,168.51270053475935,158.62433155080214,155.32286096256684,231.0,255.0,255.0,-0.0192907452583313
frame90,169.62232620320856,159.68449197860963,156.66844919786095,231.0,255.0,255.0,-0.03319966793060303
frame91,169.45320855614975,159.6149732620321,156.69719251336898,231.0,255.0,255.0,-0.03472140431404114
frame92,169.46189839572193,159.63435828877004,157.01938502673798,231.0,255.0,255.0,-0.035848140716552734
frame93,169.17379679144386,159.5360962566845,156.78676470588235,231.0,255.0,255.0,-0.03588968515396118
frame94,168.8375668449198,159.15975935828877,156.21791443850267,231.0,255.0,255.0,-0.03502890467643738
frame95,169.2326203208556,159.08689839572193,156.13435828877004,231.0,255.0,255.0,-0.035241395235061646
frame96,169.10227272727272,159.0360962566845,156.01136363636363,231.0,255.0,255.0,-0.03528663516044617
frame97,169.28475935828877,159.14705882352942,156.09959893048128,231.0,255.0,255.0,-0.03578251600265503
frame98,169.2292780748663,159.10828877005346,155.92045454545453,231.0,255.0,255.0,-0.035782426595687866
frame99,169.4572192513369,159.38302139037432,156.24131016042782,231.0,255.0,255.0,-0.036595553159713745
frame100,168.94652406417111,158.97660427807486,155.67045454545453,231.0,255.0,255.0,-0.035562872886657715
frame101,165.0514705882353,155.4659090909091,151.7633689839572,230.0,255.0,255.0,-0.02929273247718811
frame102,161.11096256684493,151.25200534759358,147.37299465240642,229.0,255.0,255.0,-0.05035170912742615
frame103,156.68917112299465,146.9725935828877,141.82620320855614,229.0,255.0,255.0,-0.0705254077911377
frame104,150.88435828877004,141.12700534759358,135.93114973262033,228.0,254.98327759197323,255.0,-0.061149150133132935
frame105,146.4792780748663,136.4966577540107,130.91644385026737,227.0,253.98327759197323,255.0,-0.0472145676612854
frame106,144.1370320855615,133.8168449197861,127.59692513368984,227.0,251.0,255.0,-0.04516354203224182
frame107,143.07754010695186,131.8068181818182,124.68783422459893,227.0,250.20066889632108,255.0,-0.05050697922706604
frame108,142.850935828877,131.12967914438502,123.94852941176471,224.91772575250837,245.83545150501672,255.0,-0.05505964159965515
frame109,146.67580213903744,136.67780748663102,131.68248663101605,219.85284280936455,240.36923076923077,247.16923076923078,-0.05828666687011719
frame110,146.1898395721925,135.48128342245988,129.98128342245988,186.64816053511706,189.45217391304348,203.34983277591974,-0.06348279118537903
frame111,141.32620320855614,130.9879679144385,124.91844919786097,222.74448160535118,238.85685618729096,255.0,-0.05588752031326294
frame112,142.1316844919786,132.34358288770053,126.85828877005348,217.90702341137123,235.30434782608697,254.50969899665552,-0.05390927195549011
frame113,143.14705882352942,133.85360962566844,128.3596256684492,218.08428093645486,233.23076923076923,254.66555183946488,-0.055619120597839355
frame114,144.82553475935828,135.4672459893048,130.1610962566845,219.5799331103679,235.2561872909699,254.69899665551839,-0.05678975582122803
frame115,148.3649732620321,138.94451871657753,134.37232620320856,220.59665551839464,235.27290969899664,254.66555183946488,-0.058134496212005615
frame116,153.63569518716577,144.22727272727272,140.7600267379679,219.50836120401337,234.52709030100334,252.0494983277592,-0.06302472949028015
frame117,158.64705882352942,149.76136363636363,146.72526737967914,228.3531772575251,247.04214046822742,254.57926421404682,-0.030850887298583984
frame118,161.97727272727272,152.80013368983958,150.1042780748663,228.85953177257525,246.76923076923077,254.8494983277592,0.049610793590545654
frame119,164.87767379679144,156.03810160427807,153.3148395721925,229.73511705685618,244.86421404682275,254.94314381270902,0.05260282754898071
frame120,168.96991978609626,160.20053475935828,158.25802139037432,226.7391304347826,240.62608695652173,255.0,-0.01910245418548584
frame121,168.23195187165774,159.47125668449198,157.07954545454547,226.1010033444816,239.97993311036788,255.0,-0.05242377519607544
frame122,168.4605614973262,159.5822192513369,157.54010695187165,224.88227424749164,238.4361204013378,253.91638795986623,-0.0712532103061676
frame123,169.10628342245988,160.3135026737968,158.1577540106952,225.45351170568563,241.18795986622072,254.54648829431437,-0.07709777355194092
frame124,169.2961229946524,160.26604278074868,158.49799465240642,224.84414715719063,239.53779264214046,254.99264214046823,-0.07753098011016846
frame125,169.11564171122996,160.2326203208556,158.06417112299465,225.3170568561873,240.06354515050168,254.9913043478261,-0.07470527291297913
frame126,169.6283422459893,160.33622994652407,158.66042780748663,228.62541806020067,243.50033444816054,254.49364548494984,-0.06997588276863098
frame127,169.6711229946524,160.13636363636363,158.14505347593584,226.69899665551839,242.63879598662209,254.78929765886286,-0.06452876329421997
frame128,169.9431818181818,160.2620320855615,158.4725935828877,226.02408026755853,239.9979933110368,254.9933110367893,-0.059434086084365845
frame129,169.3903743315508,159.23529411764707,157.51136363636363,225.27558528428094,241.44882943143813,254.9913043478261,-0.05321183800697327
frame130,169.17580213903744,158.86965240641712,157.39171122994654,230.04882943143812,252.18260869565216,254.5933110367893,-0.04488787055015564
frame131,169.15040106951872,159.27673796791444,157.26136363636363,230.63545150501673,253.26421404682273,254.42207357859533,-0.040615856647491455
frame132,169.57219251336898,159.451871657754,156.00401069518716,230.54515050167225,254.40869565217392,254.74983277591974,-0.03579682111740112
frame133,169.16510695187165,159.12032085561498,155.69117647058823,231.0,255.0,255.0,-0.03108161687850952
frame134,169.27339572192514,159.43048128342247,156.10160427807486,231.0,255.0,255.0,-0.02900943160057068
frame135,169.07553475935828,159.1129679144385,155.77005347593584,231.0,255.0,255.0,-0.024586498737335205
frame136,168.81283422459893,158.82419786096256,155.37299465240642,231.0,255.0,255.0,-0.017046838998794556
frame137,168.96858288770053,159.04010695187165,155.87901069518716,231.0,255.0,255.0,-0.03375351428985596
frame138,169.00200534759358,159.11430481283423,155.95320855614975,231.0,255.0,255.0,-0.03268733620643616
frame139,168.5942513368984,158.576871657754,155.5120320855615,231.0,255.0,255.0,-0.03132408857345581
frame140,168.66310160427807,158.899064171123,156.01604278074868,231.0,255.0,255.0,-0.033029913902282715
frame141,168.80414438502675,158.75802139037432,155.87967914438502,231.0,255.0,255.0,-0.033774733543395996
frame142,168.8850267379679,158.8816844919786,156.0120320855615,231.0,255.0,255.0,-0.03468811511993408
frame143,168.37633689839572,158.4879679144385,155.49064171122996,231.0,255.0,255.0,-0.03398260474205017
frame144,168.42179144385025,158.40708556149733,154.95120320855614,231.0,255.0,255.0,-0.03357955813407898
frame145,168.6403743315508,158.92045454545453,155.79879679144386,231.0,255.0,255.0,-0.03517886996269226
frame146,166.08689839572193,156.27807486631016,152.95521390374333,231.0,255.0,255.0,-0.029781252145767212
frame147,164.8850267379679,155.33288770053477,152.3201871657754,230.0,255.0,255.0,-0.030223876237869263
frame148,164.22125668449198,155.16711229946523,152.53810160427807,229.0,255.0,255.0,-0.031622618436813354
frame149,161.99532085561498,153.3409090909091,150.8442513368984,228.0,255.0,255.0,-0.03704449534416199
frame150,158.53676470588235,149.83288770053477,147.08021390374333,228.0,255.0,255.0,-0.052198827266693115
frame151,155.97526737967914,146.9846256684492,144.3308823529412,227.0,252.1866220735786,255.0,-0.0692611038684845
frame152,153.72459893048128,144.50601604278074,140.9351604278075,227.0,251.2515050167224,255.0,-0.0634174644947052
frame153,150.35294117647058,140.45855614973263,136.23061497326202,227.0,249.0,255.0,-0.049998730421066284
frame154,147.25133689839572,136.62700534759358,130.8101604278075,226.923745819398,254.45150501672242,255.0,-0.04620540142059326
frame155,148.0548128342246,137.3081550802139,131.53475935828877,208.68160535117056,220.50903010033446,237.6153846153846,-0.05240607261657715
frame156,145.55013368983958,136.0668449197861,131.9592245989305,219.86153846153846,238.25953177257526,255.0,-0.05358433723449707
frame157,148.80080213903744,140.22326203208556,137.5889037433155,218.03478260869565,237.41204013377927,254.9344481605351,-0.05735614895820618
frame158,150.0635026737968,141.78141711229947,139.39705882352942,216.51638795986622,235.31170568561873,255.0,-0.06133732199668884
frame159,151.5066844919786,143.4157754010695,141.39973262032086,218.48494983277592,237.31170568561873,255.0,-0.06393060088157654
frame160,155.9866310160428,147.8903743315508,146.8816844919786,216.5819397993311,235.31170568561873,255.0,-0.04637596011161804
frame161,161.19986631016042,153.4899732620321,152.98395721925132,224.12240802675586,243.9257525083612,254.7551839464883,-0.026176124811172485
frame162,165.23128342245988,157.4846256684492,157.62433155080214,223.86822742474916,242.77257525083613,254.8829431438127,-0.059653908014297485
frame163,168.5614973262032,160.8101604278075,161.27005347593584,224.66622073578594,242.73511705685618,255.0,-0.07032382488250732
frame164,171.90641711229947,164.13569518716577,164.90842245989305,227.49163879598663,245.9284280936455,254.9665551839465,-0.07299372553825378
frame165,174.1283422459893,166.31417112299465,167.3308823529412,223.37123745819397,239.2903010033445,253.52642140468228,-0.0739622414112091
frame166,174.50601604278074,167.02540106951872,167.5340909090909,223.3665551839465,238.4267558528428,253.38260869565218,-0.07363486289978027
frame167,174.43582887700535,166.72660427807486,167.28141711229947,223.56454849498328,242.2180602006689,254.73511705685618,-0.0730040967464447
frame168,174.90173796791444,167.16978609625667,166.15374331550802,222.26822742474917,241.40936454849498,254.18260869565216,-0.07176536321640015
frame169,174.8542780748663,166.96524064171123,166.14371657754012,221.32040133779265,238.9170568561873,253.56588628762543,-0.06809309124946594
frame170,174.47459893048128,166.57620320855614,165.7673796791444,224.5076923076923,241.9344481605351,253.4334448160535,-0.06816515326499939
frame171,174.63435828877004,166.32754010695186,165.64438502673798,223.40267558528427,241.8829431438127,254.77123745819398,-0.06457960605621338
frame172,174.4725935828877,166.1577540106952,165.35828877005346,221.36521739130436,239.98729096989968,254.93377926421405,-0.06124371290206909
frame173,174.725935828877,166.16310160427807,165.13101604278074,220.51304347826087,240.0989966555184,254.97993311036788,-0.0582919716835022
frame174,175.04478609625667,166.1918449197861,165.39171122994654,225.57458193979934,249.78327759197325,254.93177257525085,-0.055256158113479614
frame175,174.45254010695186,165.62967914438502,164.51604278074868,226.61404682274247,251.42207357859533,254.77257525083613,-0.050277143716812134
frame176,174.15508021390374,165.1577540106952,164.32419786096256,228.2896321070234,254.05284280936453,254.80267558528428,-0.047006756067276
frame177,173.875,164.63235294117646,164.17446524064172,228.25016722408026,254.0133779264214,254.76321070234113,-0.045090436935424805
frame178,173.75601604278074,164.46791443850267,163.5668449197861,228.64882943143812,254.51505016722408,254.8494983277592,-0.04364690184593201
frame179,173.96657754010695,164.85360962566844,164.0274064171123,228.63210702341138,254.49832775919734,254.8160535117057,-0.03354230523109436
frame180,174.35160427807486,165.54211229946523,163.77473262032086,229.0,255.0,255.0,-0.03217729926109314
frame181,173.92446524064172,165.37967914438502,163.85160427807486,229.0,255.0,255.0,-0.032111942768096924
frame182,173.6831550802139,165.05882352941177,163.4692513368984,229.0,255.0,255.0,-0.0318848192691803
frame183,173.5614973262032,164.99131016042782,163.7907754010695,229.0,254.10167224080269,255.0,-0.03170514106750488
frame184,173.87433155080214,165.23930481283423,163.8288770053476,229.0,254.03210702341138,255.0,-0.03165343403816223
frame185,173.55347593582889,165.32820855614975,163.89505347593584,229.0,253.06421404682274,255.0,-0.03157612681388855
frame186,173.50601604278074,165.39171122994654,163.84692513368984,229.0,253.06421404682274,255.0,-0.03152894973754883
frame187,173.35294117647058,165.48529411764707,163.79679144385025,229.0,253.06421404682274,255.0,-0.03153994679450989
frame188,173.2807486631016,165.09157754010695,163.43048128342247,229.0,253.08561872909698,255.0,-0.03139692544937134
frame189,173.3903743315508,164.99465240641712,163.3409090909091,229.0,253.08561872909698,255.0,-0.031360775232315063
frame190,171.63903743315507,163.2072192513369,161.72727272727272,228.0,252.12842809364548,255.0,-0.030017554759979248
frame191,168.01804812834226,159.51604278074868,157.84157754010695,228.0,252.09632107023413,255.0,-0.023231297731399536
frame192,164.4090909090909,155.46524064171123,153.3816844919786,227.0,253.0,255.0,-0.007530421018600464
frame193,160.97459893048128,151.69451871657753,149.15975935828877,225.95785953177258,252.9438127090301,254.98795986622073,-0.024664461612701416
frame194,157.03208556149733,147.826871657754,144.9826203208556,225.95585284280938,253.0294314381271,254.98996655518394,-0.05290868878364563
frame195,152.79211229946523,143.58155080213905,139.25735294117646,225.0,253.08428093645486,255.0,-0.06694164872169495
frame196,150.75735294117646,141.28008021390374,136.22526737967914,225.0,251.23010033444817,255.0,-0.06319382786750793
frame197,150.0581550802139,140.21457219251337,134.80080213903744,226.0,250.10033444816054,255.0,-0.057304948568344116
frame198,147.75,136.73195187165774,130.55949197860963,224.1438127090301,248.81270903010034,255.0,-0.05643382668495178
frame199,145.42780748663102,135.1898395721925,128.66377005347593,220.9886287625418,246.41070234113712,250.47491638795987,-0.057008326053619385
frame200,143.62700534759358,135.90173796791444,129.73863636363637,183.2133779264214,190.9866220735786,204.65484949832776,-0.06131875514984131
frame201,146.65708556149733,135.5340909090909,129.2225935828877,184.0,187.0,199.0,-0.05970507860183716
frame202,142.55414438502675,132.21323529411765,128.6798128342246,220.27491638795988,238.65484949832776,253.98729096989968,-0.04945492744445801
frame203,141.9057486631016,132.23930481283423,128.53475935828877,220.8963210702341,239.01872909698997,255.0,-0.04670122265815735
frame204,142.3342245989305,132.7907754010695,128.9639037433155,218.16655518394649,235.36521739130436,255.0,-0.051519691944122314
frame205,142.7159090909091,133.14705882352942,129.4331550802139,218.26555183946488,235.07959866220736,255.0,-0.05509236454963684
frame206,145.93248663101605,136.37566844919786,132.92179144385025,216.91304347826087,234.90635451505017,255.0,-0.058066725730895996
frame207,151.298128342246,142.26136363636363,139.4211229946524,218.8066889632107,236.0361204013378,253.62608695652173,-0.06270527839660645
frame208,156.5307486631016,147.0922459893048,145.15975935828877,226.56120401337793,245.02408026755853,255.0,-0.05622988939285278
frame209,160.18917112299465,150.72727272727272,148.73328877005346,226.64147157190635,244.94314381270902,255.0,0.017054647207260132
frame210,163.53141711229947,154.14639037433156,152.75066844919786,228.35585284280936,245.6494983277592,255.0,0.034544527530670166
frame211,167.7225935828877,157.9485294117647,157.19719251336898,227.15117056856187,242.17123745819399,254.19933110367893,-0.008858740329742432
frame212,168.35561497326202,158.40040106951872,157.51804812834226,227.20066889632108,245.3484949832776,254.52709030100334,-0.03931397199630737
frame213,168.71323529411765,158.94451871657753,157.84491978609626,227.90769230769232,248.0408026755853,254.85284280936455,-0.0649229884147644
frame214,168.2840909090909,158.3148395721925,157.12366310160428,228.8133779264214,250.16321070234113,254.61404682274247,-0.06934204697608948
frame215,168.64371657754012,158.8596256684492,157.41377005347593,228.52976588628763,246.36588628762541,254.0702341137124,-0.07151913642883301
frame216,168.60227272727272,158.64839572192514,156.3923796791444,227.10702341137124,243.94113712374582,254.41404682274248,-0.06910154223442078
frame217,168.87700534759358,158.77941176470588,156.47326203208556,223.66086956521738,238.91170568561873,254.4969899665552,-0.06538590788841248
frame218,170.17446524064172,160.03141711229947,157.26069518716577,221.74113712374583,239.8829431438127,255.0,-0.06125935912132263
frame219,169.65040106951872,159.17446524064172,156.4639037433155,227.37658862876253,247.97926421404682,254.65752508361203,-0.052157849073410034
frame220,169.82152406417111,159.1864973262032,156.60828877005346,228.30301003344482,250.94648829431438,254.0046822742475,-0.045739591121673584
frame221,169.20855614973263,158.43582887700535,155.5133689839572,229.36789297658862,252.87826086956522,254.26555183946488,-0.03620314598083496
frame222,169.32754010695186,158.24532085561498,155.79010695187165,230.31170568561873,254.08227424749163,254.63946488294314,-0.0315055251121521
frame223,169.1864973262032,158.07553475935828,155.19117647058823,230.95585284280938,254.93979933110367,254.97591973244147,-0.026652097702026367
frame224,169.04211229946523,158.12433155080214,155.1216577540107,231.0,255.0,255.0,-0.023871243000030518
frame225,169.0407754010695,158.33155080213905,155.4692513368984,231.0,255.0,255.0,-0.022140979766845703
frame226,169.36229946524065,158.4264705882353,155.38302139037432,231.0,255.0,255.0,-0.01978665590286255
frame227,169.15508021390374,158.3542780748663,155.4826203208556,231.0,255.0,255.0,-0.022727221250534058
frame228,169.40842245989305,158.4899732620321,155.8355614973262,231.0,255.0,255.0,-0.03562581539154053
frame229,168.87633689839572,158.45120320855614,155.5374331550802,231.0,255.0,255.0,-0.03558340668678284
frame230,168.83823529411765,158.6657754010695,155.34959893048128,231.0,254.07759197324415,255.0,-0.034915417432785034
frame231,169.06550802139037,159.15441176470588,155.59692513368984,231.0,254.06421404682274,255.0,-0.035802245140075684
frame232,169.3542780748663,159.4124331550802,155.94986631016042,231.0,254.06421404682274,255.0,-0.03668513894081116
frame233,168.8375668449198,159.03141711229947,155.36430481283423,231.0,253.1551839464883,255.0,-0.03562098741531372
frame234,168.8114973262032,159.2600267379679,155.92245989304814,231.0,253.1551839464883,255.0,-0.036012887954711914
frame235,169.1524064171123,159.46858288770053,156.3355614973262,231.0,253.10702341137124,255.0,-0.036729007959365845
frame236,168.78141711229947,159.27606951871658,156.15975935828877,231.0,253.10702341137124,255.0,-0.036290109157562256
frame237,165.98529411764707,156.524064171123,152.90975935828877,230.0,253.10702341137124,255.0,-0.029657602310180664
frame238,162.49866310160428,152.6691176470588,149.31550802139037,229.0,253.10702341137124,255.0,-0.041644126176834106
frame239,159.44251336898395,149.76470588235293,145.82620320855614,229.0,253.10702341137124,255.0,-0.0629793107509613
frame240,155.5066844919786,145.70521390374333,141.41844919786095,228.0,252.06421404682274,255.0,-0.07029351592063904
frame241,150.3816844919786,140.67179144385025,135.08957219251337,227.0,252.03076923076924,255.0,-0.055478423833847046
frame242,145.451871657754,135.899064171123,129.66510695187165,226.01806020066888,249.09030100334448,255.0,-0.044586002826690674
frame243,143.3101604278075,133.33689839572193,126.12232620320856,224.0722408026756,245.12642140468228,255.0,-0.04636719822883606
frame244,141.50735294117646,131.02540106951872,123.34893048128342,223.66220735785953,244.79464882943145,255.0,-0.0505659282207489
frame245,139.8168449197861,128.4538770053476,120.05213903743315,226.8267558528428,248.8876254180602,255.0,-0.05310767889022827
frame246,143.50735294117646,133.56283422459893,127.26403743315508,200.66086956521738,214.88628762541805,224.7913043478261,-0.05692371726036072
frame247,145.94385026737967,135.8068181818182,131.59959893048128,185.8876254180602,190.7163879598662,203.1464882943144,-0.06338962912559509
frame248,140.35026737967914,130.25868983957218,124.46858288770053,224.47826086956522,243.31973244147156,255.0,-0.053138136863708496
frame249,141.28877005347593,131.44719251336898,125.60762032085562,214.9351170568562,230.47023411371237,253.01939799331103,-0.0520634651184082
frame250,142.7366310160428,133.18048128342247,127.86965240641712,216.1752508361204,229.5304347826087,253.34782608695653,-0.05415788292884827
frame251,143.8342245989305,134.4157754010695,129.26270053475935,215.86688963210702,228.80267558528428,250.75986622073577,-0.05512681603431702
frame252,147.00066844919786,137.85628342245988,133.05414438502675,214.87224080267558,227.2561872909699,248.85284280936455,-0.0561927855014801
frame253,152.36965240641712,143.64171122994654,139.62299465240642,218.96789297658862,233.40936454849498,251.04347826086956,-0.05913707613945007
frame254,156.87700534759358,148.32620320855614,144.4933155080214,226.76454849498327,247.32508361204015,253.62876254180603,-0.040123194456100464
frame255,160.875,152.78542780748663,148.70120320855614,227.71170568561874,244.3304347826087,253.95652173913044,0.05583065748214722
frame256,163.48395721925132,155.33689839572193,151.29478609625667,229.3591973244147,243.26153846153846,254.41538461538462,0.0900031179189682
frame257,165.75735294117646,157.2399732620321,153.04946524064172,227.82876254180601,241.79665551839466,254.79397993311036,0.045771777629852295
frame258,166.57152406417111,158.00735294117646,154.1657754010695,225.0,238.0,255.0,-0.022370457649230957
frame259,166.44652406417111,157.96991978609626,154.06216577540107,225.03478260869565,239.28160535117055,252.74715719063545,-0.06202739477157593
frame260,166.67780748663102,158.06082887700535,154.20521390374333,225.71371237458195,239.80066889632107,252.66354515050168,-0.07498341798782349
frame261,167.15307486631016,158.32152406417111,154.5635026737968,223.51438127090302,237.20200668896322,253.20200668896322,-0.07811179757118225
frame262,167.24465240641712,158.33355614973263,155.00133689839572,221.14247491638795,234.8494983277592,252.44214046822742,-0.07689407467842102
frame263,167.37299465240642,158.04010695187165,154.85294117647058,223.43277591973245,238.8133779264214,253.06688963210703,-0.07141602039337158
frame264,167.74064171122996,157.98328877005346,155.13770053475935,225.24615384615385,240.04682274247492,253.7571906354515,-0.06242629885673523
frame265,167.4110962566845,157.4846256684492,154.76871657754012,224.1505016722408,237.98060200668897,254.0655518394649,-0.05128747224807739
frame266,167.3181818181818,157.24933155080214,154.65508021390374,223.7591973244147,237.9297658862876,254.62541806020067,-0.04155600070953369
frame267,167.5875668449198,157.27673796791444,154.26938502673798,225.80869565217392,246.60735785953176,253.79397993311036,-0.032497525215148926
frame268,167.5875668449198,157.49866310160428,154.44919786096256,228.9685618729097,251.99397993311038,254.20133779264214,-0.026759177446365356
frame269,167.59491978609626,157.25935828877004,154.05280748663102,228.95384615384614,252.05551839464883,254.0448160535117,-0.022909492254257202
frame270,167.17580213903744,156.84157754010695,153.81550802139037,230.83076923076922,254.72842809364548,254.89966555183946,-0.020131021738052368
frame271,167.1590909090909,157.05213903743316,153.81751336898395,230.8207357859532,254.71839464882945,254.8896321070234,-0.01957198977470398
frame272,166.64505347593584,156.64438502673798,153.46524064171123,230.81070234113713,254.70367892976589,254.87959866220737,-0.018792837858200073
frame273,166.44585561497325,156.4933155080214,153.04144385026737,230.7953177257525,254.69364548494983,254.85953177257525,-0.015511840581893921
frame274,166.17513368983958,156.149064171123,152.96524064171123,231.0,255.0,255.0,-0.02987810969352722
frame275,166.41711229946523,156.6918449197861,153.37633689839572,231.0,255.0,255.0,-0.030376404523849487
frame276,166.46323529411765,156.82820855614975,153.56550802139037,230.9598662207358,254.93578595317726,254.96989966555185,-0.029155731201171875
frame277,166.5635026737968,157.0548128342246,154.0568181818182,230.9598662207358,254.93578595317726,254.96989966555185,-0.02797660231590271
frame278,166.27807486631016,156.95454545454547,153.7379679144385,230.9598662207358,254.93578595317726,254.96989966555185,-0.0263364315032959
frame279,165.8409090909091,156.5922459893048,152.6283422459893,231.0,255.0,255.0,-0.024493247270584106
frame280,166.19986631016042,156.99131016042782,153.03542780748663,231.0,255.0,255.0,-0.023586690425872803
frame281,166.53542780748663,157.41644385026737,153.3135026737968,231.0,255.0,255.0,-0.023082733154296875
frame282,165.76871657754012,156.7774064171123,152.61631016042782,231.0,255.0,255.0,-0.021854311227798462
frame283,162.38569518716577,152.9605614973262,149.0207219251337,230.0,255.0,255.0,-0.03446146845817566
frame284,159.1691176470588,149.798128342246,145.8181818181818,229.0,255.0,255.0,-0.05676084756851196
frame285,155.5735294117647,146.3542780748663,141.81082887700535,229.0,255.0,255.0,-0.06669756770133972
frame286,151.06216577540107,141.71657754010695,136.96791443850267,226.5725752508361,252.9886287625418,254.35117056856188,-0.051656097173690796
frame287,146.60360962566844,137.02874331550802,131.67245989304814,225.63745819397994,252.97190635451506,254.41605351170568,-0.039813727140426636
frame288,142.0066844919786,132.36564171122996,125.60494652406418,225.63745819397994,250.16655518394649,254.5458193979933,-0.04136002063751221
frame289,142.07152406417111,132.2894385026738,125.65307486631016,227.0,251.98327759197323,255.0,-0.04687705636024475
frame290,140.65374331550802,130.7894385026738,123.50200534759358,227.0,249.01070234113712,255.0,-0.051824867725372314
frame291,144.25802139037432,133.94719251336898,129.47860962566844,215.55117056856187,229.6428093645485,245.45752508361204,-0.05667835474014282
frame292,141.74532085561498,132.74866310160428,126.99197860962566,222.0026755852843,238.65484949832776,255.0,-0.05748635530471802
frame293,143.30414438502675,134.67045454545453,129.4899732620321,221.90769230769232,237.57190635451505,255.0,-0.05777508020401001
frame294,144.0855614973262,135.30614973262033,130.52540106951872,220.35183946488294,234.59665551839464,255.0,-0.0582292377948761
frame295,146.5066844919786,137.9144385026738,133.44451871657753,222.91571906354514,237.39464882943145,255.0,-0.058705419301986694
frame296,151.21791443850267,142.94451871657753,138.97994652406416,221.81739130434784,237.19063545150502,255.0,-0.06206387281417847
frame297,156.00401069518716,147.61564171122996,143.80347593582889,228.04347826086956,249.2428093645485,254.93979933110367,-0.06348535418510437
frame298,160.5407754010695,152.41978609625667,149.44050802139037,228.97792642140467,248.21471571906355,254.98193979933112,-0.025715380907058716
frame299,164.0922459893048,155.9191176470588,153.29946524064172,229.97391304347826,245.55451505016723,254.97591973244147,-0.007333546876907349
frame300,167.80347593582889,159.39438502673798,157.44251336898395,228.4876254180602,244.2541806020067,254.96789297658862,-0.0406050980091095
frame301,168.9385026737968,160.39104278074868,158.5360962566845,226.60401337792644,241.55585284280937,254.91304347826087,-0.06128332018852234
frame302,169.4264705882353,161.3389037433155,158.4485294117647,229.9571906354515,248.98595317725753,254.59197324414717,-0.070829838514328
frame303,169.61096256684493,161.49197860962568,158.70320855614975,228.47826086956522,247.97792642140467,254.428762541806,-0.07712802290916443
frame304,169.96122994652407,161.64171122994654,159.0374331550802,226.97257525083612,244.29498327759197,254.82608695652175,-0.0781278908252716
frame305,170.0922459893048,161.77139037433156,159.23863636363637,227.38260869565218,243.2789297658863,254.51772575250837,-0.07658183574676514
frame306,170.44652406417111,161.82085561497325,159.34692513368984,228.17257525083613,244.33311036789297,254.5505016722408,-0.07254374027252197
frame307,170.58288770053477,161.67580213903744,159.11229946524065,224.88026755852843,239.79264214046822,254.55451505016723,-0.06736263632774353
frame308,170.0808823529412,161.12098930481284,158.33689839572193,224.90434782608696,240.13578595317725,254.80735785953178,-0.062311768531799316
frame309,169.5855614973262,160.2105614973262,157.48930481283423,226.65217391304347,246.4648829431438,253.34916387959865,-0.05654877424240112
frame310,169.76270053475935,159.9866310160428,157.8957219251337,226.51638795986622,246.22408026755852,252.41070234113712,-0.05270269513130188
frame311,169.14639037433156,159.3114973262032,157.13368983957218,230.2521739130435,252.68829431438127,254.07692307692307,-0.04545778036117554
frame312,168.74732620320856,158.8870320855615,156.46991978609626,229.94314381270902,253.5732441471572,254.36588628762541,-0.03968203067779541
frame313,168.25935828877004,158.11096256684493,155.84826203208556,230.7752508361204,254.6896321070234,254.85016722408028,-0.032623738050460815
frame314,168.9605614973262,159.0681818181818,155.67580213903744,231.0,255.0,255.0,-0.03003212809562683
frame315,168.87967914438502,158.8576203208556,155.72393048128342,231.0,255.0,255.0,-0.026113510131835938
frame316,168.3068181818182,158.22326203208556,155.11631016042782,231.0,255.0,255.0,-0.016600966453552246
frame317,168.4157754010695,158.71189839572193,155.52272727272728,231.0,255.0,255.0,-0.027717769145965576
frame318,168.16844919786095,158.64171122994654,155.4191176470588,231.0,255.0,255.0,-0.026775479316711426
frame319,168.38034759358288,158.8235294117647,155.44117647058823,231.0,255.0,255.0,-0.02755632996559143
frame320,168.5635026737968,159.34692513368984,156.27673796791444,231.0,255.0,255.0,-0.03110557794570923
frame321,168.29344919786095,158.85828877005346,155.951871657754,231.0,255.0,255.0,-0.03160521388053894
frame322,168.39705882352942,158.97994652406416,156.1129679144385,231.0,255.0,255.0,-0.033088743686676025
frame323,168.5340909090909,159.17179144385025,156.32286096256684,231.0,255.0,255.0,-0.03474435210227966
frame324,168.36229946524065,159.26136363636363,156.3114973262032,231.0,255.0,255.0,-0.035568833351135254
frame325,168.37967914438502,159.2379679144385,156.21189839572193,231.0,255.0,255.0,-0.03602686524391174
frame326,165.8629679144385,156.50601604278074,153.97526737967914,230.0,255.0,255.0,-0.029997289180755615
frame327,162.2860962566845,152.60895721925132,149.7533422459893,230.0,255.0,255.0,-0.038599878549575806
frame328,158.9451871657754,149.50935828877004,146.2533422459893,229.0,255.0,255.0,-0.05944439768791199
frame329,154.82486631016042,145.23930481283423,141.94652406417111,228.0,255.0,255.0,-0.06944772601127625
frame330,150.4144385026738,140.7874331550802,136.4418449197861,227.0,254.98327759197323,255.0,-0.05802583694458008
frame331,146.47058823529412,136.8168449197861,131.83155080213905,227.0,253.98327759197323,255.0,-0.04670831561088562
frame332,143.83622994652407,134.0701871657754,128.38034759358288,227.0,250.98327759197323,255.0,-0.046969056129455566
frame333,142.42379679144386,132.43114973262033,126.3475935828877,227.0,250.0,255.0,-0.05134314298629761
frame334,140.8923796791444,130.23395721925132,123.79478609625669,225.2173913043478,247.9959866220736,255.0,-0.054937899112701416
frame335,144.0568181818182,134.43048128342247,128.1457219251337,219.37324414715718,241.12976588628763,246.5685618729097,-0.05935150384902954
frame336,139.31082887700535,129.82754010695186,124.72058823529412,226.78996655518395,247.36989966555183,254.97792642140467,-0.056102246046066284
frame337,139.39438502673798,130.63569518716577,126.3816844919786,223.73110367892977,240.91772575250837,254.94983277591973,-0.05518341064453125
frame338,139.22727272727272,131.82286096256684,128.79545454545453,221.47491638795987,237.29765886287626,255.0,-0.05543839931488037
frame339,140.27005347593584,132.67513368983958,129.8068181818182,221.91772575250837,239.3056856187291,255.0,-0.055089741945266724
frame340,143.68449197860963,136.21189839572193,133.9639037433155,221.12976588628763,237.05819397993312,255.0,-0.05775332450866699
frame341,148.1577540106952,140.77272727272728,138.6898395721925,226.0655518394649,246.80200668896322,254.42608695652174,-0.05986672639846802
frame342,152.08622994652407,144.90040106951872,143.22459893048128,229.0,249.58394648829432,255.0,-0.06064790487289429
frame343,155.69652406417111,148.2058823529412,147.42179144385025,229.0,246.79197324414716,255.0,-0.04211843013763428
frame344,159.36564171122996,152.12700534759358,151.9264705882353,228.41605351170568,243.0,255.0,0.02261999249458313
frame345,162.4826203208556,154.96323529411765,155.24598930481284,226.5030100334448,240.08963210702342,255.0,0.021351397037506104
frame346,162.77540106951872,155.27941176470588,155.59692513368984,226.76387959866221,242.65351170568562,253.5257525083612,0.00013768672943115234
frame347,163.18114973262033,155.45521390374333,155.5975935828877,228.04882943143812,243.0086956521739,254.4334448160535,-0.04965311288833618
frame348,163.11697860962568,155.27272727272728,155.35895721925132,223.62876254180603,238.54247491638796,254.58060200668896,-0.047357141971588135
frame349,163.34826203208556,155.31216577540107,155.4385026737968,225.4648829431438,239.8113712374582,254.34648829431438,-0.04426950216293335
frame350,164.41510695187165,155.00802139037432,153.81550802139037,225.35451505016724,241.02541806020068,253.84816053511705,-0.039148569107055664
frame351,164.01804812834226,154.2860962566845,152.94652406417111,224.39197324414715,237.49096989966554,254.1839464882943,-0.03276363015174866
frame352,163.68917112299465,153.84959893048128,152.44251336898395,227.26421404682273,246.51170568561872,255.0,-0.028675168752670288
frame353,163.04745989304814,152.85828877005346,151.14839572192514,230.31304347826088,252.5638795986622,254.34180602006688,-0.030568182468414307
frame354,162.81082887700535,152.58355614973263,150.85026737967914,230.54916387959867,252.95250836120402,254.3819397993311,-0.031403422355651855
frame355,162.63970588235293,152.25200534759358,150.52673796791444,231.59866220735785,254.35785953177256,254.76588628762542,-0.030276983976364136
frame356,162.3355614973262,151.80213903743316,150.13368983957218,230.59866220735785,254.33444816053512,254.7190635451505,-0.030997365713119507
frame357,162.00802139037432,151.4331550802139,149.78542780748663,230.85953177257525,254.80602006688963,254.90635451505017,-0.03718656301498413
frame358,161.88903743315507,151.4592245989305,149.9899732620321,230.85284280936455,254.79933110367892,254.89966555183946,-0.03915524482727051
frame359,161.75133689839572,151.21991978609626,149.66377005347593,230.84615384615384,254.79264214046822,254.89297658862876,-0.0433865487575531
frame360,161.59291443850267,151.45254010695186,149.85695187165774,230.84615384615384,254.79264214046822,254.89297658862876,-0.04387965798377991
frame361,161.77205882352942,151.9966577540107,150.3114973262032,230.84615384615384,254.79264214046822,254.89966555183946,-0.03566107153892517
frame362,161.55748663101605,151.1885026737968,149.75066844919786,231.0,255.0,255.0,-0.03927198052406311
frame363,161.36363636363637,150.875,149.54946524064172,231.0,255.0,255.0,-0.045993298292160034
frame364,161.37967914438502,151.19117647058823,150.1403743315508,231.0,255.0,255.0,-0.04381805658340454
frame365,161.2159090909091,150.97660427807486,149.90708556149733,231.0,255.0,255.0,-0.04420953989028931
frame366,161.1764705882353,150.92847593582889,149.8235294117647,231.0,255.0,255.0,-0.04626533389091492
frame367,161.21858288770053,150.95855614973263,149.8409090909091,231.0,255.0,255.0,-0.04762217402458191
frame368,161.173128342246,151.03810160427807,149.82486631016042,231.0,255.0,255.0,-0.04825228452682495
frame369,161.00735294117646,150.79211229946523,149.50066844919786,231.0,255.0,255.0,-0.05272817611694336
frame370,160.4211229946524,150.28676470588235,148.96524064171123,231.0,255.0,255.0,-0.061268895864486694
frame371,156.81417112299465,146.5307486631016,144.86363636363637,230.0,255.0,255.0,-0.07273232936859131
frame372,152.83957219251337,142.4090909090909,139.72393048128342,229.0,254.04682274247492,255.0,-0.0707826316356659
frame373,148.54545454545453,138.31283422459893,134.93248663101605,229.0,254.0361204013378,255.0,-0.061881035566329956
frame374,143.8475935828877,133.65641711229947,130.4846256684492,228.0,254.00066889632106,255.0,-0.0558372437953949
frame375,139.52339572192514,129.27205882352942,125.34157754010695,227.0,254.0,255.0,-0.05353829264640808
frame376,135.90374331550802,125.85160427807487,121.5120320855615,227.0,250.0,255.0,-0.05260413885116577
frame377,134.85360962566844,124.49732620320856,119.90641711229947,226.0,248.0,255.0,-0.051972776651382446
frame378,133.72794117647058,122.77139037433155,117.32553475935829,225.00133779264215,246.0040133779264,255.0,-0.05131468176841736
frame379,132.5842245989305,120.99732620320856,115.58890374331551,226.77391304347827,251.27290969899664,255.0,-0.0502508282661438
frame380,135.39973262032086,125.8683155080214,123.35026737967914,199.89498327759196,209.25551839464882,223.73377926421404,-0.05427798628807068
frame381,122.17245989304813,114.48529411764706,109.76604278074866,221.80468227424748,239.01204013377927,255.0,-0.047808706760406494
frame382,122.54946524064171,115.01403743315508,110.29812834224599,215.1030100334448,231.4675585284281,252.44147157190636,-0.044417232275009155
frame383,123.39839572192513,116.08890374331551,111.58890374331551,215.5799331103679,231.8066889632107,254.01672240802677,-0.04358038306236267
frame384,125.77874331550802,118.53008021390374,114.45254010695187,216.56321070234114,232.8066889632107,255.0,-0.03986242413520813
frame385,128.85628342245988,121.9451871657754,118.03877005347593,217.48896321070234,233.48896321070234,253.63210702341138,-0.03634458780288696
frame386,133.08155080213905,125.88235294117646,123.399064171123,219.27558528428094,237.07491638795986,250.00535117056856,-0.028347432613372803
frame387,136.70989304812835,129.41644385026737,127.34491978609626,225.6943143812709,245.78996655518395,253.30969899665553,-0.0026838481426239014
frame388,140.66978609625667,133.62232620320856,132.5568181818182,228.0782608695652,244.8628762541806,254.2133779264214,0.07840734720230103
frame389,144.56951871657753,137.64371657754012,136.96991978609626,228.4046822742475,242.11571906354516,253.97257525083612,1.282753825187683
frame390,147.2707219251337,140.21122994652407,140.0066844919786,225.80401337792642,238.82809364548496,254.82341137123746,3.242342233657837
frame391,147.4558823529412,140.63903743315507,139.95989304812835,223.29565217391306,235.80802675585284,254.8133779264214,2.0110232830047607
frame392,147.39171122994654,140.69050802139037,139.82754010695186,222.00133779264215,235.28227424749164,251.90167224080267,2.384752035140991
frame393,148.1557486631016,141.1644385026738,140.7707219251337,223.0247491638796,237.6334448160535,251.93377926421405,2.639894723892212
frame394,148.30414438502675,141.28475935828877,140.96122994652407,224.1551839464883,238.82876254180601,254.16655518394649,2.720578908920288
frame395,148.77005347593584,141.53475935828877,141.53141711229947,222.17458193979934,237.08829431438127,254.41872909698998,2.6932647228240967
frame396,149.62299465240642,142.27874331550802,141.77205882352942,224.6153846153846,240.02341137123747,253.2849498327759,2.617297649383545
frame397,150.65307486631016,142.0842245989305,141.9418449197861,224.35852842809365,239.0046822742475,253.5638795986622,2.4527857303619385
frame398,152.04211229946523,142.3048128342246,142.56417112299465,224.10234113712374,237.10234113712374,254.10234113712374,2.032895088195801
frame399,151.84826203208556,142.00200534759358,142.06216577540107,221.77591973244148,236.352508361204,254.2086956521739,1.520160436630249
frame400,152.60026737967914,142.63903743315507,143.06417112299465,224.97658862876253,244.11505016722407,252.77391304347827,1.3258166313171387
frame401,152.52874331550802,142.4625668449198,142.8542780748663,230.28160535117055,252.34515050167224,254.19598662207358,1.3330880403518677
frame402,152.52005347593584,142.68382352941177,142.96657754010695,229.12374581939798,251.99665551839465,253.8628762541806,1.4259079694747925
frame403,153.68248663101605,144.20521390374333,144.87032085561498,230.47224080267557,254.27759197324414,254.68896321070235,1.5222829580307007
frame404,153.5548128342246,144.45454545454547,145.02005347593584,230.46822742474916,254.27558528428094,254.68695652173912,1.5620288848876953
frame405,153.5855614973262,144.48328877005346,145.2399732620321,230.4200668896321,254.20334448160534,254.61471571906355,1.5135434865951538
frame406,153.84826203208556,145.00802139037432,145.73930481283423,230.4200668896321,254.22742474916387,254.63879598662209,1.3646767139434814
frame407,153.1918449197861,144.07286096256684,144.82954545454547,230.91839464882943,254.88361204013378,254.93110367892976,1.331606388092041
frame408,153.61564171122996,144.72860962566844,145.60695187165774,231.0,255.0,255.0,1.2466102838516235
frame409,153.40441176470588,144.39438502673798,145.28208556149733,231.0,255.0,255.0,1.2175030708312988
frame410,153.8883689839572,144.3649732620321,144.625,231.0,255.0,255.0,1.2357934713363647
frame411,153.86564171122996,144.36764705882354,144.6149732620321,231.0,255.0,255.0,1.2966126203536987
frame412,153.9879679144385,144.52473262032086,144.85026737967914,231.0,255.0,255.0,1.40546715259552
frame413,154.14772727272728,144.9264705882353,145.14772727272728,231.0,255.0,255.0,1.5803040266036987
frame414,154.07286096256684,144.80414438502675,145.1590909090909,231.0,255.0,255.0,1.754603385925293
frame415,152.90441176470588,143.5909090909091,144.04144385026737,231.0,255.0,255.0,1.9303523302078247
frame416,149.10561497326202,139.6183155080214,139.4639037433155,230.0,255.0,255.0,2.027230739593506
frame417,145.40106951871658,136.09959893048128,135.0100267379679,229.0,254.0,255.0,2.1505391597747803
frame418,141.80748663101605,132.39639037433156,130.6985294117647,228.0,254.0,255.0,2.2065775394439697
frame419,137.5842245989305,128.14104278074868,125.56550802139037,228.0,254.0,255.0,2.09592604637146
frame420,133.3616310160428,123.90441176470588,120.88302139037434,227.0,254.0,255.0,1.991458773612976
frame421,129.60294117647058,120.149064171123,116.80548128342247,227.0,249.0,255.0,2.0652036666870117
frame422,128.58823529411765,119.33155080213903,116.00401069518716,227.0,249.0,255.0,2.3502893447875977
frame423,127.60494652406418,117.66978609625669,113.79411764705883,225.0,246.0,255.0,2.830360174179077
frame424,131.0340909090909,119.79879679144385,116.17513368983957,224.87224080267558,247.64347826086956,253.1103678929766,3.512692928314209
frame425,131.54010695187165,122.28877005347593,119.25601604278074,222.94916387959867,241.23745819397993,252.12240802675586,4.237124919891357
frame426,126.96657754010695,118.11096256684492,113.83088235294117,223.37792642140468,242.63678929765885,254.97859531772576,4.567513942718506
frame427,127.48863636363636,118.91176470588235,114.66109625668449,215.88494983277593,229.20200668896322,254.44214046822742,4.768690586090088
frame428,127.93114973262033,119.3409090909091,115.03342245989305,215.93779264214047,229.1551839464883,254.41939799331104,4.87380838394165
frame429,130.35695187165774,121.89505347593582,118.20320855614973,217.27491638795988,230.8903010033445,253.53110367892975,4.898340702056885
frame430,134.75534759358288,126.3201871657754,123.27339572192513,217.45083612040133,231.68160535117056,251.55384615384617,4.874467849731445
frame431,138.7907754010695,130.22125668449198,127.6951871657754,225.41337792642142,246.54715719063546,253.276254180602,4.800547122955322
frame432,142.53676470588235,133.88101604278074,131.91310160427807,227.571237458194,246.88494983277593,253.88695652173914,4.2592878341674805
frame433,146.40173796791444,137.88903743315507,136.82553475935828,227.95852842809364,244.56521739130434,254.0561872909699,3.362388849258423
frame434,149.86965240641712,142.34291443850267,141.49799465240642,228.0334448160535,240.98327759197323,255.0,3.193027973175049
frame435,150.76403743315507,143.11631016042782,142.30748663101605,226.0334448160535,238.98327759197323,255.0,1.9939724206924438
frame436,150.95989304812835,143.423128342246,142.64505347593584,222.74314381270904,235.2133779264214,253.16722408026754,1.6578874588012695
frame437,151.25868983957218,143.7961229946524,143.12232620320856,221.25685618729096,234.34515050167224,250.41270903010033,1.4215096235275269
frame438,152.19652406417111,144.5581550802139,144.26069518716577,224.92040133779264,240.790635451505,253.30769230769232,1.1509250402450562
frame439,152.05013368983958,144.43716577540107,144.13368983957218,223.68829431438127,239.0628762541806,253.93979933110367,0.9405083656311035
frame440,152.6423796791444,144.8081550802139,144.8870320855615,223.3551839464883,238.49030100334448,252.83076923076922,0.8731236457824707
frame441,153.63970588235293,144.8355614973262,145.69719251336898,223.90167224080267,238.6675585284281,252.790635451505,0.9369566440582275
frame442,153.01403743315507,144.06283422459893,144.6644385026738,223.63745819397994,238.62943143812709,252.64816053511706,1.0019100904464722
frame443,153.77673796791444,144.69652406417111,145.0808823529412,224.0675585284281,239.523745819398,253.561872909699,1.0264582633972168
frame444,153.51604278074868,144.57954545454547,144.40708556149733,223.04615384615386,238.7545150501672,252.78127090301004,1.0364753007888794
frame445,153.77139037433156,144.0842245989305,144.48328877005346,226.3324414715719,245.23478260869564,252.63678929765885,1.045218586921692
frame446,153.92446524064172,144.2159090909091,142.92379679144386,226.8581939799331,248.8294314381271,252.97725752508362,1.0474478006362915
frame447,154.26671122994654,144.42179144385025,143.40508021390374,229.51638795986622,252.8448160535117,254.26555183946488,1.0547633171081543
frame448,154.1216577540107,144.5173796791444,143.35494652406416,229.43478260869566,252.76321070234113,254.10234113712374,1.064017415046692
frame449,153.60895721925132,143.82419786096256,142.88435828877004,229.3531772575251,252.61672240802676,254.02073578595318,1.0753717422485352
frame450,153.74933155080214,144.12433155080214,143.3816844919786,230.69899665551839,254.49832775919734,254.79933110367892,1.093202829360962
frame451,153.71189839572193,144.47459893048128,143.60695187165774,230.68227424749165,254.48160535117057,254.76588628762542,1.1152359247207642
frame452,153.58823529411765,144.1931818181818,143.27941176470588,230.68227424749165,254.48160535117057,254.76588628762542,1.1390594244003296
frame453,153.76403743315507,144.69451871657753,143.86096256684493,230.66555183946488,254.4648829431438,254.74916387959865,1.1636631488800049
frame454,153.56550802139037,144.30949197860963,143.45788770053477,230.66555183946488,254.4648829431438,254.74916387959865,1.2029954195022583
frame455,153.87633689839572,144.67847593582889,143.9318181818182,230.66555183946488,254.4648829431438,254.74916387959865,1.26469886302948
frame456,153.85494652406416,144.875,144.40173796791444,231.0,255.0,255.0,1.4454846382141113
frame457,153.80013368983958,144.52540106951872,143.80949197860963,231.0,255.0,255.0,1.6846939325332642
frame458,153.60227272727272,144.173128342246,145.13569518716577,231.0,255.0,255.0,1.867494821548462
frame459,153.5173796791444,144.2192513368984,145.17446524064172,231.0,255.0,255.0,1.9678165912628174
frame460,150.98729946524065,141.36229946524065,141.9966577540107,231.0,255.0,255.0,2.0518875122070312
frame461,146.54879679144386,137.00267379679144,136.75467914438502,230.0,254.0,255.0,2.18925404548645
frame462,142.50601604278074,132.99933155080214,131.63302139037432,229.0,255.0,255.0,2.373650074005127
frame463,138.201871657754,128.6423796791444,126.48195187165776,228.0,253.98327759197323,255.0,2.6444387435913086
frame464,133.82553475935828,124.19652406417113,121.43181818181819,226.49966555183946,253.27826086956523,254.74983277591974,2.981769323348999
frame465,129.6350267379679,120.16644385026738,116.57352941176471,226.52240802675584,252.323745819398,254.8180602006689,3.444456100463867
frame466,126.82553475935829,117.29745989304813,112.94719251336899,227.0,248.9665551839465,255.0,3.914121150970459
frame467,126.04679144385027,116.06149732620321,111.475935828877,227.0,249.0,255.0,4.38323450088501
frame468,125.14237967914438,114.4692513368984,109.50401069518716,225.55451505016723,246.72040133779265,255.0,4.655097484588623
frame469,137.20454545454547,125.26069518716578,122.34157754010695,206.75585284280936,222.6876254180602,230.70635451505018,4.77669095993042
frame470,140.4485294117647,130.9351604278075,131.20254010695186,195.91304347826087,202.24013377926423,217.90367892976587,4.854958534240723
frame471,128.55013368983958,121.20320855614973,122.09558823529412,226.076254180602,248.73846153846154,255.0,4.931502819061279
frame472,129.17446524064172,122.16510695187166,122.95454545454545,223.51638795986622,241.16187290969899,255.0,4.9569926261901855
frame473,130.66644385026737,123.91243315508021,125.22860962566845,225.2140468227425,242.69832775919733,254.93578595317726,4.979151248931885
frame474,132.30213903743316,125.55681818181819,127.2379679144385,225.36588628762541,244.63411371237459,254.96789297658862,4.971047401428223
frame475,135.25935828877004,128.6851604278075,130.93382352941177,224.04749163879598,242.60401337792644,254.05083612040133,4.875030040740967
frame476,139.1129679144385,132.3542780748663,135.1918449197861,227.20401337792643,246.76254180602007,254.65953177257526,3.468726873397827
frame477,143.15508021390374,136.73195187165774,140.12633689839572,228.87959866220737,247.2494983277592,254.9297658862876,3.130476236343384
frame478,146.78342245989305,140.40441176470588,144.60360962566844,227.47558528428092,243.58528428093646,255.0,3.099827527999878
frame479,150.3389037433155,143.94585561497325,148.39304812834226,226.38327759197324,242.08561872909698,255.0,2.3160276412963867
frame480,153.51136363636363,147.22660427807486,151.89304812834226,229.6314381270903,246.13377926421404,254.50234113712375,0.9189755916595459
frame481,153.43582887700535,147.05280748663102,151.5975935828877,226.40066889632106,241.30903010033444,254.12909698996654,0.6455802917480469
frame482,153.5635026737968,147.3201871657754,151.8389037433155,224.6107023411371,239.77859531772575,254.97792642140467,0.7537449598312378
frame483,154.12433155080214,147.44652406417111,150.2072192513369,228.54782608695652,244.28227424749164,253.93779264214047,0.8898415565490723
frame484,154.17179144385025,147.20521390374333,150.0875668449198,228.22742474916387,243.08695652173913,254.50836120401337,0.9465793371200562
frame485,154.17446524064172,147.19451871657753,149.88235294117646,225.81270903010034,240.46220735785954,254.685618729097,0.9659051895141602
frame486,153.7379679144385,146.1183155080214,149.0601604278075,228.0040133779264,248.37257525083612,254.60802675585285,0.9774916172027588
frame487,153.42379679144386,145.66978609625667,148.3148395721925,229.47491638795987,251.49030100334448,254.0448160535117,0.9826934337615967
frame488,153.48195187165774,145.5842245989305,148.32620320855614,230.72173913043477,253.25886287625417,254.34983277591974,0.9851909875869751
frame489,153.29679144385025,145.60895721925132,148.3201871657754,230.6494983277592,253.1792642140468,254.27759197324414,0.9866859912872314
frame490,153.1283422459893,145.00200534759358,148.0066844919786,232.0,255.0,255.0,0.988116979598999
frame491,152.8014705882353,144.63636363636363,147.49598930481284,231.0,255.0,255.0,0.9900804758071899
frame492,152.91377005347593,144.94986631016042,147.73328877005346,231.0,255.0,255.0,0.9916079044342041
frame493,152.74398395721926,144.7633689839572,147.68783422459893,231.0,255.0,255.0,0.9931131601333618
frame494,152.7125668449198,144.75401069518716,147.70521390374333,231.0,255.0,255.0,0.9932019710540771
frame495,152.64839572192514,144.85227272727272,148.02205882352942,231.0,255.0,255.0,0.9924631118774414
frame496,152.39705882352942,144.40173796791444,147.49264705882354,231.0,255.0,255.0,0.993121862411499
frame497,152.15374331550802,144.5427807486631,147.5441176470588,231.0,255.0,255.0,0.9928028583526611
frame498,152.31550802139037,144.67847593582889,147.63970588235293,231.0,255.0,255.0,0.9920480251312256
frame499,152.08155080213905,144.62098930481284,147.62901069518716,231.0,255.0,255.0,0.9929705858230591
frame500,152.1383689839572,144.7379679144385,147.75267379679144,231.0,255.0,255.0,0.9935425519943237
frame501,151.9572192513369,144.65842245989305,147.64371657754012,231.0,254.05284280936453,255.0,0.9950517416000366
frame502,151.78008021390374,144.42045454545453,147.26470588235293,231.0,254.0267558528428,255.0,0.9958072900772095
frame503,151.35828877005346,143.8903743315508,146.81951871657753,231.0,254.0267558528428,255.0,0.9981578588485718
frame504,151.05213903743316,143.45254010695186,146.27339572192514,231.0,254.0267558528428,255.0,1.0013654232025146
frame505,150.25467914438502,142.55949197860963,145.475935828877,231.0,254.0267558528428,255.0,1.004319667816162
frame506,146.1370320855615,138.8068181818182,141.10160427807486,230.0,253.05351170568562,255.0,1.0192097425460815
frame507,141.0788770053476,134.64705882352942,135.52540106951872,229.0,253.36789297658862,255.0,1.0238816738128662
frame508,136.88636363636363,130.21791443850267,130.45989304812835,228.0,253.36789297658862,255.0,1.024735450744629
frame509,132.08021390374333,125.3663101604278,124.48262032085562,227.0,253.05351170568562,255.0,1.0235369205474854
frame510,128.09826203208556,121.34558823529412,120.52139037433155,227.0,251.0,255.0,1.022951602935791
frame511,124.57152406417113,117.43382352941177,115.95254010695187,226.0,248.0,255.0,1.0195121765136719
frame512,122.77874331550802,114.81417112299465,113.76270053475936,224.0,246.0,255.0,1.0165807008743286
frame513,121.40374331550802,112.81751336898395,111.35026737967914,223.30769230769232,243.71170568561874,255.0,1.009732961654663
frame514,121.7927807486631,112.29679144385027,110.7774064171123,227.84080267558528,254.39264214046824,255.0,1.009132742881775
frame515,121.21524064171123,114.77606951871658,117.79077540106952,216.609364548495,235.79665551839466,245.2608695652174,1.020547866821289
frame516,105.64237967914438,101.60160427807487,102.1524064171123,227.0,244.94916387959867,255.0,1.0236564874649048
frame517,106.59291443850267,103.41243315508021,104.27272727272727,222.97257525083612,241.17591973244149,255.0,1.0183862447738647
frame518,108.6524064171123,106.2433155080214,107.20454545454545,226.4923076923077,244.038127090301,254.95585284280938,1.022311806678772
frame519,110.33021390374331,107.64237967914438,110.9605614973262,224.69765886287627,242.94916387959867,254.11103678929766,1.0252771377563477
frame520,114.03475935828877,111.51270053475936,115.06885026737967,224.714381270903,244.61204013377926,253.94247491638797,1.027272343635559
frame521,117.66978609625669,115.32754010695187,119.5975935828877,228.0,245.0,255.0,1.0318399667739868
frame522,121.19117647058823,118.8683155080214,124.2225935828877,229.0,243.0,255.0,1.0586605072021484
frame523,125.27606951871658,122.97192513368984,128.95655080213905,225.09030100334448,240.18060200668896,255.0,3.0266647338867188
frame524,128.93582887700535,126.80815508021391,133.36965240641712,225.1551839464883,238.1484949832776,255.0,3.0428709983825684
frame525,130.99197860962568,128.77807486631016,135.6216577540107,228.6086956521739,245.49364548494984,254.83678929765887,3.0482306480407715
frame526,130.81751336898395,128.50601604278074,135.350935828877,226.0,242.0,255.0,3.0504159927368164
frame527,131.10160427807486,128.78141711229947,135.73328877005346,226.3591973244147,242.8521739130435,255.0,3.075132131576538
frame528,131.45454545454547,128.9318181818182,135.96657754010695,227.9170568561873,242.9170568561873,254.43946488294316,3.0755295753479004
frame529,131.8716577540107,129.18449197860963,136.36029411764707,226.5304347826087,242.42608695652174,254.68695652173912,3.0720791816711426
frame530,131.97326203208556,128.88903743315507,135.6590909090909,226.21471571906355,241.58327759197326,254.94648829431438,3.07045578956604
frame531,132.32620320855614,128.60561497326202,135.27874331550802,229.13645484949834,250.67023411371238,254.15451505016722,3.0659146308898926
frame532,131.92914438502675,128.16510695187165,134.83155080213905,230.54916387959867,252.95250836120402,254.3819397993311,3.068101644515991
frame533,132.38302139037432,128.19652406417111,135.34157754010695,231.1438127090301,253.81270903010034,254.53846153846155,3.0767552852630615
frame534,132.0681818181818,127.88302139037434,134.75467914438502,230.59866220735785,254.33444816053512,254.7190635451505,3.0758261680603027
frame535,132.05548128342247,127.64772727272727,134.8288770053476,230.5752508361204,254.30434782608697,254.6722408026756,3.0729222297668457
frame536,132.09291443850267,128.21189839572193,135.84558823529412,230.85284280936455,254.79933110367892,254.89966555183946,3.075770139694214
frame537,132.06885026737967,128.42847593582889,136.3322192513369,230.84615384615384,254.79264214046822,254.89297658862876,3.081697940826416
frame538,132.4351604278075,129.11965240641712,137.18582887700535,230.84615384615384,254.79264214046822,254.89297658862876,3.0889945030212402
frame539,132.5033422459893,129.37232620320856,137.50802139037432,230.84615384615384,254.79264214046822,254.89297658862876,3.095079183578491
frame540,132.61363636363637,129.4211229946524,137.7673796791444,231.0,255.0,255.0,3.0990967750549316
frame541,132.95855614973263,129.59893048128342,138.27272727272728,231.0,255.0,255.0,3.1042041778564453
frame542,133.2941176470588,130.15508021390374,139.38101604278074,231.0,255.0,255.0,3.1190145015716553
frame543,132.76938502673798,131.0909090909091,139.23195187165774,231.0,254.01672240802677,255.0,3.114858627319336
frame544,132.49532085561498,130.81550802139037,138.7105614973262,231.0,254.01672240802677,255.0,3.107320785522461
frame545,132.55013368983958,130.84893048128342,139.225935828877,231.0,254.01672240802677,255.0,3.1125404834747314
frame546,132.7907754010695,131.26671122994654,139.6798128342246,231.0,253.0334448160535,255.0,3.119089126586914
frame547,132.56951871657753,130.91644385026737,139.6183155080214,231.0,253.0334448160535,255.0,3.120602607727051
frame548,132.0735294117647,130.44117647058823,138.89839572192514,231.0,253.0334448160535,255.0,3.110828161239624
frame549,132.1851604278075,130.55213903743316,139.0822192513369,231.0,253.0334448160535,255.0,3.110546112060547
frame550,129.97125668449198,128.20320855614975,136.24264705882354,231.0,253.0,255.0,3.1057004928588867
frame551,126.16978609625669,124.31684491978609,131.71858288770053,230.0,253.0,255.0,3.0924854278564453
frame552,121.76604278074866,119.64572192513369,126.17312834224599,229.0,253.0,255.0,3.0743188858032227
frame553,117.24866310160428,115.15040106951872,120.39973262032086,228.0,253.0,255.0,3.0624961853027344
frame554,113.5340909090909,111.19719251336899,115.93716577540107,228.0,252.0,255.0,3.0570855140686035
frame555,108.29478609625669,106.33021390374331,111.53542780748663,227.0,249.80535117056857,255.0,3.05110502243042
frame556,105.51671122994652,103.06751336898395,107.36497326203208,224.81872909698995,246.02341137123747,255.0,3.054962396621704
frame557,101.7379679144385,98.54545454545455,101.60561497326204,224.19264214046822,244.38528428093645,255.0,3.04038405418396
frame558,99.30614973262033,95.63034759358288,97.65508021390374,224.43411371237457,246.7779264214047,255.0,3.039790153503418
frame559,111.57820855614973,105.39171122994652,109.42446524064171,223.60602006688964,248.06153846153848,251.36923076923077,3.048894166946411
frame560,106.04812834224599,101.59358288770053,105.13569518716578,174.0,173.14046822742475,180.95785953177258,3.0345301628112793
frame561,81.03141711229947,80.39572192513369,84.71657754010695,226.62341137123747,242.5953177257525,254.8160535117057,3.0372021198272705
frame562,78.93582887700535,80.22660427807487,84.8663101604278,217.94314381270902,234.26822742474917,252.61003344481605,3.037771463394165
frame563,81.41711229946524,83.37299465240642,89.15508021390374,215.66622073578594,229.5772575250836,250.4428093645485,3.039217472076416
frame564,84.05147058823529,86.43449197860963,93.3355614973262,213.22140468227425,227.4267558528428,248.67023411371238,3.0284948348999023
frame565,86.29077540106952,88.82419786096257,96.01069518716578,216.45484949832775,229.72709030100336,251.51973244147158,3.03303861618042
frame566,90.79745989304813,93.64505347593582,101.77941176470588,215.55518394648828,228.46354515050166,247.75585284280936,3.0407216548919678
frame567,93.72526737967914,97.71791443850267,106.19117647058823,226.13311036789298,245.3304347826087,253.63946488294314,3.049598455429077
frame568,96.77339572192513,100.93716577540107,111.05815508021391,226.73578595317727,242.9913043478261,254.59063545150502,3.042912721633911
frame569,99.93516042780749,104.3663101604278,115.0427807486631,227.87224080267558,242.16120401337793,255.0,3.0367369651794434
frame570,103.51804812834224,108.16711229946524,119.57085561497327,226.0334448160535,238.98327759197323,255.0,3.030402183532715
frame571,105.17379679144385,110.01270053475936,121.8716577540107,224.6722408026756,236.2173913043478,255.0,3.0289793014526367
frame572,105.5,110.42780748663101,121.89505347593582,225.71103678929765,240.28829431438126,252.68829431438127,3.0313408374786377
frame573,106.17245989304813,110.79077540106952,122.66042780748663,225.56120401337793,241.3571906354515,254.609364548495,3.0339767932891846
frame574,106.9966577540107,111.38903743315508,123.27540106951872,225.56321070234114,240.11839464882942,254.9264214046823,3.0363800525665283
frame575,106.99933155080214,111.25133689839572,122.5548128342246,225.80267558528428,240.52642140468228,254.37859531772574,3.0371649265289307
frame576,108.23596256684492,112.41711229946524,124.03342245989305,226.44080267558527,241.34180602006688,253.95652173913044,3.0386362075805664
frame577,109.20655080213903,113.23863636363636,125.00601604278074,225.16588628762543,238.94782608695652,254.1391304347826,3.0407028198242188
frame578,109.49933155080214,113.3716577540107,125.29545454545455,225.49765886287625,241.3866220735786,254.5505016722408,3.0437350273132324
frame579,110.1951871657754,114.14839572192513,125.63435828877006,230.00066889632106,251.59063545150502,254.36454849498327,3.0495145320892334
frame580,111.32620320855615,114.05280748663101,124.25200534759358,230.51638795986622,252.9264214046823,254.1839464882943,3.0399789810180664
frame581,112.18114973262033,114.87700534759358,125.4846256684492,231.27759197324414,253.923745819398,254.56588628762543,3.038130521774292
frame582,113.01136363636364,115.86363636363636,126.67179144385027,231.52240802675584,254.34046822742474,254.68160535117056,3.042701005935669
frame583,113.5461229946524,116.35227272727273,127.30748663101605,232.0,255.0,255.0,3.0474205017089844
frame584,114.05147058823529,116.8836898395722,128.14438502673798,232.0,255.0,255.0,3.0545339584350586
frame585,115.22526737967914,117.93783422459893,129.95053475935828,231.0,255.0,255.0,3.0704100131988525
frame586,116.45053475935829,119.28676470588235,131.94786096256684,231.0,255.0,255.0,3.0988736152648926
frame587,117.32553475935829,120.14973262032086,133.1524064171123,231.0,255.0,255.0,3.127431869506836
frame588,119.19919786096257,122.31550802139037,135.98596256684493,231.0,255.0,255.0,3.201000213623047
frame589,119.58489304812834,122.94652406417113,136.41844919786095,231.0,255.0,255.0,3.2246932983398438
frame590,120.78342245989305,124.1470588235294,138.17847593582889,231.0,255.0,255.0,3.2213335037231445
frame591,120.93449197860963,124.4913101604278,138.65641711229947,231.0,255.0,255.0,3.195585250854492
frame592,121.66377005347593,125.19117647058823,139.99598930481284,231.0,255.0,255.0,3.1641077995300293
frame593,121.86697860962566,125.37700534759358,140.32820855614975,231.0,254.08896321070233,255.0,3.1435389518737793
frame594,122.35895721925134,125.9572192513369,141.0668449197861,231.0,254.08896321070233,255.0,3.1275224685668945
frame595,122.274064171123,125.72192513368984,140.77205882352942,231.0,255.0,255.0,3.117556095123291
frame596,119.27540106951872,122.64772727272727,137.225935828877,230.0,254.11638795986622,255.0,3.1163077354431152
frame597,115.7466577540107,119.04411764705883,132.50868983957218,230.0,254.11638795986622,255.0,3.0680809020996094
frame598,111.91377005347593,115.07352941176471,127.69385026737967,229.0,255.0,255.0,3.0476627349853516
frame599,108.26002673796792,111.20454545454545,122.98262032085562,228.0,254.15183946488295,255.0,3.0254337787628174
frame600,103.60427807486631,106.39639037433155,117.13034759358288,228.0,253.08428093645486,255.0,3.014230966567993
frame601,98.8716577540107,101.06016042780749,111.5340909090909,228.0,250.16387959866222,255.0,3.0147011280059814
frame602,95.11363636363636,97.27072192513369,106.32419786096257,227.03277591973244,248.19665551839464,255.0,3.0184121131896973
frame603,91.93248663101605,93.43114973262033,101.18649732620321,225.02408026755853,246.04816053511706,255.0,3.0167860984802246
frame604,90.80882352941177,91.44986631016043,98.26737967914438,228.0,254.78127090301004,255.0,3.014626979827881
frame605,117.62700534759358,113.60561497326204,119.82219251336899,203.847491638796,217.17391304347825,230.09096989966554,3.0201969146728516
frame606,110.21791443850267,108.85427807486631,118.26604278074866,206.209364548495,219.86889632107022,231.8448160535117,3.004523515701294
frame607,83.52339572192513,87.51002673796792,96.13101604278074,227.55384615384617,253.35585284280936,255.0,3.0153870582580566
frame608,85.19385026737967,89.32954545454545,98.97660427807487,222.93846153846152,240.78996655518395,254.89966555183946,3.015934705734253
frame609,88.45053475935829,93.06751336898395,103.94585561497327,223.79598662207357,241.73578595317727,254.89966555183946,3.007826328277588
frame610,90.13770053475936,95.2433155080214,107.62633689839572,225.76254180602007,243.70234113712374,254.8829431438127,3.0027031898498535
frame611,92.92713903743315,98.08622994652407,110.9725935828877,227.73244147157192,244.30501672240803,254.8494983277592,3.0039138793945312
frame612,96.61096256684492,102.07820855614973,115.37767379679144,228.36588628762541,242.88227424749164,254.8160535117057,3.00964617729187
frame613,100.2072192513369,105.70187165775401,119.82954545454545,227.35785953177256,245.87290969899666,255.0,3.0205254554748535
frame614,103.69585561497327,109.50601604278074,124.13903743315508,226.961872909699,242.9264214046823,255.0,3.0447440147399902
frame615,106.8683155080214,112.80347593582887,128.14171122994654,229.0247491638796,245.58394648829432,255.0,3.097900867462158
frame616,109.36430481283422,115.24398395721926,130.77473262032086,227.0809364548495,243.26956521739132,254.95317725752508,3.1503615379333496
frame617,109.27606951871658,115.28877005347593,132.62299465240642,226.24816053511705,243.05551839464883,255.0,3.259101390838623
frame618,109.34692513368984,115.24732620320856,132.4866310160428,229.761872909699,247.1438127090301,254.62140468227426,3.3155813217163086
frame619,109.9913101604278,116.01671122994652,132.02874331550802,230.52040133779263,245.3913043478261,254.723745819398,3.330524206161499
frame620,109.95989304812834,115.88836898395722,131.74598930481284,227.56588628762543,242.44749163879598,254.6448160535117,3.314030885696411
frame621,110.3816844919786,116.26604278074866,131.576871657754,226.64548494983276,244.1083612040134,255.0,3.2941079139709473
frame622,109.78008021390374,115.2038770053476,129.8409090909091,230.1397993311037,251.91772575250837,254.1772575250836,3.2653493881225586
frame623,109.78609625668449,115.0307486631016,130.11898395721926,231.32976588628762,254.07959866220736,254.65685618729097,3.2524161338806152
frame624,109.56016042780749,114.4605614973262,129.4451871657754,231.72909698996656,254.58929765886288,254.83076923076922,3.221266746520996
frame625,110.34558823529412,115.20521390374331,130.26671122994654,231.69297658862877,254.54849498327758,254.7846153846154,3.2052602767944336
frame626,110.17914438502673,114.8409090909091,129.82152406417111,232.0,255.0,255.0,3.173734664916992
frame627,110.31016042780749,114.76069518716578,129.23195187165774,231.0,255.0,255.0,3.113442897796631
frame628,110.87566844919786,115.67914438502673,130.66711229946523,231.0,255.0,255.0,3.0896849632263184
frame629,110.08155080213903,114.17446524064171,128.22459893048128,231.0,255.0,255.0,3.0787954330444336
frame630,109.16377005347593,113.36096256684492,127.2620320855615,231.0,255.0,255.0,3.06850004196167
frame631,109.7192513368984,113.73262032085562,127.79812834224599,231.0,255.0,255.0,3.065617322921753
frame632,109.27807486631016,113.29344919786097,127.29478609625669,231.0,255.0,255.0,3.0635037422180176
frame633,108.46724598930481,112.56149732620321,126.25267379679144,231.0,255.0,255.0,3.0593976974487305
frame634,107.97192513368984,112.10695187165776,125.69786096256685,231.0,254.0,255.0,3.0557940006256104
frame635,109.29545454545455,113.40775401069519,127.76403743315508,231.0,254.0,255.0,3.059687614440918
frame636,108.93315508021391,113.19986631016043,127.27473262032086,231.0,254.0,255.0,3.0632944107055664
frame637,109.2225935828877,113.49197860962566,127.90441176470588,231.0,253.0,255.0,3.067866086959839
frame638,108.37299465240642,112.67446524064171,126.58957219251337,231.0,253.0,255.0,3.070091485977173
frame639,108.85494652406418,113.21457219251337,127.45855614973262,231.0,252.0,255.0,3.0725631713867188
frame640,109.01270053475936,113.38970588235294,127.5942513368984,231.0,252.0,255.0,3.0768027305603027
frame641,107.9846256684492,111.99799465240642,125.47125668449198,231.0,251.0,255.0,3.0710201263427734
frame642,105.21991978609626,108.61697860962566,121.64839572192513,230.0,252.0,255.0,3.0552308559417725
frame643,102.48863636363636,105.87232620320856,118.41510695187166,229.0,252.0,255.0,3.046241044998169
frame644,99.73262032085562,102.88836898395722,114.9298128342246,229.0,252.0,255.0,3.0428571701049805
frame645,96.05080213903743,98.86697860962566,110.17647058823529,228.0,251.41939799331104,255.0,3.0461182594299316
frame646,90.67312834224599,93.25267379679144,103.2466577540107,228.0,250.3170568561873,255.0,3.0534818172454834
frame647,88.8201871657754,91.06617647058823,100.69852941176471,224.37190635451506,245.37190635451506,255.0,3.0511252880096436
frame648,85.47459893048128,87.30681818181819,96.2105614973262,224.19531772575252,245.24414715719064,255.0,3.050248622894287
frame649,83.23529411764706,84.55681818181819,92.6183155080214,224.7826086956522,247.3665551839465,255.0,3.0487964153289795
frame650,89.83355614973262,89.8903743315508,98.53877005347593,226.94916387959867,252.94515050167223,254.19933110367893,3.042070150375366
frame651,100.69852941176471,97.85561497326204,105.94318181818181,178.08695652173913,177.08695652173913,187.81939799331104,3.047354221343994
frame652,80.29812834224599,80.65106951871658,89.53141711229947,222.36588628762541,236.89966555183946,251.71103678929765,3.039310932159424
frame653,69.05280748663101,74.20120320855615,84.43315508021391,222.94782608695652,241.08160535117057,255.0,3.0303921699523926
frame654,69.61697860962566,75.85895721925134,86.44852941176471,221.90702341137123,239.47692307692307,254.7150501672241,3.0354268550872803
frame655,72.12098930481284,78.725935828877,90.32954545454545,220.35652173913044,237.61471571906355,255.0,3.0339784622192383
frame656,73.1062834224599,79.7620320855615,91.19919786096257,221.19130434782608,239.81003344481604,255.0,3.031627893447876
frame657,77.85762032085562,84.99398395721926,97.66109625668449,220.49498327759198,237.21204013377925,253.94648829431438,3.0298714637756348
frame658,81.43850267379679,88.79144385026738,102.3322192513369,228.55986622073578,248.27290969899664,254.8314381270903,3.0257949829101562
frame659,84.53609625668449,92.03810160427807,106.3562834224599,229.0,247.0,255.0,3.0218353271484375
frame660,88.8475935828877,96.72526737967914,111.9572192513369,229.62274247491638,244.74515050167224,255.0,3.0252349376678467
frame661,92.58489304812834,100.32620320855615,116.43315508021391,227.4428093645485,242.7779264214047,255.0,3.035968780517578
frame662,94.51470588235294,101.95454545454545,118.6677807486631,230.1464882943144,246.69899665551839,254.37926421404683,3.0566883087158203
frame663,94.87566844919786,102.18048128342247,118.8683155080214,227.8963210702341,243.94849498327758,254.33444816053512,3.0634512901306152
frame664,95.05815508021391,102.29745989304813,118.7105614973262,226.5284280936455,241.83946488294313,254.71103678929765,3.0594615936279297
frame665,96.22927807486631,103.61564171122994,119.9090909090909,227.88896321070234,244.12842809364548,254.9210702341137,3.0657448768615723
frame666,99.13903743315508,105.0066844919786,120.98395721925134,229.0046822742475,243.0046822742475,254.41939799331104,3.0632805824279785
frame667,98.35494652406418,104.0086898395722,119.6129679144385,227.07959866220736,242.7478260869565,254.74113712374583,3.0502688884735107
frame668,99.38101604278074,104.92780748663101,120.57419786096257,227.16254180602007,244.82876254180601,254.65484949832776,3.0478014945983887
frame669,98.53743315508021,103.59157754010695,118.76403743315508,230.95785953177258,253.14247491638795,254.66020066889632,3.041903495788574
frame670,98.77540106951872,103.67513368983957,119.08823529411765,231.92508361204014,254.86622073578596,254.95183946488294,3.038243055343628
frame671,98.4024064171123,102.93649732620321,117.72727272727273,231.91973244147158,254.85551839464884,254.94113712374582,3.0309882164001465
frame672,99.07553475935829,103.33422459893048,118.23195187165776,232.0,255.0,255.0,3.0256357192993164
frame673,98.14639037433155,102.28208556149733,116.79478609625669,232.0,255.0,255.0,3.02384877204895
frame674,98.57085561497327,102.54344919786097,116.86564171122994,232.0,255.0,255.0,3.023104190826416
frame675,98.77272727272727,102.87098930481284,117.38235294117646,232.0,255.0,255.0,3.0233547687530518
frame676,97.86965240641712,101.55414438502673,115.54211229946524,231.0,255.0,255.0,3.0213866233825684
frame677,98.44585561497327,102.49866310160428,116.68248663101605,231.0,255.0,255.0,3.0219926834106445
frame678,98.8322192513369,102.00401069518716,116.62098930481284,231.0,255.0,255.0,3.0201778411865234
frame679,99.81350267379679,103.2159090909091,118.1437165775401,231.0,255.0,255.0,3.0211939811706543
frame680,99.78008021390374,102.94385026737967,117.95989304812834,231.0,255.0,255.0,3.020390748977661
frame681,100.4659090909091,103.87901069518716,118.36497326203208,231.0,255.0,255.0,3.0188512802124023
frame682,100.90842245989305,104.25467914438502,118.8903743315508,231.0,255.0,255.0,3.0186402797698975
frame683,101.1336898395722,104.6216577540107,119.38101604278074,231.0,255.0,255.0,3.0194993019104004
frame684,101.96791443850267,105.66310160427807,120.07553475935829,231.0,255.0,255.0,3.020610809326172
frame685,101.49933155080214,105.37767379679144,119.52540106951872,231.0,254.0,255.0,3.0206830501556396
frame686,101.78542780748663,105.70989304812834,119.80815508021391,231.0,254.0,255.0,3.0213611125946045
frame687,99.54478609625669,103.35828877005348,117.1557486631016,231.0,254.0,255.0,3.018545150756836
frame688,96.70855614973262,100.41844919786097,113.5394385026738,230.0,253.0,255.0,3.016857624053955
frame689,94.18048128342247,97.7312834224599,110.08088235294117,229.0,254.0,255.0,3.018440008163452
frame690,90.8716577540107,94.15106951871658,105.99933155080214,228.0,252.0,255.0,3.02435564994812
frame691,87.12433155080214,90.11096256684492,100.93516042780749,227.0,252.15652173913043,255.0,3.03224515914917
frame692,83.02874331550802,85.65641711229947,95.67713903743315,227.0,250.08026755852842,255.0,3.036961555480957
frame693,81.87299465240642,84.27473262032086,93.87901069518716,225.0,246.0,255.0,3.0383002758026123
frame694,79.9605614973262,82.03542780748663,91.23262032085562,224.0026755852843,245.0040133779264,255.0,3.037977933883667
frame695,79.50200534759358,81.37433155080214,90.21858288770053,228.0,254.76454849498327,255.0,3.0359978675842285
frame696,108.53141711229947,105.56082887700535,116.87700534759358,214.9371237458194,233.72642140468227,242.44882943143813,3.0321686267852783
frame697,110.62032085561498,108.71390374331551,121.43649732620321,187.45016722408027,192.7391304347826,206.52909698996655,3.0298733711242676
frame698,81.07687165775401,86.07754010695187,100.02473262032086,227.16387959866222,252.1571906354515,255.0,3.0200397968292236
frame699,78.58957219251337,84.4144385026738,97.87967914438502,223.56722408026755,239.83478260869566,255.0,3.0193002223968506
frame700,79.9090909090909,86.09692513368984,99.79478609625669,224.50903010033446,241.74515050167224,254.97993311036788,3.0181007385253906
frame701,81.30748663101605,87.6316844919786,101.65441176470588,225.0026755852843,242.81739130434784,254.9598662207358,3.0172746181488037
frame702,83.19986631016043,89.70320855614973,103.97927807486631,226.9351170568562,243.37257525083612,254.9665551839465,3.0170791149139404
frame703,85.63302139037434,92.56951871657753,107.2466577540107,226.44481605351172,244.42408026755854,255.0,3.0171141624450684
frame704,89.23930481283422,96.49398395721926,111.77072192513369,227.45685618729098,244.476254180602,255.0,3.0196640491485596
frame705,92.24866310160428,99.80614973262033,115.71991978609626,227.11304347826086,242.9505016722408,255.0,3.0285439491271973
frame706,95.83355614973262,103.70053475935829,120.41644385026738,228.59866220735785,245.50234113712375,254.7391304347826,3.0599520206451416
frame707,98.63903743315508,106.30815508021391,123.5548128342246,227.30702341137123,244.5752508361204,253.68628762541806,3.1015613079071045
frame708,99.28141711229947,107.04411764705883,124.4538770053476,226.8829431438127,242.885618729097,254.72508361204012,3.1389927864074707
frame709,98.88502673796792,106.44652406417113,123.02272727272727,228.94046822742476,245.78327759197325,254.69030100334447,3.1489176750183105
frame710,99.15307486631016,106.61697860962566,123.39438502673796,230.1484949832776,245.0722408026756,254.5799331103679,3.162428855895996
frame711,98.4933155080214,105.4692513368984,121.54812834224599,228.88494983277593,243.59732441471573,254.66488294314382,3.140843391418457
frame712,99.24933155080214,106.07954545454545,122.41042780748663,224.91839464882943,240.75986622073577,254.8963210702341,3.1215896606445312
frame713,99.35695187165776,105.4144385026738,121.44050802139037,227.07090301003345,246.73043478260868,253.78060200668895,3.1044762134552
frame714,99.70855614973262,104.8937165775401,121.16377005347593,231.5324414715719,254.30635451505017,254.8113712374582,3.0958621501922607
frame715,101.34893048128342,105.76136363636364,121.10828877005348,232.0,255.0,255.0,3.0771074295043945
frame716,101.19585561497327,105.22326203208556,120.58355614973262,232.0,255.0,255.0,3.051313638687134
frame717,100.32754010695187,104.41510695187166,119.32687165775401,231.0,255.0,255.0,3.045109510421753
frame718,98.99732620320856,102.86497326203208,117.52874331550802,232.0,255.0,255.0,3.0421550273895264
frame719,99.30815508021391,103.24064171122994,118.04411764705883,231.0,255.0,255.0,3.0412654876708984
frame720,99.08489304812834,103.12901069518716,118.0461229946524,231.0,255.0,255.0,3.041074752807617
frame721,99.26270053475936,103.54679144385027,118.3663101604278,231.0,255.0,255.0,3.0417349338531494
frame722,98.93850267379679,102.94852941176471,117.64237967914438,231.0,255.0,255.0,3.040593147277832
frame723,98.67245989304813,102.69585561497327,117.26403743315508,231.0,255.0,255.0,3.0399527549743652
frame724,98.74465240641712,102.56283422459893,117.1129679144385,231.0,255.0,255.0,3.039236307144165
frame725,98.96122994652407,102.85026737967914,117.60695187165776,231.0,255.0,255.0,3.038935899734497
frame726,98.8816844919786,102.93917112299465,117.68048128342247,231.0,254.0,255.0,3.037855386734009
frame727,98.67312834224599,102.66978609625669,116.81684491978609,231.0,253.0,255.0,3.032742738723755
frame728,98.34959893048128,102.37433155080214,116.39572192513369,231.0,253.0,255.0,3.027968406677246
frame729,98.6644385026738,102.01336898395722,116.18114973262033,231.0,253.0,255.0,3.0202789306640625
frame730,98.49799465240642,101.87633689839572,116.03208556149733,231.0,252.0,255.0,3.018167495727539
frame731,98.53542780748663,101.92245989304813,116.04144385026738,231.0,252.0,255.0,3.016540050506592
frame732,98.05949197860963,101.41510695187166,115.41243315508021,231.0,252.0,255.0,3.015618324279785
frame733,95.1336898395722,98.12633689839572,111.72058823529412,230.0,252.0,255.0,3.0146729946136475
frame734,92.01069518716578,95.01737967914438,107.63970588235294,229.0,252.0,255.0,3.0192317962646484
frame735,88.6163101604278,91.29812834224599,103.22192513368984,229.0,252.0,255.0,3.025839328765869
frame736,86.00935828877006,88.68582887700535,100.14237967914438,228.0,252.0,255.0,3.0287678241729736
frame737,82.04812834224599,84.32553475935829,94.81951871657753,227.0,251.16254180602007,255.0,3.0330705642700195
frame738,80.36697860962566,82.56885026737967,92.7961229946524,225.1324414715719,246.26488294314382,255.0,3.0343549251556396
frame739,78.24799465240642,80.78475935828877,90.20788770053476,225.0,246.0,255.0,3.037644386291504
frame740,76.71524064171123,78.87299465240642,87.59959893048128,223.23210702341137,243.32508361204015,255.0,3.038137674331665
frame741,80.10561497326204,81.2894385026738,90.85494652406418,227.99397993311038,254.80468227424748,255.0,3.030900239944458
frame742,113.83890374331551,109.45454545454545,120.84024064171123,192.39197324414715,200.88494983277593,217.88695652173914,3.037522077560425
frame743,102.1336898395722,101.92780748663101,115.25735294117646,214.51772575250837,231.26622073578596,242.48494983277592,3.0229249000549316
frame744,79.4725935828877,84.98663101604278,98.04545454545455,224.6468227424749,244.5351170568562,255.0,3.0190067291259766
frame745,80.60494652406418,86.56951871657753,99.9846256684492,222.94983277591973,239.323745819398,254.89966555183946,3.0196030139923096
frame746,81.51002673796792,87.74799465240642,101.33355614973262,224.74515050167224,241.1478260869565,254.97993311036788,3.018239736557007
frame747,81.29679144385027,87.68114973262033,101.6029411764706,225.74113712374583,242.1438127090301,254.97993311036788,3.017357349395752
frame748,84.33088235294117,91.02673796791444,105.57486631016043,227.533110367893,243.1397993311037,254.97190635451506,3.0169239044189453
frame749,87.2566844919786,94.11497326203208,109.24799465240642,226.8896321070234,242.1103678929766,255.0,3.017409563064575
frame750,90.01604278074866,97.03475935828877,112.79077540106952,227.80334448160536,245.55785953177258,255.0,3.020656108856201
frame751,93.0701871657754,100.33288770053476,116.83355614973262,227.65886287625418,244.31772575250835,255.0,3.0339269638061523
frame752,97.54745989304813,104.70053475935829,121.97125668449198,228.34247491638797,245.62408026755853,254.37792642140468,3.0689282417297363
frame753,99.4812834224599,106.86430481283422,124.45588235294117,228.6428093645485,243.61270903010035,254.7799331103679,3.1167402267456055
frame754,99.53342245989305,106.7586898395722,124.33489304812834,226.9284280936455,242.16521739130434,254.9933110367893,3.1450955867767334
frame755,98.98729946524064,106.12767379679144,123.53141711229947,228.55852842809364,244.52240802675584,254.64816053511706,3.160109519958496
frame756,99.39304812834224,106.51604278074866,123.19385026737967,229.28428093645485,244.21270903010034,254.71371237458195,3.1631264686584473
frame757,100.52272727272727,107.0548128342246,124.17179144385027,227.08695652173913,242.65217391304347,254.96989966555185,3.1624345779418945
frame758,100.54879679144385,106.95053475935829,123.66911764705883,226.3230769230769,242.02073578595318,254.96321070234114,3.1512935161590576
frame759,100.53542780748663,106.80013368983957,123.6677807486631,230.49364548494984,252.65217391304347,254.55585284280937,3.154346227645874
frame760,99.1096256684492,104.82820855614973,121.06016042780749,231.62073578595317,254.38060200668897,254.83545150501672,3.131660223007202
frame761,99.14639037433155,104.19852941176471,120.475935828877,231.98729096989968,254.98260869565217,254.99264214046823,3.0958571434020996
frame762,98.99197860962566,104.05882352941177,120.2433155080214,231.98595317725753,254.98060200668897,254.99063545150503,3.063546895980835
frame763,99.0120320855615,103.95989304812834,120.20187165775401,231.98595317725753,254.98060200668897,254.99063545150503,3.0518457889556885
frame764,99.1129679144385,103.100935828877,118.73262032085562,231.0,255.0,255.0,3.046375036239624
frame765,99.13970588235294,103.22927807486631,118.875,231.0,255.0,255.0,3.043905019760132
frame766,98.69719251336899,102.82486631016043,118.40508021390374,231.0,255.0,255.0,3.043117046356201
frame767,98.26002673796792,101.95320855614973,117.2653743315508,231.0,255.0,255.0,3.040667772293091
frame768,98.16711229946524,101.91711229946524,117.34893048128342,231.0,255.0,255.0,3.0398764610290527
frame769,99.58288770053476,103.33288770053476,118.79144385026738,231.0,255.0,255.0,3.0409204959869385
frame770,99.03743315508021,102.84625668449198,117.79010695187166,231.0,255.0,255.0,3.040609359741211
frame771,98.19919786096257,101.99197860962566,116.7346256684492,231.0,255.0,255.0,3.039137363433838
frame772,99.1096256684492,103.00467914438502,118.32820855614973,231.0,255.0,255.0,3.037843942642212
frame773,98.95320855614973,103.14438502673796,117.59558823529412,231.0,254.0,255.0,3.035940408706665
frame774,99.21524064171123,103.38034759358288,117.94852941176471,231.0,254.0,255.0,3.032989740371704
frame775,99.07085561497327,103.35494652406418,117.82219251336899,231.0,254.0,255.0,3.029536008834839
frame776,98.649064171123,102.44251336898395,116.00200534759358,231.0,252.0,255.0,3.023662805557251
frame777,98.95588235294117,102.75601604278074,116.50802139037434,231.0,252.0,255.0,3.020799398422241
frame778,97.4966577540107,101.01938502673796,114.42179144385027,230.0,252.0,255.0,3.016664981842041
frame779,94.84491978609626,98.12633689839572,111.00267379679144,230.0,252.0,255.0,3.016805648803711
frame780,91.4692513368984,94.65374331550802,106.6183155080214,229.0,252.0,255.0,3.022916793823242
frame781,87.91310160427807,90.73997326203208,101.87633689839572,229.0,253.0,255.0,3.0298423767089844
frame782,85.45521390374331,87.99866310160428,98.9538770053476,228.0,253.06421404682274,255.0,3.0310182571411133
frame783,81.26470588235294,83.69719251336899,93.65975935828877,227.0,250.12842809364548,255.0,3.0361876487731934
frame784,80.06417112299465,82.43649732620321,92.11764705882354,225.1083612040134,246.32508361204015,255.0,3.0371756553649902
frame785,78.37967914438502,80.4451871657754,89.49598930481284,225.0040133779264,246.00802675585285,255.0,3.0375592708587646
frame786,77.27339572192513,78.9779411764706,87.51737967914438,227.57792642140467,251.23076923076923,255.0,3.0364274978637695
frame787,96.4298128342246,95.23997326203208,105.81550802139037,224.8,249.45150501672242,252.14715719063545,3.0304417610168457
frame788,113.79010695187166,109.69652406417113,121.06751336898395,184.21471571906355,192.9284280936455,205.0,3.0357890129089355
frame789,110.33489304812834,108.08957219251337,120.73328877005348,182.29565217391306,184.761872909699,193.17257525083613,3.0406854152679443
frame790,82.22192513368984,85.1336898395722,96.96858288770053,227.06153846153848,253.26153846153846,254.57859531772576,3.036079168319702
frame791,74.0548128342246,79.93716577540107,91.70588235294117,221.6200668896321,238.53779264214046,255.0,3.022334337234497
frame792,74.3201871657754,80.4144385026738,92.44852941176471,223.58862876254182,241.16254180602007,254.91371237458193,3.0224807262420654
frame793,75.50267379679144,82.06016042780749,94.49598930481284,224.8963210702341,243.3892976588629,254.9324414715719,3.021179437637329
frame794,75.51002673796792,81.96189839572193,94.0822192513369,221.85953177257525,238.66555183946488,253.17591973244149,3.0208399295806885
frame795,78.81149732620321,85.5033422459893,98.08088235294117,226.52909698996655,243.12976588628763,254.4180602006689,3.0199291706085205
frame796,81.90842245989305,88.83622994652407,102.10160427807487,227.09364548494983,245.63210702341138,254.98795986622073,3.01843523979187
frame797,84.78275401069519,91.99398395721926,105.58021390374331,228.7096989966555,248.36254180602006,255.0,3.017598867416382
frame798,87.13302139037434,94.35494652406418,108.72660427807487,229.80869565217392,248.73511705685618,255.0,3.0182735919952393
frame799,90.31951871657753,97.5855614973262,112.4057486631016,230.65551839464882,246.27558528428094,254.9297658862876,3.0218586921691895
frame800,91.87032085561498,98.6403743315508,113.93248663101605,229.51571906354516,245.33177257525082,255.0,3.0237936973571777
frame801,91.3683155080214,97.8816844919786,113.09893048128342,229.12441471571907,246.8675585284281,255.0,3.022608995437622
frame802,91.61697860962566,97.30013368983957,111.44786096256685,229.23277591973243,247.1304347826087,254.91438127090302,3.0199403762817383
frame803,92.84826203208556,98.71323529411765,113.32620320855615,228.57792642140467,244.05819397993312,254.5705685618729,3.0208795070648193
frame804,92.10026737967914,97.58890374331551,112.06483957219251,228.63010033444817,245.12709030100334,254.93311036789297,3.0196754932403564
frame805,92.53475935828877,98.10895721925134,111.90374331550802,225.80735785953178,241.20735785953178,254.90969899665552,3.019676446914673
frame806,91.31617647058823,96.59692513368984,109.91176470588235,224.5725752508361,239.75585284280936,254.99197324414715,3.0194313526153564
frame807,93.20521390374331,98.46524064171123,112.59625668449198,227.37458193979933,248.15183946488295,254.2742474916388,3.0169641971588135
frame808,92.31016042780749,97.16109625668449,110.9692513368984,229.01672240802677,250.8133779264214,254.04682274247492,3.0147266387939453
frame809,91.44652406417113,95.99799465240642,109.18983957219251,232.0,255.0,255.0,3.015610456466675
frame810,92.15975935828877,96.81082887700535,110.11965240641712,232.0,255.0,255.0,3.015451669692993
frame811,92.23195187165776,95.8903743315508,109.09291443850267,232.0,255.0,255.0,3.0148801803588867
frame812,92.1951871657754,95.78275401069519,109.22192513368984,232.0,255.0,255.0,3.0140645503997803
frame813,91.34224598930481,94.92647058823529,107.56016042780749,231.0,255.0,255.0,3.0164954662323
frame814,92.9812834224599,95.89505347593582,108.29144385026738,231.0,255.0,255.0,3.01833176612854
frame815,92.59157754010695,95.14505347593582,107.41711229946524,231.0,255.0,255.0,3.020259380340576
frame816,93.0187165775401,95.67379679144385,107.9933155080214,231.0,255.0,255.0,3.0193185806274414
frame817,93.41377005347593,96.05882352941177,108.30815508021391,231.0,255.0,255.0,3.019529342651367
frame818,94.15775401069519,97.11363636363636,110.0033422459893,231.0,255.0,255.0,3.0154314041137695
frame819,94.29545454545455,97.2807486631016,110.2961229946524,231.0,255.0,255.0,3.0148661136627197
frame820,94.2279411764706,96.99933155080214,110.0788770053476,231.0,255.0,255.0,3.0146491527557373
frame821,94.96189839572193,98.02606951871658,111.31951871657753,231.0,254.0,255.0,3.013465642929077
frame822,95.4659090909091,98.64639037433155,112.02540106951872,231.0,254.0,255.0,3.013103723526001
frame823,95.60360962566845,98.8783422459893,112.16911764705883,231.0,253.0,255.0,3.0130867958068848
frame824,96.1129679144385,99.3836898395722,113.00735294117646,231.0,253.0,255.0,3.0122785568237305
frame825,93.71858288770053,96.82553475935829,110.2105614973262,230.0,253.0,255.0,3.012622117996216
frame826,92.31550802139037,95.25401069518716,107.41577540106952,230.0,251.0,255.0,3.0191776752471924
frame827,89.10360962566845,91.94117647058823,103.35026737967914,229.0,252.0,255.0,3.025679588317871
frame828,86.5066844919786,89.18248663101605,100.24264705882354,228.0,252.0,255.0,3.0283076763153076
frame829,83.20989304812834,85.78275401069519,96.1283422459893,228.0,251.18729096989966,255.0,3.0322265625
frame830,80.45655080213903,82.73663101604278,92.3442513368984,226.0,248.0,255.0,3.0347049236297607
frame831,78.47660427807487,80.42914438502673,90.11363636363636,224.0,245.0,255.0,3.0322582721710205
frame832,77.04745989304813,78.54344919786097,87.58155080213903,223.12040133779263,243.28896321070235,255.0,3.03129506111145
frame833,78.47192513368984,79.88034759358288,89.2720588235294,228.0,255.0,255.0,3.028273582458496
frame834,111.72125668449198,107.72660427807487,119.11965240641712,208.59732441471573,223.76254180602007,235.61003344481605,3.0313892364501953
frame835,88.89237967914438,85.85561497326204,93.32820855614973,193.02274247491638,199.6809364548495,215.83010033444816,3.0582337379455566
frame836,53.705213903743314,57.036096256684495,62.785427807486634,223.2247491638796,241.79866220735786,254.94113712374582,3.131385564804077
frame837,52.74732620320856,56.93917112299465,61.9144385026738,215.36454849498327,231.55518394648828,250.72909698996656,3.2875638008117676
frame838,53.53475935828877,58.05213903743316,63.3201871657754,209.2247491638796,223.51772575250837,244.276254180602,3.296717405319214
frame839,53.899732620320854,59.10294117647059,65.53342245989305,209.73979933110368,223.4200668896321,246.73979933110368,3.352689504623413
frame840,55.67847593582888,61.14705882352941,67.87967914438502,210.15986622073578,223.4200668896321,245.73979933110368,3.3232083320617676
frame841,58.148395721925134,64.33622994652407,71.44852941176471,217.276254180602,232.42073578595318,247.47023411371237,3.1912431716918945
frame842,61.161764705882355,67.69786096256685,75.9211229946524,227.8561872909699,242.83678929765887,254.87491638795987,3.124207019805908
frame843,64.2566844919786,70.33489304812834,79.23061497326204,226.83545150501672,241.82608695652175,254.84882943143813,3.0672390460968018
frame844,67.09358288770053,73.63770053475936,82.92245989304813,225.9866220735786,240.0,255.0,3.058103561401367
frame845,69.64104278074866,76.40508021390374,86.26604278074866,224.0,237.0,255.0,3.0571303367614746
frame846,69.47393048128342,76.32754010695187,86.04946524064171,221.93645484949832,234.4046822742475,253.18729096989966,3.055124282836914
frame847,70.7840909090909,76.56818181818181,86.48863636363636,221.51638795986622,235.49498327759198,250.24816053511705,3.0542778968811035
frame848,70.90708556149733,76.67312834224599,86.47860962566845,223.33645484949832,238.00535117056856,253.2903010033445,3.053483247756958
frame849,71.31951871657753,77.01671122994652,87.15307486631016,222.37792642140468,237.2809364548495,254.20401337792643,3.0529849529266357
frame850,71.31885026737967,76.59893048128342,86.73729946524064,221.51839464882943,236.5685618729097,255.0,3.055109977722168
frame851,71.84291443850267,77.46122994652407,86.66911764705883,221.16120401337793,235.43411371237457,251.09163879598663,3.0572562217712402
frame852,71.5548128342246,76.93917112299465,85.87232620320856,223.1732441471572,237.36789297658862,252.58260869565217,3.0587801933288574
frame853,71.62232620320856,76.35494652406418,85.43449197860963,223.61739130434782,237.55852842809364,254.4923076923077,3.061666488647461
frame854,71.10762032085562,75.52807486631016,84.44385026737967,224.59397993311038,239.24882943143814,254.9438127090301,3.060497522354126
frame855,71.51938502673796,75.89505347593582,85.00735294117646,226.12441471571907,243.09966555183948,254.37324414715718,3.0528581142425537
frame856,70.47526737967914,74.64639037433155,83.375,227.1886287625418,247.72976588628762,253.65016722408026,3.0532984733581543
frame857,70.84291443850267,74.91310160427807,83.8409090909091,226.44749163879598,248.11638795986622,252.98260869565217,3.050421953201294
frame858,70.60160427807487,74.57620320855615,83.44852941176471,229.76722408026757,253.37792642140468,254.41605351170568,3.0499720573425293
frame859,70.7720588235294,74.69251336898395,83.2653743315508,229.70234113712374,253.24816053511705,254.28628762541805,3.035125732421875
frame860,70.36898395721926,74.35895721925134,82.71256684491979,230.52240802675584,254.34046822742474,254.74983277591974,3.0346014499664307
frame861,70.95320855614973,74.64171122994652,83.36029411764706,230.49966555183946,254.34046822742474,254.70434782608694,3.030604600906372
frame862,71.46323529411765,75.23395721925134,84.05614973262033,230.49966555183946,254.31772575250835,254.70434782608694,3.024463653564453
frame863,72.68783422459893,75.80213903743315,84.91243315508021,231.0,255.0,255.0,3.0250816345214844
frame864,72.82085561497327,76.0,85.11229946524064,231.0,255.0,255.0,3.0248849391937256
frame865,72.98863636363636,76.29745989304813,85.58355614973262,231.0,255.0,255.0,3.024139404296875
frame866,73.09157754010695,76.36029411764706,85.70120320855615,231.0,255.0,255.0,3.0239622592926025
frame867,72.94786096256685,76.58957219251337,85.73729946524064,231.0,255.0,255.0,3.0240163803100586
frame868,73.48729946524064,77.2225935828877,86.58689839572193,231.0,255.0,255.0,3.0236294269561768
frame869,74.07219251336899,77.97058823529412,87.42647058823529,231.0,255.0,255.0,3.0233051776885986
frame870,73.73863636363636,77.6029411764706,87.05213903743315,231.0,255.0,255.0,3.023224353790283
frame871,71.84826203208556,75.57820855614973,84.68449197860963,230.0,255.0,255.0,3.023667097091675
frame872,69.8288770053476,73.50401069518716,82.18048128342247,230.0,254.0,255.0,3.023792028427124
frame873,67.93649732620321,71.65975935828877,79.95788770053476,229.0,254.0,255.0,3.0238239765167236
frame874,65.01270053475936,68.44919786096257,75.73328877005348,228.0,254.0,255.0,3.0240633487701416
frame875,61.38903743315508,64.7072192513369,71.78475935828877,225.4541806020067,249.60735785953176,254.2535117056856,3.0140490531921387
frame876,61.27807486631016,64.43516042780749,71.61163101604278,226.68227424749165,248.54849498327758,254.8494983277592,3.0100297927856445
frame877,60.25401069518717,63.1403743315508,69.81149732620321,227.0,249.0,255.0,3.0117855072021484
frame878,60.01270053475936,62.63101604278075,69.09692513368984,225.85484949832775,247.46622073578595,255.0,3.018390655517578
frame879,70.65106951871658,70.75534759358288,77.74799465240642,227.3056856187291,253.51638795986622,254.48896321070234,3.0210466384887695
frame880,79.18048128342247,79.80414438502673,89.69719251336899,221.26220735785952,245.01070234113712,249.2247491638796,3.016988754272461
frame881,60.13168449197861,66.01671122994652,74.86229946524064,219.77591973244148,236.37591973244147,255.0,3.018136978149414
frame882,60.81216577540107,67.01737967914438,75.82152406417113,219.1190635451505,236.2408026755853,252.76722408026757,3.019557237625122
frame883,62.18181818181818,68.68315508021391,78.4605614973262,213.33377926421406,229.81003344481604,251.05351170568562,3.020028591156006
frame884,63.463235294117645,70.13435828877006,80.10227272727273,217.3371237458194,233.8943143812709,255.0,3.021111488342285
frame885,68.3836898395722,75.63770053475936,87.11965240641712,216.91772575250837,232.80267558528428,251.33444816053512,3.0215861797332764
frame886,73.17245989304813,80.89572192513369,93.73596256684492,227.85284280936455,247.27759197324414,254.53177257525084,3.0228025913238525
frame887,77.42513368983957,85.53743315508021,98.85762032085562,229.0,246.20735785953178,255.0,3.021160364151001
frame888,80.70120320855615,88.86764705882354,102.99197860962566,230.0,244.12709030100334,255.0,3.0219032764434814
frame889,85.07754010695187,91.84692513368984,107.2312834224599,228.37324414715718,242.3685618729097,255.0,3.0189576148986816
frame890,88.05548128342247,95.14639037433155,111.28342245989305,229.05150501672242,244.78996655518395,254.65953177257526,3.0232596397399902
frame891,88.73195187165776,95.72192513368984,112.22192513368984,230.52909698996655,251.37591973244147,254.94983277591973,3.026944398880005
frame892,89.38970588235294,96.30614973262033,112.8716577540107,228.9264214046823,247.685618729097,254.9732441471572,3.0298240184783936
frame893,89.44986631016043,96.30748663101605,112.78141711229947,227.8153846153846,245.18528428093646,254.9665551839465,3.028979539871216
frame894,89.32754010695187,95.79745989304813,111.77941176470588,229.4314381270903,246.99197324414715,254.60334448160535,3.0251340866088867
frame895,89.18983957219251,95.65374331550802,111.14639037433155,230.01672240802677,246.46220735785954,254.43879598662207,3.0227067470550537
frame896,88.5427807486631,95.04812834224599,109.92713903743315,230.69765886287627,245.68160535117056,254.8267558528428,3.020792007446289
frame897,89.43783422459893,95.58355614973262,110.14171122994652,227.87491638795987,243.0943143812709,254.8,3.0195229053497314
frame898,89.31016042780749,95.31283422459893,109.44852941176471,226.62073578595317,242.80802675585284,254.87959866220737,3.0188040733337402
frame899,90.89304812834224,95.68516042780749,109.12032085561498,228.20535117056855,249.2160535117057,255.0,3.0178275108337402
frame900,90.45521390374331,95.03275401069519,108.33088235294117,228.7163879598662,250.22073578595317,254.285618729097,3.017418384552002
frame901,90.15374331550802,94.64304812834224,107.96390374331551,229.35785953177256,251.1371237458194,253.8294314381271,3.0170578956604004
frame902,89.60227272727273,93.92780748663101,106.93983957219251,231.4494983277592,254.23678929765887,254.69899665551839,3.017086982727051
frame903,89.02072192513369,93.46256684491979,106.50467914438502,231.87424749163878,254.79799331103678,254.9190635451505,3.0169317722320557
frame904,89.02339572192513,93.17513368983957,106.19852941176471,232.0,255.0,255.0,3.0168936252593994
frame905,89.40508021390374,93.6644385026738,107.07553475935829,232.0,255.0,255.0,3.0161397457122803
frame906,89.70989304812834,93.56216577540107,106.68716577540107,232.0,255.0,255.0,3.0146045684814453
frame907,90.15641711229947,94.15374331550802,107.23395721925134,232.0,255.0,255.0,3.0136823654174805
frame908,89.80013368983957,93.97393048128342,106.77807486631016,232.0,255.0,255.0,3.014538049697876
frame909,89.79010695187166,93.55013368983957,106.2687165775401,231.0,255.0,255.0,3.0155491828918457
frame910,90.32553475935829,94.33021390374331,107.16243315508021,231.0,255.0,255.0,3.014960765838623
frame911,90.2433155080214,93.3048128342246,105.38034759358288,231.0,255.0,255.0,3.020934820175171
frame912,90.02606951871658,92.99732620320856,104.95655080213903,231.0,255.0,255.0,3.022047519683838
frame913,89.56818181818181,92.5187165775401,104.13636363636364,231.0,255.0,255.0,3.0246520042419434
frame914,89.48328877005348,92.47727272727273,104.29545454545455,231.0,255.0,255.0,3.023334264755249
frame915,87.80414438502673,90.61430481283422,102.26136363636364,231.0,255.0,255.0,3.025148630142212
frame916,84.79745989304813,87.48395721925134,98.25200534759358,230.0,254.19866220735787,255.0,3.029205322265625
frame917,81.85895721925134,84.48061497326204,94.51069518716578,229.0,254.19866220735787,255.0,3.031768321990967
frame918,79.2566844919786,81.60695187165776,91.12366310160428,229.0,255.0,255.0,3.031898260116577
frame919,76.20655080213903,78.48863636363636,87.37633689839572,228.0,253.08026755852842,255.0,3.0332608222961426
frame920,72.73529411764706,74.92446524064171,82.82152406417113,227.0,251.0,255.0,3.034747362136841
frame921,71.58489304812834,73.8937165775401,81.83622994652407,225.02274247491638,246.09096989966554,255.0,3.035079002380371
frame922,70.15641711229947,72.05280748663101,79.59625668449198,225.00535117056856,246.01739130434783,255.0,3.033027410507202
frame923,71.06417112299465,72.70521390374331,79.86229946524064,228.0,254.89966555183946,255.0,3.032288074493408
frame924,102.13836898395722,99.17580213903743,109.06550802139037,218.7484949832776,240.26889632107023,246.51571906354516,3.0310282707214355
frame925,109.66978609625669,107.99799465240642,120.6590909090909,186.77056856187292,190.35384615384615,203.5391304347826,3.0217783451080322
frame926,76.87433155080214,81.62566844919786,93.72459893048128,224.63210702341138,243.61739130434782,255.0,3.01774263381958
frame927,72.94986631016043,78.71189839572193,89.84692513368984,222.47357859531772,239.7505016722408,254.94983277591973,3.0140442848205566
frame928,73.9879679144385,79.80815508021391,91.62366310160428,220.61404682274247,237.9705685618729,255.0,3.0123724937438965
frame929,74.69719251336899,80.68516042780749,92.60561497326204,220.12107023411372,235.25551839464882,254.96053511705685,3.0117387771606445
frame930,76.18716577540107,82.56751336898395,94.86764705882354,220.8916387959866,235.58595317725752,254.91839464882943,3.0111312866210938
frame931,79.899064171123,86.78542780748663,99.97526737967914,226.81872909698995,245.3190635451505,254.67023411371238,3.0105931758880615
frame932,82.47727272727273,89.1798128342246,102.5975935828877,229.0,246.80133779264213,255.0,3.0110056400299072
frame933,85.39639037433155,92.33957219251337,106.42647058823529,228.00602006688962,243.685618729097,255.0,3.0128674507141113
frame934,90.18917112299465,97.43048128342247,112.70989304812834,227.55652173913043,242.40869565217392,255.0,3.0188350677490234
frame935,93.04745989304813,100.27807486631016,116.15374331550802,229.3866220735786,244.72040133779265,255.0,3.0296719074249268
frame936,95.55347593582887,102.35427807486631,118.2346256684492,226.60535117056855,242.68896321070235,254.6468227424749,3.0352511405944824
frame937,94.77540106951872,101.34625668449198,116.95655080213903,225.84682274247493,240.4541806020067,254.99397993311038,3.0317394733428955
frame938,94.4024064171123,100.8322192513369,116.20989304812834,227.92508361204014,242.47090301003345,254.9913043478261,3.029201030731201
frame939,95.28542780748663,101.82152406417113,117.45053475935829,227.23076923076923,242.07692307692307,254.46153846153845,3.0322446823120117
frame940,94.89639037433155,101.23262032085562,116.70989304812834,228.24882943143814,246.78327759197325,255.0,3.0304934978485107
frame941,94.85427807486631,100.41042780748663,115.9692513368984,230.961872909699,253.42140468227424,254.70033444816053,3.0266635417938232
frame942,94.63836898395722,100.09157754010695,115.524064171123,230.6628762541806,253.10635451505016,254.428762541806,3.0243165493011475
frame943,94.32620320855615,99.32085561497327,114.61096256684492,231.73244147157192,254.53177257525084,254.83277591973246,3.0201845169067383
frame944,93.59291443850267,98.49064171122994,113.6524064171123,231.0,255.0,255.0,3.016592502593994
frame945,92.25133689839572,96.42580213903743,110.6096256684492,231.0,255.0,255.0,3.0150015354156494
frame946,91.9144385026738,95.74465240641712,109.97459893048128,231.0,255.0,255.0,3.0136868953704834
frame947,91.78609625668449,95.55347593582887,109.19719251336899,231.0,255.0,255.0,3.013848304748535
frame948,90.7192513368984,93.75133689839572,107.67312834224599,231.0,255.0,255.0,3.0126211643218994
frame949,89.80882352941177,92.94117647058823,106.3629679144385,231.0,255.0,255.0,3.0138258934020996
frame950,89.69852941176471,92.66243315508021,106.0066844919786,231.0,255.0,255.0,3.014394521713257
frame951,88.45187165775401,91.17780748663101,103.9659090909091,231.0,254.02408026755853,255.0,3.0185039043426514
frame952,87.45053475935829,90.15040106951872,102.69652406417113,231.0,254.02408026755853,255.0,3.0203537940979004
frame953,86.94251336898395,89.52673796791444,101.94986631016043,231.0,253.0,255.0,3.0219578742980957
frame954,86.79478609625669,89.34358288770053,101.68181818181819,231.0,253.0,255.0,3.022817373275757
frame955,86.26470588235294,88.80213903743315,100.76737967914438,231.0,253.0,255.0,3.025012969970703
frame956,85.63569518716578,88.13502673796792,100.11564171122994,230.0,253.0,255.0,3.025284767150879
frame957,85.02072192513369,87.72393048128342,99.34024064171123,231.0,252.0,255.0,3.0271143913269043
frame958,83.99732620320856,86.55013368983957,97.67379679144385,231.0,252.0,255.0,3.029693841934204
frame959,83.58288770053476,86.44318181818181,97.58355614973262,230.0,253.0,255.0,3.029048204421997
frame960,82.00133689839572,84.74532085561498,94.73663101604278,230.0,252.16053511705687,255.0,3.0354459285736084
frame961,78.19184491978609,80.59826203208556,89.49866310160428,230.0,253.10702341137124,255.0,3.037811756134033
frame962,75.73863636363636,78.07352941176471,86.649064171123,229.0,252.2428093645485,255.0,3.0374605655670166
frame963,73.2192513368984,75.30548128342247,83.22058823529412,228.0,253.33311036789297,255.0,3.0363378524780273
frame964,69.97860962566845,71.9211229946524,79.03475935828877,227.0,252.41538461538462,255.0,3.034827470779419
frame965,66.43516042780749,68.14572192513369,74.24732620320856,227.0,250.38795986622074,255.0,3.0341711044311523
frame966,63.64572192513369,65.92179144385027,71.41711229946524,225.1752508361204,246.5257525083612,255.0,3.0345590114593506
frame967,62.769385026737964,64.43449197860963,69.5394385026738,225.29966555183947,246.8989966555184,255.0,3.031642436981201
frame968,61.587566844919785,62.910427807486634,67.52540106951872,224.4247491638796,245.83010033444816,255.0,3.026423931121826
frame969,64.69251336898395,65.09224598930481,70.45655080213903,228.0,254.98795986622073,255.0,3.0265274047851562
frame970,101.74197860962566,96.35695187165776,104.43917112299465,185.20401337792643,191.34448160535118,205.92909698996655,3.0494062900543213
frame971,86.38770053475936,85.43516042780749,95.93248663101605,210.01404682274247,225.33578595317726,237.22341137123746,3.026106834411621
frame972,57.06951871657754,61.3903743315508,70.39772727272727,225.15919732441472,242.75652173913045,255.0,3.063605308532715
frame973,54.32820855614973,59.716577540106954,68.44585561497327,217.4066889632107,233.6722408026756,251.44816053511707,3.2515511512756348
frame974,54.39772727272727,59.93449197860963,68.6183155080214,212.12441471571907,226.11638795986622,247.9732441471572,3.3550310134887695
frame975,54.24532085561497,59.75267379679144,68.15508021390374,214.75986622073577,228.79264214046822,252.38260869565218,3.437493324279785
frame976,57.62232620320856,63.42914438502674,72.8562834224599,214.8207357859532,227.49163879598663,249.9979933110368,3.3963584899902344
frame977,60.06951871657754,66.06417112299465,76.0394385026738,226.85083612040134,246.48160535117057,254.03745819397994,3.298410177230835
frame978,61.72727272727273,67.85360962566845,78.08355614973262,228.82341137123746,245.79464882943145,254.83076923076922,3.1724722385406494
frame979,64.28342245989305,70.87232620320856,81.58355614973262,227.7056856187291,243.80735785953178,254.8160535117057,3.0822527408599854
frame980,67.1183155080214,73.93783422459893,85.05614973262033,227.10635451505016,241.1933110367893,254.7859531772575,3.0692622661590576
frame981,69.21457219251337,76.04745989304813,88.07486631016043,226.45484949832775,241.28695652173914,254.7371237458194,3.0611512660980225
frame982,68.22393048128342,74.69919786096257,86.2687165775401,223.94782608695652,237.8903010033445,252.06622073578595,3.056537389755249
frame983,67.94050802139037,74.3836898395722,85.93917112299465,224.5257525083612,238.40735785953177,251.27558528428094,3.0547170639038086
frame984,68.81617647058823,75.1403743315508,86.77339572192513,225.19464882943143,241.12374581939798,253.8,3.05293869972229
frame985,69.3716577540107,74.2159090909091,84.50534759358288,222.9190635451505,238.37859531772574,253.0809364548495,3.0497238636016846
frame986,69.28609625668449,74.14237967914438,84.58088235294117,222.32441471571906,236.77658862876254,252.53979933110367,3.052318572998047
frame987,69.31818181818181,74.30013368983957,84.32687165775401,224.51973244147158,240.36923076923077,253.2535117056856,3.051762104034424
frame988,69.85026737967914,74.5855614973262,84.94919786096257,223.8561872909699,240.05953177257524,254.05685618729098,3.0518088340759277
frame989,69.66510695187166,74.31350267379679,84.18716577540107,221.97926421404682,237.69899665551839,253.9391304347826,3.0558996200561523
frame990,69.63302139037434,74.33689839572193,83.850935828877,221.38394648829433,236.03946488294315,254.44749163879598,3.052299976348877
frame991,69.4879679144385,73.875,83.37633689839572,223.43545150501672,239.27759197324414,253.99933110367894,3.0518760681152344
frame992,69.26270053475936,73.29946524064171,82.8903743315508,225.29765886287626,245.38595317725753,253.11304347826086,3.05139422416687
frame993,69.30280748663101,73.39104278074866,83.07352941176471,229.24816053511705,252.5438127090301,254.16989966555184,3.0451765060424805
frame994,68.57085561497327,72.52005347593582,81.52005347593582,229.47491638795987,252.86688963210702,254.2173913043478,3.0484156608581543
frame995,68.65641711229947,72.61564171122994,81.85026737967914,230.7591973244147,254.6020066889632,254.83946488294313,3.0254440307617188
frame996,68.65374331550802,73.02139037433155,81.70120320855615,231.0,255.0,255.0,3.026074171066284
frame997,69.44852941176471,72.68516042780749,81.30949197860963,231.0,255.0,255.0,3.034916639328003
frame998,69.72994652406418,72.79211229946524,81.60762032085562,231.0,255.0,255.0,3.0338072776794434
frame999,69.30614973262033,72.43114973262033,80.74197860962566,231.0,255.0,255.0,3.0317134857177734
frame1000,69.01002673796792,72.2225935828877,80.65106951871658,231.0,255.0,255.0,3.029423952102661
frame1001,69.81617647058823,73.12299465240642,81.72326203208556,231.0,255.0,255.0,3.0277066230773926
frame1002,69.47927807486631,72.78609625668449,81.34224598930481,231.0,255.0,255.0,3.0262420177459717
frame1003,69.60828877005348,72.84157754010695,81.43917112299465,231.0,255.0,255.0,3.0248305797576904
frame1004,69.3596256684492,72.58021390374331,80.99799465240642,231.0,255.0,255.0,3.024564266204834
frame1005,69.2159090909091,72.52139037433155,80.99197860962566,231.0,255.0,255.0,3.0243239402770996
frame1006,67.69852941176471,70.73930481283422,78.83088235294117,231.0,254.98327759197323,255.0,3.0243842601776123
frame1007,64.77807486631016,67.6163101604278,74.87633689839572,230.0,254.98327759197323,255.0,3.0243027210235596
frame1008,62.1283422459893,64.92580213903743,71.29679144385027,229.0,254.98327759197323,255.0,3.024240493774414
frame1009,59.35227272727273,61.82620320855615,67.80013368983957,228.07290969899665,252.76120401337792,254.57859531772576,3.0236027240753174
frame1010,56.76403743315508,58.906417112299465,64.29411764705883,227.07290969899665,253.6769230769231,254.62073578595317,3.008209466934204
frame1011,53.17446524064171,55.38368983957219,59.661764705882355,226.11505016722407,251.80334448160536,254.70501672240803,3.016857385635376
frame1012,52.092245989304814,54.28409090909091,58.399732620320854,225.13177257525084,246.91304347826087,254.6628762541806,3.1511647701263428
frame1013,51.344919786096256,53.18850267379679,57.00802139037433,225.05016722408027,245.98327759197323,255.0,3.2367727756500244
frame1014,50.274064171122994,51.87967914438503,55.29211229946524,223.30903010033444,244.41137123745818,255.0,3.7245872020721436
frame1015,74.28877005347593,71.99398395721926,77.77005347593582,222.38060200668897,246.48561872909698,249.49030100334448,3.1867623329162598
frame1016,60.13502673796791,63.07553475935829,70.85427807486631,225.11371237458195,247.15117056856187,254.21939799331105,2.995483160018921
frame1017,49.68850267379679,54.82286096256684,60.905080213903744,221.8428093645485,238.2903010033445,255.0,3.3152365684509277
frame1018,49.63435828877005,54.99532085561497,61.411764705882355,216.49297658862875,231.51103678929766,253.44147157190636,3.6014466285705566
frame1019,51.32754010695187,56.9331550802139,64.19852941176471,215.57926421404682,229.9304347826087,253.28628762541805,4.002863883972168
frame1020,52.161764705882355,57.830882352941174,64.96189839572193,219.14983277591972,232.9591973244147,254.6153846153846,4.59312629699707
frame1021,55.72927807486631,61.82887700534759,70.7105614973262,218.6494983277592,232.1685618729097,252.09096989966554,4.78429651260376
frame1022,58.80681818181818,65.09893048128342,74.8048128342246,223.95852842809364,241.08628762541807,252.2113712374582,4.820634841918945
frame1023,61.26403743315508,67.83823529411765,78.1590909090909,227.69163879598662,245.30836120401338,253.9284280936455,4.818428039550781
frame1024,63.713903743315505,70.67914438502673,81.06617647058823,229.27290969899664,243.2066889632107,254.33913043478262,4.709080696105957
frame1025,67.68248663101605,74.13903743315508,85.67914438502673,227.57658862876255,240.65484949832776,254.53846153846155,4.394702434539795
frame1026,67.73262032085562,74.4966577540107,86.16844919786097,224.55250836120402,237.56053511705684,254.4180602006689,3.7974660396575928
frame1027,67.78743315508021,74.38101604278074,85.9846256684492,221.76923076923077,233.85953177257525,252.6086956521739,3.3173115253448486
frame1028,68.58890374331551,75.07687165775401,86.9451871657754,226.9591973244147,241.5933110367893,253.84013377926422,3.1281142234802246
frame1029,68.56617647058823,74.93048128342247,86.84491978609626,223.20066889632108,237.10234113712374,254.10234113712374,3.0769853591918945
frame1030,68.30080213903743,74.49398395721926,86.3937165775401,222.37525083612041,236.32508361204015,254.23210702341137,3.0619025230407715
frame1031,69.72860962566845,75.27005347593582,87.23061497326204,224.18729096989966,238.9953177257525,252.7839464882943,3.0544910430908203
frame1032,69.30949197860963,74.78208556149733,86.33823529411765,225.53846153846155,240.37257525083612,253.99933110367894,3.040250778198242
frame1033,70.0822192513369,74.13569518716578,84.97393048128342,224.29297658862876,238.1772575250836,254.34180602006688,3.0304808616638184
frame1034,69.50802139037434,73.71524064171123,83.76604278074866,222.69765886287627,236.61003344481605,254.61003344481605,3.0319859981536865
frame1035,69.8475935828877,73.94786096256685,84.41377005347593,223.16789297658863,238.0354515050167,254.7826086956522,3.030442714691162
frame1036,69.51336898395722,73.69719251336899,83.86497326203208,227.73444816053512,248.70903010033445,253.56588628762543,3.026057720184326
frame1037,69.29411764705883,73.2192513368984,83.17914438502673,226.60802675585285,248.9685618729097,252.9959866220736,3.0169012546539307
frame1038,69.24933155080214,72.96991978609626,82.87098930481284,229.5725752508361,252.9685618729097,254.2943143812709,3.036606788635254
frame1039,69.7072192513369,73.39839572192513,82.9913101604278,230.33913043478262,254.03076923076924,254.6066889632107,3.048715114593506
frame1040,69.32085561497327,72.70254010695187,82.29211229946524,230.30434782608697,253.97190635451506,254.5705685618729,3.0479371547698975
frame1041,69.3629679144385,72.55347593582887,82.3970588235294,230.7819397993311,254.6314381270903,254.8428093645485,3.0291318893432617
frame1042,69.49197860962566,73.04411764705883,82.19986631016043,231.0,255.0,255.0,3.0324974060058594
frame1043,69.55815508021391,72.94719251336899,82.16510695187166,231.0,255.0,255.0,3.032449960708618
frame1044,68.78542780748663,72.13502673796792,80.9812834224599,231.0,255.0,255.0,3.030534029006958
frame1045,69.18983957219251,72.55213903743315,80.8937165775401,231.0,254.98327759197323,255.0,3.030069589614868
frame1046,69.7927807486631,73.05280748663101,81.58689839572193,231.0,254.98327759197323,255.0,3.028886556625366
frame1047,69.3201871657754,72.62299465240642,80.94050802139037,231.0,254.98327759197323,255.0,3.027712345123291
frame1048,69.03609625668449,72.10494652406418,80.59157754010695,231.0,254.98327759197323,255.0,3.0256056785583496
frame1049,69.04545454545455,71.96858288770053,80.26737967914438,231.0,255.0,255.0,3.025658369064331
frame1050,68.63435828877006,71.73729946524064,79.77540106951872,231.0,255.0,255.0,3.02522873878479
frame1051,66.73930481283422,69.6216577540107,77.29478609625669,230.0,255.0,255.0,3.0250918865203857
frame1052,64.0548128342246,66.88034759358288,73.7566844919786,230.0,254.98327759197323,255.0,3.024388551712036
frame1053,61.95320855614973,64.69050802139037,70.99264705882354,229.0,254.98327759197323,255.0,3.024348735809326
frame1054,58.294117647058826,60.86497326203209,65.9933155080214,228.0,254.98327759197323,255.0,3.023719549179077
frame1055,55.69251336898396,58.3903743315508,62.656417112299465,226.33913043478262,252.59732441471573,254.42408026755854,3.0119357109069824
frame1056,53.18048128342246,55.87032085561497,59.8716577540107,225.33913043478262,249.761872909699,254.58862876254182,3.0745980739593506
frame1057,51.42045454545455,54.14772727272727,58.43716577540107,226.01672240802677,247.9665551839465,255.0,3.2007477283477783
frame1058,49.716577540106954,52.030748663101605,55.82486631016043,226.11371237458195,248.5685618729097,255.0,3.965712070465088
frame1059,52.04679144385027,53.01604278074866,57.86965240641711,227.7123745819398,251.90836120401337,255.0,3.583134174346924
frame1060,93.024064171123,89.09291443850267,95.37032085561498,198.04882943143812,210.2267558528428,219.65551839464882,3.3875646591186523
frame1061,91.03342245989305,89.51336898395722,98.20053475935829,197.22809364548496,204.9257525083612,220.48361204013378,3.240025281906128
frame1062,51.837566844919785,56.35227272727273,62.17245989304813,225.20334448160534,244.29966555183947,255.0,3.330233097076416
frame1063,48.95454545454545,53.79545454545455,60.00601604278075,215.68361204013377,230.9297658862876,251.3799331103679,4.3456220626831055
frame1064,49.11163101604278,54.68783422459893,61.13034759358289,215.07959866220736,230.3685618729097,253.03210702341138,4.952047348022461
frame1065,50.205882352941174,56.13636363636363,62.73729946524064,216.8541806020067,232.38729096989965,254.63210702341138,5.012566089630127
frame1066,53.27807486631016,59.13168449197861,66.8937165775401,218.16387959866222,233.3665551839465,254.59866220735785,5.0773725509643555
frame1067,56.24064171122995,62.911096256684495,71.26938502673796,220.96722408026756,238.10702341137124,251.40133779264215,5.079782962799072
frame1068,59.5394385026738,66.15307486631016,75.67647058823529,228.18929765886287,246.8628762541806,254.55785953177258,5.077601432800293
frame1069,62.19117647058823,69.35695187165776,79.22125668449198,228.1391304347826,243.56789297658864,254.37391304347827,5.077232837677002
frame1070,65.64973262032086,72.88770053475936,83.34625668449198,226.5752508361204,240.438127090301,255.0,5.071382999420166
frame1071,67.43850267379679,74.66978609625669,85.48061497326204,225.34113712374582,237.68227424749165,255.0,5.062661170959473
frame1072,68.00935828877006,75.34291443850267,86.27673796791444,223.3799331103679,236.0648829431438,252.74247491638795,5.061249256134033
frame1073,68.18649732620321,75.23262032085562,86.27139037433155,222.72307692307692,234.98193979933112,251.54849498327758,5.062384605407715
frame1074,67.7894385026738,74.55949197860963,85.65307486631016,226.01739130434783,242.6334448160535,254.18327759197325,5.062746047973633
frame1075,68.55815508021391,74.83957219251337,86.06082887700535,225.51438127090302,242.48494983277592,253.84414715719063,5.063415050506592
frame1076,68.94251336898395,74.37700534759358,85.93181818181819,225.1030100334448,241.02876254180603,253.29565217391306,5.062905788421631
frame1077,69.3562834224599,74.79010695187166,86.32820855614973,227.05685618729098,242.84347826086957,253.81070234113713,5.062777042388916
frame1078,69.1216577540107,74.79211229946524,84.84959893048128,225.13311036789298,240.3484949832776,253.8903010033445,5.054515361785889
frame1079,70.47125668449198,75.79411764705883,85.98529411764706,223.89765886287626,238.12040133779263,254.12240802675586,5.054389476776123
frame1080,70.07486631016043,74.7225935828877,84.86564171122994,222.77658862876254,237.83812709030101,253.9591973244147,5.056398868560791
frame1081,69.54946524064171,74.024064171123,83.90173796791444,223.36454849498327,238.94046822742476,254.2247491638796,5.057312965393066
frame1082,70.04344919786097,73.44986631016043,82.42914438502673,224.26488294314382,245.22943143812708,252.45551839464883,5.058266639709473
frame1083,69.9966577540107,73.24866310160428,82.45922459893048,228.37926421404683,251.44214046822742,253.96521739130435,3.279710292816162
frame1084,70.19919786096257,73.39171122994652,82.74933155080214,229.55317725752508,252.94515050167223,254.29565217391306,2.969707489013672
frame1085,69.850935828877,73.02139037433155,82.20788770053476,229.57658862876255,253.03879598662206,254.27759197324414,3.052673101425171
frame1086,69.16510695187166,72.58355614973262,81.24866310160428,230.64214046822744,254.47090301003345,254.78327759197325,3.049948215484619
frame1087,69.58355614973262,73.06216577540107,81.93716577540107,230.76454849498327,254.6789297658863,254.8608695652174,3.0336971282958984
frame1088,69.07954545454545,72.475935828877,81.13636363636364,230.76454849498327,254.6789297658863,254.8608695652174,3.0338587760925293
frame1089,69.7346256684492,73.27473262032086,82.1129679144385,230.76454849498327,254.6789297658863,254.8608695652174,3.029916286468506
frame1090,69.54679144385027,73.1183155080214,81.88836898395722,230.76454849498327,254.6789297658863,254.8608695652174,3.0276060104370117
frame1091,69.76270053475936,73.37032085561498,82.44652406417113,230.75384615384615,254.66822742474918,254.85016722408028,3.026144027709961
frame1092,69.93917112299465,73.49933155080214,82.6711229946524,230.75384615384615,254.66822742474918,254.85016722408028,3.0252137184143066
frame1093,69.67780748663101,73.34959893048128,82.23997326203208,230.75384615384615,254.66822742474918,254.85016722408028,3.0246667861938477
frame1094,70.4966577540107,74.17713903743315,82.7346256684492,231.0,255.0,255.0,3.0245420932769775
frame1095,70.27807486631016,73.91310160427807,82.3475935828877,231.0,255.0,255.0,3.0244665145874023
frame1096,69.67780748663101,73.11965240641712,81.53810160427807,231.0,255.0,255.0,3.0243685245513916
frame1097,66.32486631016043,69.48663101604278,77.26069518716578,230.0,255.0,255.0,3.0241522789001465
frame1098,64.18850267379679,66.91176470588235,74.01270053475936,229.0,254.0,255.0,3.0242807865142822
frame1099,61.10494652406417,63.72994652406417,69.68048128342247,229.0,254.0,255.0,3.024149179458618
frame1100,57.3048128342246,59.625,64.64304812834224,228.0,255.0,255.0,3.008188247680664
frame1101,54.02807486631016,56.294117647058826,60.4024064171123,227.68227424749165,252.51505016722408,254.8829431438127,3.0201680660247803
frame1102,53.51403743315508,55.92179144385027,59.911764705882355,225.68227424749165,248.53177257525084,254.8494983277592,3.0161612033843994
frame1103,51.61631016042781,53.782085561497325,57.398395721925134,226.0,248.0,255.0,3.152942180633545
frame1104,51.032085561497325,53.00066844919786,56.42379679144385,224.7859531772575,247.84080267558528,255.0,3.2412126064300537
frame1105,63.768716577540104,63.4024064171123,68.93716577540107,227.4274247491639,253.76923076923077,254.56588628762543,3.0894813537597656
frame1106,71.79478609625669,72.85360962566845,80.83756684491979,221.75117056856186,245.81872909698995,249.89565217391305,3.062077045440674
frame1107,50.60294117647059,55.62967914438503,61.531417112299465,221.4361204013378,238.0608695652174,255.0,3.2171213626861572
frame1108,50.50868983957219,55.62901069518717,61.79745989304813,215.12775919732442,230.83344481605351,251.09698996655518,3.4548068046569824
frame1109,50.43114973262032,55.99732620320856,62.018048128342244,213.76655518394648,229.48896321070234,251.0,3.827392578125
frame1110,51.4966577540107,57.230614973262036,63.18449197860963,216.76655518394648,232.74448160535118,254.0,4.2843918800354
frame1111,55.57219251336898,62.037433155080215,69.12433155080214,216.59264214046823,231.16789297658863,251.30836120401338,4.453322887420654
frame1112,58.62299465240642,65.20187165775401,73.29679144385027,226.97257525083612,246.35117056856188,254.428762541806,4.525326251983643
frame1113,61.976604278074866,68.94719251336899,77.84157754010695,227.81672240802675,245.4494983277592,254.1571906354515,4.228861331939697
frame1114,65.0461229946524,72.78008021390374,82.34358288770053,228.67090301003344,241.52508361204013,253.94648829431438,3.7107534408569336
frame1115,68.09491978609626,76.11363636363636,86.62433155080214,227.90367892976587,240.88227424749164,254.89297658862876,3.2216851711273193
frame1116,69.60227272727273,77.55414438502673,88.48930481283422,225.0,237.0,255.0,3.029517889022827
frame1117,69.91042780748663,76.81283422459893,88.30681818181819,223.41739130434783,236.4695652173913,252.81070234113713,2.988403797149658
frame1118,70.975935828877,77.57620320855615,88.74933155080214,223.50903010033446,238.19598662207358,252.4294314381271,2.981816291809082
frame1119,71.14505347593582,77.60227272727273,88.59157754010695,223.60602006688964,237.55117056856187,254.51036789297657,2.976562261581421
frame1120,72.00066844919786,77.59291443850267,89.3683155080214,222.8588628762542,237.1397993311037,254.87157190635452,2.972719669342041
frame1121,72.0220588235294,77.78475935828877,89.31016042780749,224.16789297658863,238.15117056856187,252.314381270903,2.970947742462158
frame1122,73.8596256684492,78.9057486631016,91.33622994652407,224.50167224080266,239.23745819397993,252.97658862876253,2.9683520793914795
frame1123,73.35695187165776,78.63235294117646,89.99598930481284,223.66889632107024,237.5953177257525,254.63210702341138,2.969550609588623
frame1124,73.3870320855615,78.4211229946524,89.70053475935829,223.82876254180601,239.01739130434783,254.91571906354514,2.9697320461273193
frame1125,73.76069518716578,78.78141711229947,89.68582887700535,224.24347826086955,240.50903010033446,253.4180602006689,2.96992826461792
frame1126,74.04812834224599,78.77540106951872,89.85828877005348,225.74448160535118,245.41204013377927,252.84080267558528,2.968592882156372
frame1127,74.33689839572193,78.55147058823529,89.52807486631016,228.7752508361204,251.83879598662207,253.95652173913044,2.9707999229431152
frame1128,74.56216577540107,77.92580213903743,89.13502673796792,230.53846153846155,254.13846153846154,254.69230769230768,2.9846410751342773
frame1129,73.84291443850267,77.1216577540107,88.04745989304813,230.5076923076923,254.1076923076923,254.66153846153847,3.0471031665802
frame1130,74.62032085561498,78.76671122994652,88.8442513368984,230.94113712374582,254.91973244147158,254.96521739130435,3.047654390335083
frame1131,75.15173796791444,79.25802139037434,89.41978609625669,230.93846153846152,254.9170568561873,254.96254180602006,3.030238389968872
frame1132,75.03342245989305,78.99598930481284,89.01403743315508,231.0,255.0,255.0,3.031299591064453
frame1133,74.8201871657754,79.12767379679144,88.81216577540107,230.98461538461538,254.97926421404682,254.98996655518394,3.0268921852111816
frame1134,74.29077540106952,78.44719251336899,88.23061497326204,230.93846153846152,254.9170568561873,254.96254180602006,3.023469924926758
frame1135,74.86096256684492,79.19986631016043,89.34024064171123,230.93846153846152,254.9170568561873,254.96254180602006,3.0183122158050537
frame1136,75.10427807486631,79.28810160427807,89.40708556149733,230.93578595317726,254.91438127090302,254.9571906354515,3.019343852996826
frame1137,74.59558823529412,78.94919786096257,88.8442513368984,230.93578595317726,254.91438127090302,254.9598662207358,3.0187435150146484
frame1138,73.97526737967914,78.28877005347593,87.83288770053476,230.93578595317726,253.94515050167223,254.9598662207358,3.0207691192626953
frame1139,73.84625668449198,78.08622994652407,87.80748663101605,231.0,254.02541806020068,255.0,3.0201852321624756
frame1140,74.42245989304813,78.56684491978609,88.67580213903743,231.0,254.02742474916388,255.0,3.018764019012451
frame1141,72.20588235294117,75.9024064171123,85.29211229946524,231.0,254.00535117056856,255.0,3.022676706314087
frame1142,70.46122994652407,73.56417112299465,82.47526737967914,230.0,253.05083612040133,255.0,3.023573875427246
frame1143,67.66844919786097,70.56684491978609,78.36430481283422,229.0,253.05083612040133,255.0,3.02691650390625
frame1144,64.74933155080214,67.50267379679144,74.68048128342247,228.0,253.05083612040133,255.0,3.024808406829834
frame1145,61.12767379679144,63.80548128342246,69.99465240641712,228.0,254.0,255.0,3.024463653564453
frame1146,57.75200534759358,60.031417112299465,65.08355614973262,227.0,251.0,255.0,3.0242295265197754
frame1147,55.00601604278075,57.157754010695186,61.599598930481285,224.0,246.0,255.0,3.0044000148773193
frame1148,54.00066844919786,55.82954545454545,59.94451871657754,224.19531772575252,245.29297658862876,255.0,3.0063045024871826
frame1149,53.8903743315508,55.282754010695186,59.518048128342244,225.3846153846154,246.6428093645485,255.0,3.007277727127075
frame1150,82.24532085561498,78.34491978609626,84.850935828877,218.2896321070234,239.0428093645485,245.2535117056856,3.0565309524536133
frame1151,92.91711229946524,90.59558823529412,98.95254010695187,191.53177257525084,197.4876254180602,211.22341137123746,3.0520808696746826
frame1152,53.85427807486631,58.10895721925134,65.61163101604278,224.67759197324415,244.47023411371237,255.0,3.111771821975708
frame1153,51.86363636363637,56.893716577540104,62.94451871657754,218.50635451505016,235.19464882943143,254.19933110367893,3.152411460876465
frame1154,51.93917112299465,57.08288770053476,63.399064171122994,212.51103678929766,226.54715719063546,249.01605351170568,3.1798319816589355
frame1155,52.94117647058823,58.00534759358289,65.1711229946524,212.97792642140467,229.95250836120402,250.95183946488294,3.178555965423584
frame1156,55.904411764705884,61.61029411764706,69.5394385026738,214.98193979933112,231.9571906354515,251.95585284280938,3.1113839149475098
frame1157,59.73997326203209,65.44852941176471,74.56818181818181,225.63010033444817,243.1438127090301,253.5732441471572,3.1214938163757324
frame1158,63.02072192513369,68.86096256684492,78.84625668449198,227.4655518394649,244.33110367892976,254.55986622073578,3.07722806930542
frame1159,66.11096256684492,72.34024064171123,83.35227272727273,225.89832775919731,241.4494983277592,254.43411371237457,3.0717148780822754
frame1160,68.45320855614973,74.84893048128342,86.4144385026738,225.7391304347826,240.57190635451505,254.6769230769231,3.0663843154907227
frame1161,71.5033422459893,78.0120320855615,90.3783422459893,224.8628762541806,238.34581939799332,254.1076923076923,3.059541702270508
frame1162,72.02941176470588,78.35762032085562,90.49398395721926,226.30434782608697,239.1551839464883,252.9190635451505,3.0591702461242676
frame1163,73.01002673796792,79.27540106951872,91.91711229946524,224.29565217391306,238.9638795986622,253.361872909699,3.055973768234253
frame1164,73.29946524064171,79.37366310160428,91.96524064171123,224.09163879598663,238.3371237458194,253.37458193979933,3.0542709827423096
frame1165,72.81885026737967,78.65708556149733,89.91042780748663,223.65016722408026,238.1732441471572,253.2876254180602,3.0538434982299805
frame1166,73.53676470588235,78.98195187165776,90.6096256684492,224.91103678929767,240.42541806020066,252.80869565217392,3.052443504333496
frame1167,73.56483957219251,78.41176470588235,89.43048128342247,223.0040133779264,239.7913043478261,254.67090301003344,3.0553882122039795
frame1168,74.67446524064171,78.59558823529412,90.06350267379679,221.46020066889633,237.52642140468228,254.90434782608696,3.060675621032715
frame1169,74.57754010695187,78.39639037433155,89.7533422459893,221.85551839464884,239.1056856187291,254.03478260869565,3.058910846710205
frame1170,74.53342245989305,78.21122994652407,89.41577540106952,226.29297658862876,246.04147157190636,253.66220735785953,3.0488555431365967
frame1171,74.7159090909091,78.31951871657753,89.62366310160428,226.37591973244147,246.55852842809364,252.84080267558528,3.046767234802246
frame1172,74.58021390374331,78.14171122994652,89.52272727272727,230.2581939799331,252.73377926421404,254.1933110367893,3.043057918548584
frame1173,75.3322192513369,78.37901069518716,89.38235294117646,229.2581939799331,252.64414715719064,254.01404682274247,3.0493340492248535
frame1174,74.13101604278074,77.35494652406418,87.81483957219251,229.87558528428093,253.45484949832775,254.31304347826088,3.0470595359802246
frame1175,74.62566844919786,77.77272727272727,88.18783422459893,229.87558528428093,253.4020066889632,254.31304347826088,3.0299172401428223
frame1176,74.68582887700535,78.06483957219251,88.3783422459893,231.0,255.0,255.0,3.0302538871765137
frame1177,75.34692513368984,78.63569518716578,88.92179144385027,231.0,255.0,255.0,3.028043031692505
frame1178,74.80815508021391,78.3201871657754,88.20053475935829,231.0,255.0,255.0,3.0246505737304688
frame1179,75.20254010695187,78.51470588235294,87.44986631016043,231.0,253.0066889632107,255.0,3.0286357402801514
frame1180,75.70588235294117,79.33088235294117,88.55213903743315,231.0,253.0,255.0,3.0258169174194336
frame1181,74.65508021390374,78.54211229946524,87.21991978609626,231.0,253.0,255.0,3.026919364929199
frame1182,74.46457219251337,78.3529411764706,87.21858288770053,231.0,254.0,255.0,3.0256783962249756
frame1183,74.875,78.42379679144385,87.55347593582887,231.0,253.0,255.0,3.0259835720062256
frame1184,74.58823529411765,78.25467914438502,87.15441176470588,231.0,253.0,255.0,3.0262632369995117
frame1185,74.1062834224599,77.56149732620321,86.20855614973262,231.0,253.0,255.0,3.0283055305480957
frame1186,73.90975935828877,77.46323529411765,86.25467914438502,231.0,253.0,255.0,3.026743173599243
frame1187,70.97058823529412,73.72459893048128,82.08088235294117,230.0,253.0,255.0,3.030592918395996
frame1188,68.45521390374331,71.100935828877,78.46991978609626,230.0,253.0,255.0,3.031953811645508
frame1189,66.05614973262033,68.69184491978609,75.38770053475936,229.0,253.0,255.0,3.0323879718780518
frame1190,62.905748663101605,65.65106951871658,71.2894385026738,228.0,253.0,255.0,3.0327165126800537
frame1191,59.344919786096256,61.75133689839572,67.65374331550802,227.36923076923077,252.2046822742475,254.7531772575251,3.02451491355896
frame1192,56.97927807486631,59.338235294117645,64.74197860962566,225.39665551839465,248.25953177257526,254.7531772575251,3.0104808807373047
frame1193,55.6370320855615,57.81885026737968,62.68850267379679,224.0,245.0,255.0,2.998636484146118
frame1194,53.850935828877006,55.855614973262036,60.00868983957219,223.6086956521739,244.73043478260868,255.0,3.0054166316986084
frame1195,56.09692513368984,57.25534759358289,62.3716577540107,227.84615384615384,253.9010033444816,255.0,3.0201456546783447
frame1196,95.89639037433155,91.12433155080214,98.5086898395722,189.38996655518395,198.6428093645485,209.15652173913043,3.0536534786224365
frame1197,71.97326203208556,72.15508021390374,80.69585561497327,220.7531772575251,244.08428093645486,249.00936454849497,3.0280041694641113
frame1198,53.35294117647059,58.461898395721924,65.66377005347593,222.0314381270903,237.41739130434783,255.0,3.2488861083984375
frame1199,51.82286096256684,57.151737967914436,63.342245989304814,221.15384615384616,237.15384615384616,254.53846153846155,3.4664106369018555
frame1200,52.3048128342246,57.92112299465241,64.53609625668449,213.5732441471572,227.7551839464883,250.45284280936454,3.7215144634246826
frame1201,53.37633689839572,59.42045454545455,65.79879679144385,216.34448160535118,231.58996655518393,253.27959866220735,4.035943031311035
frame1202,57.17112299465241,63.18716577540107,71.05748663101605,216.7531772575251,230.84882943143813,251.3190635451505,4.099536895751953
frame1203,59.85494652406417,66.05949197860963,74.8442513368984,225.99866220735785,244.49832775919734,253.62408026755853,3.7586276531219482
frame1204,64.25935828877006,68.44318181818181,80.50401069518716,227.98929765886288,241.8494983277592,254.2521739130435,3.244006633758545
frame1205,66.41377005347593,71.38034759358288,83.76336898395722,227.36722408026756,241.11505016722407,254.3257525083612,3.120957374572754
frame1206,70.22927807486631,75.28542780748663,88.41109625668449,227.70702341137124,241.52441471571908,254.62541806020067,3.0905072689056396
frame1207,71.6437165775401,76.8937165775401,90.22526737967914,224.72508361204012,236.56254180602008,254.54983277591973,3.0691494941711426
frame1208,72.81016042780749,78.06684491978609,91.29946524064171,221.55183946488293,234.88494983277593,250.90301003344482,3.0616390705108643
frame1209,72.29679144385027,77.89973262032086,90.26938502673796,226.08628762541807,241.41137123745818,253.75986622073577,3.058577299118042
frame1210,72.45521390374331,77.36363636363636,89.76938502673796,222.7505016722408,237.26956521739132,252.9217391304348,3.0542867183685303
frame1211,72.11163101604278,77.02807486631016,89.03810160427807,222.66488294314382,235.87625418060202,253.62140468227426,3.052924394607544
frame1212,73.524064171123,78.24197860962566,90.1316844919786,227.56722408026755,241.5505016722408,254.00133779264215,3.0513906478881836
frame1213,73.7533422459893,78.67245989304813,90.29211229946524,224.49966555183946,238.6494983277592,254.33110367892976,3.051588535308838
frame1214,73.600935828877,78.43449197860963,89.40374331550802,224.08160535117057,238.0020066889632,254.30702341137123,3.053394317626953
frame1215,73.6096256684492,78.79411764705883,89.67713903743315,225.9732441471572,242.4541806020067,253.68428093645485,3.050459384918213
frame1216,74.39772727272727,78.61163101604278,88.47660427807487,225.73311036789298,245.49030100334448,252.49565217391304,3.055124282836914
frame1217,74.16310160427807,78.67713903743315,88.06751336898395,230.5371237458194,252.92307692307693,254.3056856187291,3.0504837036132812
frame1218,73.7466577540107,77.82286096256685,87.53609625668449,230.36321070234115,253.96989966555185,254.58795986622073,3.0515098571777344
frame1219,72.81350267379679,77.24799465240642,86.4090909090909,230.21939799331105,253.7438127090301,254.4715719063545,3.0525543689727783
frame1220,72.93516042780749,77.15641711229947,86.54010695187166,230.14247491638795,253.66688963210703,254.3846153846154,3.049751043319702
frame1221,73.0340909090909,77.03342245989305,86.13101604278074,230.0989966555184,253.61471571906355,254.34180602006688,3.035182237625122
frame1222,73.19451871657753,76.84358288770053,86.20187165775401,231.0,255.0,255.0,3.0349268913269043
frame1223,72.9572192513369,76.5975935828877,85.87032085561498,231.0,254.90367892976587,255.0,3.0344414710998535
frame1224,73.71724598930481,77.73195187165776,86.78342245989305,231.0,254.10501672240804,255.0,3.0310604572296143
frame1225,74.05815508021391,78.44919786096257,87.4913101604278,231.0,253.15652173913043,255.0,3.0259363651275635
frame1226,74.01270053475936,78.35427807486631,87.399064171123,231.0,253.15117056856187,255.0,3.0247461795806885
frame1227,73.63502673796792,78.18917112299465,86.8629679144385,231.0,253.15117056856187,255.0,3.0242438316345215
frame1228,74.25066844919786,77.97058823529412,87.27540106951872,231.0,252.4715719063545,255.0,3.024691104888916
frame1229,74.42647058823529,78.28275401069519,87.32754010695187,231.0,252.19264214046822,255.0,3.0250401496887207
frame1230,74.56417112299465,78.32754010695187,87.4144385026738,231.0,252.19264214046822,255.0,3.025238275527954
frame1231,73.81951871657753,77.6216577540107,86.30414438502673,231.0,252.19264214046822,255.0,3.026169538497925
frame1232,72.65374331550802,76.08021390374331,84.6062834224599,231.0,252.06421404682274,255.0,3.027420997619629
frame1233,69.91377005347593,72.87633689839572,80.82687165775401,230.0,253.0,255.0,3.030421257019043
frame1234,68.01002673796792,70.70989304812834,78.45788770053476,229.0,252.0,255.0,3.030430555343628
frame1235,64.31684491978609,66.95989304812834,73.54946524064171,229.0,253.0,255.0,3.030271053314209
frame1236,61.32286096256684,64.39973262032086,70.11163101604278,228.0,253.0,255.0,3.0251197814941406
frame1237,57.87633689839572,60.81350267379679,65.84224598930481,227.0,251.17123745819399,255.0,3.008538246154785
frame1238,56.0153743315508,58.50133689839572,63.29612299465241,223.17123745819399,245.25685618729096,255.0,3.0081305503845215
frame1239,54.61229946524064,56.51737967914438,60.94986631016043,223.2140468227425,244.29966555183947,255.0,2.9968276023864746
frame1240,54.63034759358289,56.461898395721924,61.80280748663102,221.7438127090301,242.038127090301,255.0,3.0048067569732666
frame1241,67.35160427807487,66.83288770053476,73.95187165775401,226.7123745819398,252.90234113712376,254.05685618729098,3.0224413871765137
frame1242,95.23729946524064,92.6216577540107,100.25133689839572,179.17658862876254,179.70234113712374,190.90367892976587,3.0429365634918213
frame1243,56.13502673796791,60.70320855614973,67.63101604278074,225.73311036789298,250.56521739130434,254.9866220735786,3.1164298057556152
frame1244,51.338235294117645,56.1764705882353,62.18248663101604,219.01070234113712,235.91839464882943,254.7772575250836,3.352470636367798
frame1245,51.4725935828877,56.67446524064171,63.219251336898395,213.58929765886288,229.66688963210703,250.23612040133779,3.6830716133117676
frame1246,52.658422459893046,58.48328877005348,65.26938502673796,212.50836120401337,227.92240802675585,250.22742474916387,4.005361080169678
frame1247,54.30013368983957,60.20788770053476,67.42312834224599,214.8066889632107,230.86822742474916,252.06421404682274,4.096015453338623
frame1248,57.5514705882353,63.668449197860966,71.54411764705883,220.361872909699,236.80869565217392,250.62742474916388,4.065804481506348
frame1249,61.768048128342244,67.81216577540107,77.2279411764706,226.8648829431438,243.84347826086957,254.1705685618729,3.5653724670410156
frame1250,64.38569518716578,70.92847593582887,80.8937165775401,226.93578595317726,244.61204013377926,254.20802675585284,3.179734468460083
frame1251,67.56417112299465,74.47927807486631,85.25802139037434,226.99264214046823,243.39665551839465,254.48026755852842,3.10937237739563
frame1252,70.41042780748663,77.38502673796792,88.74398395721926,228.0742474916388,243.41471571906354,254.05819397993312,3.0843753814697266
frame1253,72.36898395721926,79.12901069518716,91.02339572192513,228.1391304347826,243.89297658862876,254.46421404682275,3.067793846130371
frame1254,72.7807486631016,79.6437165775401,91.30414438502673,225.14247491638795,240.6408026755853,252.2628762541806,3.0611605644226074
frame1255,72.05414438502673,78.92245989304813,90.44852941176471,225.9913043478261,241.47224080267557,253.96053511705685,3.0565288066864014
frame1256,72.73997326203208,78.37566844919786,90.62032085561498,225.6695652173913,240.6180602006689,252.91371237458193,3.051997423171997
frame1257,73.32486631016043,78.7586898395722,91.24732620320856,224.88695652173914,239.76454849498327,252.52173913043478,3.049978256225586
frame1258,73.67713903743315,78.56283422459893,90.61497326203208,224.1190635451505,239.22341137123746,253.52709030100334,3.0489845275878906
frame1259,74.77807486631016,78.88034759358288,90.89505347593582,222.49364548494984,237.4180602006689,253.23879598662208,3.051757335662842
frame1260,74.73195187165776,78.68181818181819,90.36363636363636,221.25685618729096,236.54247491638796,253.04414715719062,3.05489182472229
frame1261,74.49799465240642,78.28342245989305,90.11430481283422,220.51036789297657,236.69765886287627,251.69832775919733,3.0490360260009766
frame1262,73.56149732620321,77.47927807486631,88.69852941176471,229.50836120401337,251.17591973244149,253.64347826086956,3.041411876678467
frame1263,74.21390374331551,78.39973262032086,89.51671122994652,228.65418060200668,251.32909698996656,253.39464882943145,3.04274582862854
frame1264,73.96390374331551,77.93983957219251,88.56483957219251,229.65551839464882,253.15652173913043,254.2133779264214,3.0471153259277344
frame1265,75.49866310160428,79.10561497326204,89.36898395721926,230.94916387959867,254.91973244147158,254.96521739130435,3.052443027496338
frame1266,75.10494652406418,78.62299465240642,88.7225935828877,230.94916387959867,254.91973244147158,254.96521739130435,3.04917573928833
frame1267,75.10360962566845,78.69117647058823,88.77606951871658,230.94648829431438,254.9170568561873,254.96254180602006,3.0320334434509277
frame1268,74.68983957219251,78.16844919786097,88.19385026737967,231.0,255.0,255.0,3.031440019607544
frame1269,74.16109625668449,77.47660427807487,87.27606951871658,231.0,254.0,255.0,3.026824951171875
frame1270,73.68114973262033,76.99933155080214,86.90708556149733,231.0,254.0020066889632,255.0,3.0240025520324707
frame1271,74.18048128342247,77.37366310160428,87.36965240641712,231.0,254.0020066889632,255.0,3.022726058959961
frame1272,74.61965240641712,77.88903743315508,88.1437165775401,231.0,254.01872909698997,255.0,3.021028995513916
frame1273,74.51136363636364,78.02272727272727,88.02473262032086,231.0,253.05886287625418,255.0,3.021679401397705
frame1274,74.62433155080214,78.19184491978609,88.28342245989305,231.0,253.02541806020068,255.0,3.0211093425750732
frame1275,74.27473262032086,77.61029411764706,87.75133689839572,231.0,253.02541806020068,255.0,3.0205554962158203
frame1276,73.99264705882354,77.32219251336899,87.3475935828877,231.0,253.02541806020068,255.0,3.0206518173217773
frame1277,73.52005347593582,77.45788770053476,87.21858288770053,231.0,252.08428093645486,255.0,3.0205039978027344
frame1278,70.75467914438502,74.26403743315508,83.12767379679144,231.0,253.0561872909699,255.0,3.022740364074707
frame1279,69.07419786096257,72.42179144385027,81.20320855614973,230.0,253.0561872909699,255.0,3.0228331089019775
frame1280,65.9057486631016,68.94919786096257,76.77473262032086,229.0,252.03210702341138,255.0,3.0234031677246094
frame1281,63.81350267379679,66.53743315508021,73.80748663101605,228.0,253.02140468227424,255.0,3.0233707427978516
frame1282,60.230614973262036,62.79879679144385,69.05949197860963,228.0,253.0,255.0,3.0234906673431396
frame1283,58.080213903743314,60.411096256684495,66.2159090909091,226.0,249.0,255.0,3.014009952545166
frame1284,55.281417112299465,57.36965240641711,62.36898395721925,223.0,244.0,255.0,2.9996490478515625
frame1285,54.60762032085562,56.526737967914436,61.49732620320856,223.0133779264214,244.01605351170568,255.0,3.0042474269866943
frame1286,54.44318181818182,56.11363636363637,60.85294117647059,225.2494983277592,247.15652173913043,255.0,3.0062546730041504
frame1287,90.95187165775401,86.12232620320856,94.27005347593582,207.9391304347826,225.05953177257524,232.7123745819398,3.0533182621002197
frame1288,89.26336898395722,87.71189839572193,97.07820855614973,205.72842809364548,219.41939799331104,230.8903010033445,3.038527488708496
frame1289,53.06951871657754,57.12700534759358,65.40040106951872,224.9973244147157,244.64882943143812,255.0,3.190391778945923
frame1290,51.169117647058826,55.143048128342244,63.76470588235294,215.66622073578594,231.6,251.7826086956522,3.2908642292022705
frame1291,51.54612299465241,56.18582887700535,64.66711229946524,214.73444816053512,230.4963210702341,250.33979933110368,3.3494210243225098
frame1292,53.9418449197861,59.5033422459893,68.20922459893048,217.2628762541806,233.73444816053512,252.89297658862876,3.345654249191284
frame1293,55.55080213903744,61.13034759358289,70.06617647058823,218.56321070234114,232.9953177257525,253.02274247491638,3.2466824054718018
frame1294,59.13034759358289,64.93449197860963,75.10494652406418,225.9344481605351,243.22073578595317,253.80869565217392,3.2240183353424072
frame1295,62.38770053475936,68.35762032085562,79.2894385026738,227.66889632107024,241.45351170568563,253.9913043478261,3.127682685852051
frame1296,65.73262032085562,72.28542780748663,84.2720588235294,225.82809364548496,239.53110367892975,253.83612040133778,3.096787214279175
frame1297,68.56550802139037,75.3663101604278,87.97192513368984,224.55451505016723,238.30234113712373,254.32642140468226,3.0812807083129883
frame1298,71.96457219251337,78.75,92.725935828877,222.26020066889632,235.62474916387959,252.36588628762541,3.0685107707977295
frame1299,71.98930481283422,78.15040106951872,92.04344919786097,224.57391304347826,239.20735785953178,253.12775919732442,3.0611557960510254
frame1300,72.45053475935829,78.78609625668449,92.17245989304813,224.8267558528428,239.50234113712375,253.83612040133778,3.0564568042755127
frame1301,72.774064171123,78.3596256684492,92.03676470588235,222.63946488294314,236.44481605351172,254.65284280936456,3.052003860473633
frame1302,73.69251336898395,78.8663101604278,90.29344919786097,222.10167224080269,236.69632107023412,251.80066889632107,3.0536599159240723
frame1303,73.30080213903743,78.31818181818181,89.55013368983957,224.60133779264214,239.8896321070234,253.20602006688964,3.051943778991699
frame1304,73.88770053475936,78.5942513368984,90.17045454545455,224.3217391304348,238.1304347826087,254.23745819397993,3.051121473312378
frame1305,73.28676470588235,78.00200534759358,89.30949197860963,223.6401337792642,236.71772575250836,254.61739130434782,3.0515024662017822
frame1306,73.46524064171123,77.9913101604278,89.3529411764706,221.49765886287625,237.1839464882943,254.55852842809364,3.053394317626953
frame1307,72.54411764705883,77.38034759358288,88.2927807486631,225.72307692307692,245.75986622073577,253.38060200668897,3.0410773754119873
frame1308,73.37232620320856,77.80080213903743,88.75935828877006,230.32240802675585,252.58060200668896,254.2535117056856,3.040442943572998
frame1309,73.42045454545455,77.4725935828877,88.57419786096257,229.83076923076922,253.390635451505,254.31638795986623,3.0423693656921387
frame1310,73.52139037433155,77.52072192513369,88.9913101604278,229.76789297658863,253.27290969899664,254.2535117056856,3.041160821914673
frame1311,73.81417112299465,77.65842245989305,89.17513368983957,230.7732441471572,254.62876254180603,254.82541806020066,3.0429840087890625
frame1312,73.8442513368984,77.77673796791444,88.6129679144385,230.77056856187292,254.62876254180603,254.82541806020066,3.043562650680542
frame1313,73.56751336898395,77.30080213903743,88.13636363636364,230.7591973244147,254.61739130434782,254.80267558528428,3.0245609283447266
frame1314,73.80949197860963,77.42513368983957,87.29010695187166,230.93578595317726,253.9933110367893,254.9598662207358,3.032595634460449
frame1315,74.88101604278074,78.62901069518716,89.0461229946524,230.93578595317726,253.9551839464883,254.9598662207358,3.030146360397339
frame1316,74.59692513368984,78.38302139037434,88.40374331550802,230.93578595317726,252.9933110367893,254.9598662207358,3.0318751335144043
frame1317,75.09224598930481,79.09491978609626,89.22526737967914,231.0,253.07090301003345,255.0,3.029273271560669
frame1318,74.60026737967914,78.35895721925134,88.27339572192513,231.0,253.07090301003345,255.0,3.0279152393341064
frame1319,74.8529411764706,78.7620320855615,88.75467914438502,231.0,253.07090301003345,255.0,3.023475170135498
frame1320,75.0701871657754,79.0461229946524,89.04679144385027,231.0,253.07090301003345,255.0,3.0214672088623047
frame1321,74.75133689839572,78.79077540106952,88.90842245989305,231.0,253.07090301003345,255.0,3.01962947845459
frame1322,74.68917112299465,78.69050802139037,88.79812834224599,231.0,253.07090301003345,255.0,3.019836902618408
frame1323,73.02473262032086,76.73262032085562,86.40441176470588,231.0,253.02809364548494,255.0,3.022017002105713
frame1324,70.07754010695187,73.46457219251337,82.38770053475936,230.0,253.02809364548494,255.0,3.0232200622558594
frame1325,66.77941176470588,69.90975935828877,77.50133689839572,229.0,252.0,255.0,3.0246520042419434
frame1326,64.35427807486631,67.51671122994652,74.5187165775401,229.0,252.0,255.0,3.023975133895874
frame1327,60.44117647058823,63.68114973262032,69.36898395721926,228.0,253.0,255.0,3.0238702297210693
frame1328,57.13836898395722,59.9298128342246,64.63302139037434,227.0,251.0,255.0,3.0082156658172607
frame1329,56.12633689839572,58.82286096256684,63.38435828877005,223.0,245.0,255.0,3.008242607116699
frame1330,54.51136363636363,56.911096256684495,61.13168449197861,222.0040133779264,243.00535117056856,255.0,3.00364351272583
frame1331,54.11697860962567,56.14237967914438,60.31818181818182,222.72307692307692,242.9391304347826,255.0,3.006131887435913
frame1332,58.037433155080215,58.8235294117647,63.67446524064171,227.97591973244147,254.571237458194,255.0,3.0233285427093506
frame1333,67.21189839572193,69.55681818181819,79.87366310160428,224.18127090301005,248.3210702341137,253.02140468227424,3.0188350677490234
frame1334,52.52272727272727,57.649732620320854,64.4933155080214,219.4247491638796,236.27759197324414,255.0,3.2369518280029297
frame1335,51.82419786096256,56.93649732620321,63.63569518716577,214.71170568561874,230.58327759197326,250.07692307692307,3.408717393875122
frame1336,52.37566844919786,57.37032085561497,64.59826203208556,210.647491638796,226.8876254180602,248.01872909698997,3.5219321250915527
frame1337,54.30748663101604,59.720588235294116,67.3201871657754,215.4020066889632,231.5036789297659,252.6628762541806,3.4950551986694336
frame1338,57.95120320855615,64.06550802139037,72.9298128342246,216.38127090301003,231.94916387959867,248.98595317725753,3.4316201210021973
frame1339,60.48395721925134,66.6163101604278,76.3629679144385,226.4715719063545,243.2133779264214,253.98260869565217,3.2523090839385986
frame1340,63.9144385026738,70.15106951871658,80.6437165775401,224.95785953177258,241.38729096989965,253.7150501672241,3.110128402709961
frame1341,66.50066844919786,73.28275401069519,83.93315508021391,225.00602006688962,239.6361204013378,253.80334448160536,3.081827402114868
frame1342,69.96524064171123,76.99598930481284,88.76069518716578,225.71103678929765,238.84682274247493,252.89096989966555,3.0678277015686035
frame1343,72.06617647058823,79.09491978609626,91.33088235294117,226.48561872909698,239.98461538461538,252.82408026755851,3.0582151412963867
frame1344,72.47660427807487,78.87299465240642,91.77339572192513,225.77926421404683,241.66822742474918,252.87959866220737,3.052572727203369
frame1345,71.82820855614973,78.17580213903743,90.67312834224599,226.75986622073577,242.6046822742475,254.0715719063545,3.0507218837738037
frame1346,72.55414438502673,78.8970588235294,91.62566844919786,226.50234113712375,242.9257525083612,252.83678929765887,3.0472421646118164
frame1347,73.30280748663101,78.44184491978609,91.18716577540107,226.20401337792643,240.88628762541805,253.18929765886287,3.0441644191741943
frame1348,73.9933155080214,78.9725935828877,91.04411764705883,225.1397993311037,241.30434782608697,254.27224080267558,3.045722007751465
frame1349,73.55882352941177,78.19050802139037,89.80949197860963,223.25284280936455,238.39598662207356,254.50635451505016,3.0468013286590576
frame1350,74.43449197860963,78.26136363636364,89.16644385026738,220.05953177257524,237.36053511705686,255.0,3.0564684867858887
frame1351,74.78743315508021,78.32219251336899,89.5,224.44682274247492,244.44347826086957,253.44080267558527,3.05218768119812
frame1352,73.91510695187166,77.375,88.52272727272727,228.35785953177256,249.71371237458195,253.63946488294314,3.049989700317383
frame1353,73.54344919786097,77.20655080213903,88.09959893048128,227.8535117056856,250.37257525083612,253.48026755852842,3.0504250526428223
frame1354,73.76671122994652,77.524064171123,88.22526737967914,228.8648829431438,251.73311036789298,253.67558528428094,3.0499415397644043
frame1355,73.95254010695187,77.91978609625669,88.65441176470588,229.19397993311037,252.15986622073578,253.81204013377928,3.047057628631592
frame1356,73.8783422459893,77.90641711229947,88.26403743315508,229.0267558528428,252.0608695652174,253.71304347826086,3.0465803146362305
frame1357,73.18783422459893,77.42312834224599,87.34826203208556,231.0,255.0,255.0,3.0276436805725098
frame1358,73.49866310160428,77.67580213903743,87.9538770053476,231.0,255.0,255.0,3.025714159011841
frame1359,73.13970588235294,77.35227272727273,87.33756684491979,231.0,255.0,255.0,3.026224136352539
frame1360,73.63770053475936,77.42179144385027,87.68917112299465,231.0,255.0,255.0,3.0253822803497314
frame1361,73.10360962566845,77.31417112299465,87.20655080213903,231.0,254.0,255.0,3.0235302448272705
frame1362,75.28475935828877,78.77072192513369,88.65641711229947,231.0,252.05016722408027,255.0,3.02728009223938
frame1363,74.97326203208556,78.5394385026738,88.32954545454545,231.0,253.05484949832777,255.0,3.026005744934082
frame1364,75.21991978609626,79.02540106951872,88.71323529411765,231.0,252.05016722408027,255.0,3.0251073837280273
frame1365,74.89505347593582,78.5942513368984,88.09358288770053,231.0,253.0334448160535,255.0,3.0247058868408203
frame1366,74.93516042780749,78.73195187165776,88.41978609625669,231.0,252.05016722408027,255.0,3.0232388973236084
frame1367,74.40842245989305,78.09491978609626,87.63502673796792,231.0,252.05016722408027,255.0,3.023622512817383
frame1368,72.20254010695187,75.6316844919786,84.63569518716578,231.0,253.05484949832777,255.0,3.0242934226989746
frame1369,69.20588235294117,72.2072192513369,80.4846256684492,230.0,253.0,255.0,3.0256423950195312
frame1370,67.42647058823529,70.22058823529412,78.30080213903743,229.0,252.0,255.0,3.02480411529541
frame1371,64.44585561497327,67.38770053475936,74.15775401069519,228.0,253.0,255.0,3.026087522506714
frame1372,61.47192513368984,64.02941176470588,70.23729946524064,227.7846153846154,252.72842809364548,254.90635451505017,3.024293899536133
frame1373,58.47860962566845,60.898395721925134,66.2413101604278,226.79397993311036,250.73779264214048,254.92508361204014,3.0244457721710205
frame1374,56.13235294117647,58.661096256684495,63.68716577540107,222.0,244.0,255.0,3.0084664821624756
frame1375,54.22794117647059,56.282754010695186,60.57954545454545,223.69565217391303,245.11304347826086,255.0,3.00697922706604
frame1376,54.70855614973262,56.41711229946524,60.76136363636363,226.0628762541806,248.3056856187291,255.0,3.00490403175354
frame1377,78.94852941176471,76.07486631016043,82.6590909090909,222.0361204013378,245.40401337792642,248.74314381270904,3.0520846843719482
frame1378,92.91844919786097,90.42312834224599,99.26938502673796,192.82408026755851,199.9257525083612,215.9638795986622,3.0500998497009277
frame1379,53.82085561497326,57.38235294117647,64.6029411764706,222.54849498327758,242.69565217391303,254.89765886287626,3.1243536472320557
frame1380,50.93449197860963,56.00802139037433,61.969251336898395,216.91103678929767,233.51371237458193,253.0735785953177,3.157419204711914
frame1381,50.97727272727273,55.655748663101605,62.26604278074866,211.41270903010033,225.4066889632107,249.05886287625418,3.2411365509033203
frame1382,52.37767379679144,57.79077540106952,64.68181818181819,214.93645484949832,227.8588628762542,253.1123745819398,3.2500081062316895
frame1383,56.19719251336898,61.651069518716575,69.81016042780749,215.2133779264214,228.2896321070234,251.14916387959866,3.1384246349334717
frame1384,59.337566844919785,65.10026737967914,73.92446524064171,225.27692307692308,243.23344481605352,253.57190635451505,3.136918067932129
frame1385,63.44786096256684,69.43382352941177,79.80147058823529,227.5772575250836,243.56454849498328,254.6782608695652,3.0643956661224365
frame1386,66.10026737967914,73.07553475935829,83.61965240641712,226.7826086956522,240.8227424749164,254.76588628762542,3.0475013256073
frame1387,68.91911764705883,76.26270053475936,87.58021390374331,226.87491638795987,242.18127090301005,255.0,3.0337069034576416
frame1388,71.55414438502673,78.69318181818181,90.5975935828877,225.15652173913043,238.31571906354515,253.8133779264214,3.022670269012451
frame1389,71.93983957219251,78.11363636363636,90.42847593582887,225.64147157190635,239.41270903010033,253.34648829431438,3.0188093185424805
frame1390,71.7840909090909,78.22125668449198,90.2720588235294,224.59665551839464,239.31170568561873,254.0408026755853,3.016418218612671
frame1391,71.9846256684492,78.62901069518716,90.74264705882354,223.53177257525084,237.6153846153846,252.52040133779263,3.014282703399658
frame1392,72.17379679144385,78.91644385026738,90.52606951871658,223.82541806020066,238.45953177257525,252.32642140468226,3.0126569271087646
frame1393,73.47459893048128,78.80614973262033,91.08957219251337,224.8541806020067,240.44548494983277,253.72240802675586,3.0099427700042725
frame1394,73.56417112299465,79.0340909090909,91.1163101604278,223.96053511705685,238.6200668896321,254.06822742474915,3.010129928588867
frame1395,73.67446524064171,78.96189839572193,90.89639037433155,222.9658862876254,237.390635451505,254.23745819397993,3.009568452835083
frame1396,73.97860962566845,79.09358288770053,91.16510695187166,224.48294314381272,241.95451505016723,253.13110367892978,3.0078322887420654
frame1397,73.53342245989305,78.13970588235294,89.47927807486631,226.98327759197323,247.37056856187291,253.01471571906353,3.002051591873169
frame1398,73.84358288770053,78.09826203208556,89.39639037433155,228.8541806020067,252.1351170568562,253.86354515050166,3.000839948654175
frame1399,74.91176470588235,79.16644385026738,89.19451871657753,231.571237458194,254.31772575250835,254.723745819398,3.007312774658203
frame1400,74.32352941176471,78.58355614973262,88.59024064171123,230.58528428093646,254.30769230769232,254.69832775919733,3.041555643081665
frame1401,74.07152406417113,77.94451871657753,87.87366310160428,230.56789297658864,254.31772575250835,254.70434782608694,3.049961566925049
frame1402,73.95521390374331,78.05815508021391,87.45320855614973,230.54515050167225,254.27224080267558,254.68160535117056,3.0340566635131836
frame1403,73.52473262032086,77.59291443850267,86.81216577540107,230.7458193979933,254.56923076923076,254.8220735785953,3.0345096588134766
frame1404,74.62700534759358,78.47393048128342,87.96189839572193,230.96923076923076,253.96120401337794,254.98260869565217,3.0334432125091553
frame1405,74.90975935828877,78.7720588235294,88.67312834224599,230.96789297658862,253.9598662207358,254.97993311036788,3.0278921127319336
frame1406,74.36163101604278,78.22192513368984,88.07419786096257,230.96789297658862,253.95852842809364,254.97993311036788,3.0258584022521973
frame1407,74.16844919786097,77.76737967914438,88.06417112299465,230.96789297658862,252.96120401337794,254.97993311036788,3.022658586502075
frame1408,73.70053475935829,76.93582887700535,86.96390374331551,230.8876254180602,252.85953177257525,254.9297658862876,3.0227582454681396
frame1409,74.19117647058823,77.42179144385027,87.65106951871658,230.8876254180602,252.94983277591973,254.9297658862876,3.0213465690612793
frame1410,74.06417112299465,77.49532085561498,87.7840909090909,230.8876254180602,251.9973244147157,254.9344481605351,3.0205869674682617
frame1411,74.10360962566845,77.63502673796792,87.08823529411765,231.0,251.58327759197326,255.0,3.0230958461761475
frame1412,74.43917112299465,77.89237967914438,87.14772727272727,231.0,252.12040133779263,255.0,3.0242104530334473
frame1413,74.68114973262033,78.00467914438502,87.38302139037434,231.0,252.12040133779263,255.0,3.024487018585205
frame1414,71.3716577540107,74.57620320855615,83.0427807486631,230.0,252.0040133779264,255.0,3.027191162109375
frame1415,68.94585561497327,71.89572192513369,79.57754010695187,229.0,253.0026755852843,255.0,3.030651092529297
frame1416,65.87232620320856,68.87032085561498,75.59893048128342,229.0,252.0,255.0,3.0307912826538086
frame1417,62.50267379679144,65.09959893048128,71.0120320855615,228.0,252.0,255.0,3.030738115310669
frame1418,58.98262032085562,61.480614973262036,66.69050802139037,227.96923076923076,251.96254180602006,254.98795986622073,3.025008201599121
frame1419,57.096256684491976,59.38168449197861,64.16042780748663,223.9705685618729,245.96789297658862,254.98394648829432,3.022188425064087
frame1420,55.57219251336898,57.4177807486631,61.48262032085562,222.97190635451506,243.96789297658862,254.98260869565217,3.0139565467834473
frame1421,54.225267379679146,56.1283422459893,59.580213903743314,222.0,242.0,255.0,2.999404191970825
frame1422,55.52005347593583,56.213235294117645,60.13836898395722,227.43545150501672,251.37458193979933,255.0,3.0072317123413086
frame1423,95.86430481283422,91.21657754010695,97.12232620320856,197.43879598662207,210.038127090301,218.90702341137123,3.0434346199035645
frame1424,75.00467914438502,75.69184491978609,83.9144385026738,219.923745819398,242.48026755852842,247.52240802675584,3.0225725173950195
frame1425,51.75868983957219,56.64237967914438,61.599598930481285,221.32976588628762,238.13779264214048,255.0,3.2724292278289795
frame1426,50.79946524064171,55.48863636363637,61.035427807486634,217.3799331103679,233.3799331103679,252.36722408026756,3.5553627014160156
frame1427,51.45454545454545,56.717914438502675,62.455882352941174,212.38127090301003,228.1792642140468,249.90501672240802,3.926102638244629
frame1428,53.00133689839572,58.1216577540107,64.72326203208556,215.40401337792642,231.81672240802675,253.29565217391306,4.162635803222656
frame1429,55.10427807486631,60.875,67.88970588235294,218.323745819398,234.33913043478262,252.80267558528428,4.189517498016357
frame1430,59.25534759358289,65.1437165775401,73.75066844919786,225.752508361204,241.79665551839466,253.5953177257525,3.796316623687744
frame1431,61.973930481283425,68.20989304812834,77.34959893048128,225.4608695652174,240.7531772575251,253.72642140468227,3.2989907264709473
frame1432,65.86163101604278,72.37700534759358,82.9144385026738,223.2140468227425,237.33779264214047,254.03678929765886,3.0763745307922363
frame1433,69.51403743315508,76.43449197860963,87.73863636363636,224.63210702341138,237.38127090301003,254.74247491638795,3.0414505004882812
frame1434,71.0187165775401,78.07286096256685,89.5274064171123,223.7210702341137,236.07692307692307,252.65351170568562,3.023176908493042
frame1435,71.96390374331551,78.55681818181819,90.00401069518716,224.96053511705685,238.85752508361205,252.30635451505017,3.014101266860962
frame1436,73.9846256684492,79.19786096256685,90.37232620320856,226.62809364548494,242.9257525083612,253.4227424749164,3.0079448223114014
frame1437,73.01804812834224,78.24398395721926,88.93449197860963,224.41471571906354,239.7438127090301,252.8494983277592,3.0047478675842285
frame1438,73.81350267379679,79.2072192513369,90.16644385026738,226.00066889632106,241.33511705685618,252.3210702341137,3.001509428024292
frame1439,73.3629679144385,78.65173796791444,89.39639037433155,224.16722408026754,239.5458193979933,253.32976588628762,3.0004231929779053
frame1440,73.2159090909091,78.15708556149733,88.88302139037434,224.54983277591973,239.26488294314382,254.93377926421405,3.0002589225769043
frame1441,74.17914438502673,78.38302139037434,89.67580213903743,222.74247491638795,237.45351170568563,254.98260869565217,3.0028951168060303
frame1442,73.85895721925134,77.8836898395722,88.8716577540107,222.64214046822744,237.65083612040135,253.23411371237458,3.003425121307373
frame1443,74.09224598930481,77.96256684491979,88.98529411764706,227.7933110367893,248.2180602006689,253.2742474916388,2.993299961090088
frame1444,73.6437165775401,77.3322192513369,88.26671122994652,229.69765886287627,253.04347826086956,254.31973244147156,2.9930388927459717
frame1445,73.76470588235294,77.61229946524064,88.09893048128342,230.4648829431438,254.06354515050168,254.63210702341138,2.9943485260009766
frame1446,73.47459893048128,77.18649732620321,87.3870320855615,230.4314381270903,254.03010033444815,254.59866220735785,3.0497100353240967
frame1447,73.04077540106952,76.82620320855615,86.83622994652407,230.36454849498327,253.99665551839465,254.56521739130434,3.0515151023864746
frame1448,73.09558823529412,77.15708556149733,86.75935828877006,231.0,255.0,255.0,3.0489542484283447
frame1449,73.09826203208556,77.08021390374331,86.79077540106952,231.0,255.0,255.0,3.031741142272949
frame1450,73.5822192513369,77.29144385026738,87.72393048128342,231.0,254.0,255.0,3.0244574546813965
frame1451,73.89237967914438,77.46524064171123,87.56951871657753,231.0,254.0,255.0,3.0214345455169678
frame1452,74.06550802139037,77.53008021390374,87.77606951871658,231.0,253.0,255.0,3.0204017162323
frame1453,74.11363636363636,77.80815508021391,87.93649732620321,231.0,253.0,255.0,3.0202863216400146
frame1454,74.04478609625669,77.5120320855615,87.78141711229947,231.0,253.04816053511706,255.0,3.0196096897125244
frame1455,73.82152406417113,77.47393048128342,87.7620320855615,231.0,253.04816053511706,255.0,3.018691062927246
frame1456,73.86430481283422,77.45655080213903,87.65641711229947,231.0,253.04816053511706,255.0,3.0193448066711426
frame1457,73.87366310160428,77.5066844919786,87.71256684491979,231.0,253.04816053511706,255.0,3.0191755294799805
frame1458,74.63636363636364,78.16109625668449,88.52540106951872,231.0,253.04816053511706,255.0,3.01897931098938
frame1459,72.3937165775401,75.88836898395722,85.38770053475936,231.0,253.06822742474915,255.0,3.021510124206543
frame1460,70.0855614973262,73.07620320855615,82.19585561497327,230.0,252.00802675585285,255.0,3.0214827060699463
frame1461,67.02807486631016,69.92446524064171,77.89104278074866,229.0,252.00802675585285,255.0,3.023249864578247
frame1462,64.1590909090909,66.6951871657754,74.08489304812834,229.0,252.00802675585285,255.0,3.0223567485809326
frame1463,61.098262032085564,63.711898395721924,70.0975935828877,227.8923076923077,251.86889632107022,254.95317725752508,3.0232670307159424
frame1464,58.73328877005348,61.24465240641711,67.24532085561498,226.8969899665552,249.87826086956522,254.96254180602006,3.0120046138763428
frame1465,54.912433155080215,56.99732620320856,61.63569518716577,222.90167224080267,244.8876254180602,254.9391304347826,2.999321937561035
frame1466,54.25467914438503,55.98262032085562,60.37098930481283,221.9217391304348,243.90635451505017,254.9297658862876,3.0034067630767822
frame1467,53.10895721925134,54.67045454545455,58.532085561497325,223.27558528428094,243.95317725752508,255.0,3.0060760974884033
frame1468,63.43783422459893,62.96524064171123,69.42179144385027,227.14515050167225,253.1705685618729,254.561872909699,3.022596597671509
frame1469,96.03810160427807,93.56951871657753,102.76403743315508,177.69163879598662,177.8494983277592,188.51438127090302,3.0314316749572754
frame1470,54.76069518716577,57.51069518716577,65.56617647058823,226.54247491638796,253.1010033444816,255.0,3.099832057952881
frame1471,50.606951871657756,54.99064171122995,62.05882352941177,217.32040133779265,233.72508361204012,254.40401337792642,3.316516637802124
frame1472,50.55949197860963,55.37967914438503,62.35227272727273,214.43678929765886,230.84013377926422,250.2267558528428,3.626939296722412
frame1473,51.45454545454545,56.85360962566845,64.76938502673796,211.55785953177258,227.36789297658862,248.2153846153846,4.115548610687256
frame1474,53.86697860962567,59.70254010695187,68.0788770053476,214.77123745819398,231.54648829431437,252.13444816053513,4.44989013671875
frame1475,57.14171122994652,63.20454545454545,72.44385026737967,221.26220735785952,238.20735785953178,251.82140468227425,4.5348920822143555
frame1476,60.286096256684495,66.7653743315508,76.80080213903743,226.0494983277592,243.79732441471572,254.34448160535118,4.524529933929443
frame1477,64.05213903743315,71.1029411764706,82.2105614973262,226.1484949832776,243.27959866220735,254.35183946488294,4.0407538414001465
frame1478,66.24197860962566,73.39304812834224,84.70989304812834,227.02742474916388,243.91505016722408,254.9732441471572,3.2570347785949707
frame1479,70.11363636363636,76.83689839572193,89.3937165775401,227.54046822742475,241.3257525083612,254.1478260869565,3.0248003005981445
frame1480,70.77673796791444,77.38770053475936,89.8048128342246,227.33444816053512,245.48026755852842,253.4,3.001145124435425
frame1481,70.86096256684492,77.1336898395722,89.58689839572193,228.26822742474917,246.53779264214046,254.35384615384615,2.9889960289001465
frame1482,72.12098930481284,77.9605614973262,90.3409090909091,225.98461538461538,241.438127090301,253.0314381270903,2.9799792766571045
frame1483,72.45855614973262,78.0975935828877,91.23195187165776,225.23745819397993,240.5752508361204,252.2454849498328,2.9782512187957764
frame1484,72.33021390374331,77.78609625668449,90.86229946524064,224.571237458194,239.1411371237458,252.41538461538462,2.9747960567474365
frame1485,73.99532085561498,78.28542780748663,90.04478609625669,224.15451505016722,239.47224080267557,254.94849498327758,2.976036310195923
frame1486,74.2225935828877,78.32352941176471,90.1096256684492,223.77190635451504,238.47759197324416,254.9391304347826,2.976405143737793
frame1487,74.39304812834224,78.37566844919786,89.33021390374331,223.9264214046823,241.33311036789297,254.28628762541805,2.9803662300109863
frame1488,74.86965240641712,78.7279411764706,89.41109625668449,226.44816053511707,246.67023411371238,253.44013377926422,2.977346181869507
frame1489,74.56617647058823,78.12366310160428,88.64171122994652,226.685618729097,247.9886287625418,252.9591973244147,2.9771242141723633
frame1490,73.91978609625669,77.7312834224599,87.77005347593582,229.9866220735786,253.54515050167225,254.48829431438128,2.9775476455688477
frame1491,73.53008021390374,77.10427807486631,87.39237967914438,229.7953177257525,253.23277591973243,254.2535117056856,2.9895548820495605
frame1492,73.86965240641712,77.72727272727273,87.82620320855615,230.34046822742474,254.0046822742475,254.56521739130434,3.048086404800415
frame1493,73.58155080213903,77.1677807486631,87.3529411764706,230.34046822742474,254.0046822742475,254.56521739130434,3.047788143157959
frame1494,73.07286096256685,76.8970588235294,86.89973262032086,230.90635451505017,254.79665551839466,254.9344481605351,3.0303640365600586
frame1495,73.14304812834224,76.59224598930481,87.05548128342247,230.90635451505017,253.80133779264213,254.9344481605351,3.0293772220611572
frame1496,73.85160427807487,77.43516042780749,87.67312834224599,231.0,253.96254180602006,255.0,3.030769109725952
frame1497,74.81684491978609,78.23930481283422,87.42379679144385,230.96789297658862,251.9886287625418,254.98127090301003,3.0345914363861084
frame1498,74.6951871657754,78.18382352941177,87.3970588235294,231.0,252.10635451505016,255.0,3.0317158699035645
frame1499,74.725935828877,78.00133689839572,87.43181818181819,231.0,252.17658862876254,255.0,3.0295448303222656
frame1500,74.00066844919786,77.3836898395722,86.34224598930481,231.0,252.19866220735787,255.0,3.029107093811035
frame1501,74.59358288770053,77.99598930481284,87.45989304812834,231.0,251.26488294314382,255.0,3.026298999786377
frame1502,74.2312834224599,77.52473262032086,86.89839572192513,231.0,252.16053511705687,255.0,3.0262327194213867
frame1503,74.39772727272727,77.94251336898395,87.50534759358288,231.0,252.14448160535116,255.0,3.024366617202759
frame1504,74.01804812834224,77.77072192513369,86.91978609625669,231.0,252.0,255.0,3.0246033668518066
frame1505,71.20053475935829,74.56617647058823,83.0340909090909,230.0,252.0,255.0,3.0263867378234863
frame1506,68.25601604278074,71.44318181818181,78.97058823529412,230.0,252.0943143812709,255.0,3.0284128189086914
frame1507,66.63302139037434,69.10695187165776,76.37299465240642,229.0,251.0,255.0,3.0315208435058594
frame1508,63.23997326203209,65.74866310160428,71.9966577540107,228.0,252.0,255.0,3.031022548675537
frame1509,59.88034759358289,62.76002673796791,67.77272727272727,227.90635451505017,251.80602006688963,254.95785953177258,3.0249571800231934
frame1510,57.13569518716577,60.1216577540107,64.24532085561498,226.90635451505017,249.7571906354515,254.96254180602006,3.009256601333618
frame1511,55.11564171122995,57.2379679144385,60.85360962566845,222.15317725752507,242.8294314381271,254.9438127090301,3.0141303539276123
frame1512,54.07219251336898,55.93181818181818,59.3870320855615,222.11371237458195,243.12642140468228,255.0,2.998873233795166
frame1513,54.532754010695186,55.93716577540107,59.838235294117645,227.33979933110368,251.9505016722408,255.0,2.9952139854431152
frame1514,89.63502673796792,85.51136363636364,92.62967914438502,210.29498327759197,227.98394648829432,234.0648829431438,3.037249803543091
frame1515,86.00601604278074,84.30815508021391,94.20655080213903,211.37658862876253,227.6782608695652,236.71973244147156,3.0224769115448
frame1516,51.29612299465241,56.098262032085564,61.96590909090909,223.98461538461538,244.0702341137124,255.0,3.2652528285980225
frame1517,50.8475935828877,56.06016042780749,61.26069518716577,215.95451505016723,232.72508361204012,252.9351170568562,3.5316524505615234
frame1518,51.11096256684492,56.36898395721925,62.32820855614973,213.04548494983277,229.2314381270903,250.11571906354516,3.850593090057373
frame1519,52.719919786096256,58.276069518716575,65.40975935828877,215.05217391304348,232.13311036789298,253.16187290969899,4.0759077072143555
frame1520,55.463235294117645,60.8168449197861,69.77072192513369,216.7819397993311,233.0789297658863,251.59397993311038,3.949650287628174
frame1521,58.393048128342244,63.961898395721924,73.47860962566845,225.79866220735786,242.4715719063545,253.5953177257525,3.6881589889526367
frame1522,62.10227272727273,68.16577540106952,78.21524064171123,225.0361204013378,241.90501672240802,254.64882943143812,3.222878932952881
frame1523,64.68983957219251,71.24732620320856,81.62767379679144,224.38060200668897,239.2066889632107,254.66822742474918,3.081967353820801
frame1524,68.16711229946524,74.60227272727273,86.07620320855615,227.49966555183946,242.56053511705684,254.6943143812709,3.0434319972991943
frame1525,71.22125668449198,78.04144385026738,90.60360962566845,227.6046822742475,241.45016722408027,253.9886287625418,3.0194625854492188
frame1526,71.58890374331551,78.44852941176471,90.81684491978609,226.5685618729097,243.06688963210703,253.8314381270903,3.0035030841827393
frame1527,71.6677807486631,78.40441176470588,90.66510695187166,229.08829431438127,245.3056856187291,254.73779264214048,2.9986472129821777
frame1528,71.54745989304813,77.84625668449198,89.62098930481284,227.276254180602,243.42073578595318,253.62541806020067,2.992659330368042
frame1529,72.0120320855615,78.07352941176471,90.16911764705883,226.51839464882943,242.0628762541806,252.9210702341137,2.991645574569702
frame1530,72.22860962566845,77.5427807486631,89.46657754010695,225.11772575250836,240.42408026755854,253.2408026755853,2.988985061645508
frame1531,72.44251336898395,77.08021390374331,88.41510695187166,223.69832775919733,237.69966555183947,253.44615384615383,2.989197015762329
frame1532,73.74532085561498,77.899064171123,89.50401069518716,223.2227424749164,237.94849498327758,253.48160535117057,2.9901928901672363
frame1533,73.89438502673796,78.16109625668449,89.20187165775401,221.01003344481606,237.00066889632106,252.51505016722408,2.994673252105713
frame1534,74.8322192513369,78.649064171123,88.31082887700535,226.93578595317726,248.13444816053513,253.40869565217392,2.9910545349121094
frame1535,73.97058823529412,77.76804812834224,87.15775401069519,229.65953177257526,251.66822742474918,254.0026755852843,2.9894955158233643
frame1536,73.6163101604278,77.29679144385027,86.71457219251337,229.9123745819398,253.1418060200669,254.30234113712373,2.9976775646209717
frame1537,73.78810160427807,77.46791443850267,86.91042780748663,229.90301003344482,253.1484949832776,254.19866220735787,3.044158935546875
frame1538,73.54077540106952,77.30147058823529,86.70120320855615,229.33511705685618,252.40802675585283,253.78996655518395,3.052671194076538
frame1539,73.6644385026738,77.32620320855615,86.86430481283422,230.75852842809365,254.61872909698997,254.83478260869566,3.048527479171753
frame1540,73.71724598930481,77.28676470588235,87.03743315508021,230.90635451505017,254.79665551839466,254.9344481605351,3.033149242401123
frame1541,73.68048128342247,77.0701871657754,86.78208556149733,230.90635451505017,254.79197324414716,254.9344481605351,3.033069372177124
frame1542,73.84959893048128,77.10427807486631,87.00467914438502,230.90167224080267,252.86822742474916,254.9297658862876,3.03027081489563
frame1543,74.28208556149733,77.71323529411765,87.8322192513369,230.85953177257525,252.80869565217392,254.89966555183946,3.028485059738159
frame1544,74.274064171123,77.29010695187166,87.49933155080214,230.97190635451506,251.9953177257525,254.97993311036788,3.0263867378234863
frame1545,74.76270053475936,77.7586898395722,87.91577540106952,230.97190635451506,252.08963210702342,254.97993311036788,3.024167537689209
frame1546,74.43315508021391,77.4144385026738,86.42713903743315,231.0,251.50033444816054,255.0,3.0287530422210693
frame1547,73.85227272727273,76.8903743315508,85.70655080213903,231.0,251.70367892976589,255.0,3.0281717777252197
frame1548,74.44986631016043,77.52272727272727,86.71122994652407,231.0,251.52775919732443,255.0,3.026721239089966
frame1549,74.0461229946524,77.51336898395722,86.46858288770053,231.0,251.51371237458193,255.0,3.0263235569000244
frame1550,72.88101604278074,76.07085561497327,84.96724598930481,231.0,251.51371237458193,255.0,3.026658296585083
frame1551,69.96189839572193,72.8629679144385,81.29879679144385,230.0,251.51371237458193,255.0,3.0270869731903076
frame1552,67.60695187165776,70.29010695187166,77.8716577540107,229.0,252.3210702341137,255.0,3.030871629714966
frame1553,64.65307486631016,67.22459893048128,73.91844919786097,229.0,251.08561872909698,255.0,3.0307042598724365
frame1554,61.61096256684492,64.08088235294117,69.74933155080214,228.0,251.06421404682274,255.0,3.029942750930786
frame1555,58.38101604278075,60.838903743315505,65.69852941176471,226.91103678929767,249.8428093645485,254.96254180602006,3.025196075439453
frame1556,56.08489304812834,58.16644385026738,62.56016042780749,222.26020066889632,243.93645484949832,254.9438127090301,3.015390396118164
frame1557,54.769385026737964,56.705882352941174,60.42780748663102,222.10702341137124,243.12842809364548,255.0,3.0149946212768555
frame1558,53.99933155080214,55.76069518716577,59.711229946524064,222.22408026755852,242.69030100334447,255.0,3.0030770301818848
frame1559,57.6918449197861,58.73596256684492,63.27139037433155,228.0,254.98327759197323,255.0,3.02030086517334
frame1560,61.7072192513369,63.538101604278076,72.85895721925134,225.95250836120402,253.24414715719064,254.15317725752507,3.011162042617798
frame1561,51.14705882352941,55.25601604278075,62.893048128342244,218.76722408026757,236.1839464882943,255.0,3.272737979888916
frame1562,50.419117647058826,54.668449197860966,62.31617647058823,218.0428093645485,234.8648829431438,253.39866220735786,3.537982225418091
frame1563,51.04745989304813,55.788770053475936,63.29612299465241,212.48227424749163,228.68628762541806,248.65351170568562,3.947694778442383
frame1564,53.206550802139034,58.07954545454545,66.20120320855615,215.86220735785952,232.90969899665552,250.98996655518394,4.2515788078308105
frame1565,56.11163101604278,61.330213903743314,69.96724598930481,218.24816053511705,234.6046822742475,249.94849498327758,4.246502876281738
frame1566,59.23262032085562,64.43114973262033,74.30548128342247,225.06354515050168,243.52709030100334,254.03478260869565,3.6103129386901855
frame1567,62.030748663101605,67.71991978609626,77.83021390374331,225.34247491638797,241.45351170568563,254.32909698996656,3.1376547813415527
frame1568,65.46524064171123,71.61697860962566,83.10895721925134,227.58127090301002,244.43210702341136,254.62608695652173,3.049250364303589
frame1569,69.1283422459893,75.43649732620321,87.41577540106952,229.78060200668895,242.83277591973246,254.34113712374582,3.0215940475463867
frame1570,70.1524064171123,76.55013368983957,87.85227272727273,226.78729096989966,242.10167224080269,254.30836120401338,3.0037930011749268
frame1571,71.01336898395722,77.35494652406418,88.95320855614973,226.82341137123746,243.98260869565217,254.0715719063545,2.996385335922241
frame1572,71.48596256684492,77.73328877005348,89.79946524064171,226.26688963210702,241.1732441471572,253.8133779264214,2.9908368587493896
frame1573,72.27339572192513,77.67379679144385,89.07754010695187,224.78996655518395,239.64414715719064,253.2180602006689,2.986748695373535
frame1574,72.82687165775401,77.42245989304813,89.50802139037434,225.46020066889633,241.5284280936455,253.34046822742474,2.9835517406463623
frame1575,73.84893048128342,78.5,90.31216577540107,224.2448160535117,240.58729096989967,253.60401337792644,2.983128786087036
frame1576,73.06350267379679,77.20655080213903,88.62901069518716,222.1886287625418,237.01070234113712,253.3913043478261,2.9863505363464355
frame1577,73.42647058823529,77.82152406417113,88.5855614973262,221.79866220735786,236.51103678929766,252.96521739130435,2.9885025024414062
frame1578,73.26270053475936,77.39438502673796,88.23061497326204,220.7826086956522,238.36254180602006,251.91505016722408,2.9879283905029297
frame1579,73.18114973262033,77.48395721925134,88.02874331550802,224.6715719063545,245.1886287625418,252.47558528428092,2.9858856201171875
frame1580,73.05748663101605,77.02005347593582,87.14772727272727,228.57591973244146,251.50434782608696,253.77190635451504,2.987560987472534
frame1581,72.6677807486631,76.23729946524064,86.0909090909091,229.48294314381272,252.72441471571906,254.1571906354515,2.9869799613952637
frame1582,73.56082887700535,77.10895721925134,86.72192513368984,230.50836120401337,254.34448160535118,254.74247491638795,3.0433380603790283
frame1583,73.72125668449198,77.48596256684492,86.82085561497327,230.49966555183946,254.34046822742474,254.72709030100336,3.050222873687744
frame1584,74.04879679144385,77.63302139037434,87.20989304812834,230.8923076923077,254.85953177257525,254.9344481605351,3.0339064598083496
frame1585,73.84491978609626,77.46724598930481,87.15040106951872,230.8923076923077,253.88160535117058,254.9391304347826,3.0337343215942383
frame1586,73.18382352941177,76.64639037433155,85.92312834224599,230.8923076923077,253.88160535117058,254.9391304347826,3.0344552993774414
frame1587,72.81483957219251,76.08823529411765,85.25735294117646,230.2454849498328,253.09297658862877,254.5284280936455,3.032839775085449
frame1588,73.85360962566845,77.02339572192513,86.95187165775401,230.50234113712375,252.44013377926422,254.68896321070235,3.024764060974121
frame1589,73.40641711229947,76.524064171123,86.04478609625669,230.50234113712375,252.43478260869566,254.7096989966555,3.0241990089416504
frame1590,73.86898395721926,77.08689839572193,86.79144385026738,230.87157190635452,251.8963210702341,254.91973244147158,3.023486852645874
frame1591,73.71256684491979,77.07820855614973,86.7927807486631,230.90367892976587,251.89364548494984,254.9438127090301,3.023071765899658
frame1592,74.12901069518716,77.58422459893048,87.32286096256685,230.90367892976587,251.90167224080267,254.9438127090301,3.02286434173584
frame1593,73.90307486631016,77.45521390374331,86.80681818181819,230.90367892976587,251.90167224080267,254.93979933110367,3.0237531661987305
frame1594,73.7038770053476,77.35762032085562,85.5187165775401,231.0,252.12240802675586,255.0,3.029130697250366
frame1595,70.90775401069519,74.48195187165776,81.79411764705883,231.0,252.12240802675586,255.0,3.0307140350341797
frame1596,68.27807486631016,71.55815508021391,78.37299465240642,230.0,252.12240802675586,255.0,3.0317327976226807
frame1597,65.4177807486631,68.36229946524064,74.37566844919786,229.0,251.01070234113712,255.0,3.0323963165283203
frame1598,62.62967914438503,65.14104278074866,70.93783422459893,228.0,252.0,255.0,3.032520055770874
frame1599,59.29612299465241,61.5701871657754,66.15441176470588,227.8923076923077,250.87357859531772,254.95785953177258,3.031924247741699
frame1600,56.86163101604278,59.02072192513369,63.50735294117647,225.90167224080267,248.8829431438127,254.96254180602006,3.0242414474487305
frame1601,54.42245989304813,56.23395721925134,59.92045454545455,220.91103678929767,242.8969899665552,254.9391304347826,3.0145256519317627
frame1602,53.7346256684492,55.55347593582888,58.81350267379679,222.0401337792642,242.06688963210703,254.96254180602006,2.9980967044830322
frame1603,53.092914438502675,54.51002673796791,57.269385026737964,226.33444816053512,249.05484949832777,255.0,2.9962878227233887
frame1604,80.07419786096257,77.28475935828877,82.81617647058823,220.53846153846155,243.3892976588629,248.03076923076924,3.0415537357330322
frame1605,93.1062834224599,91.20254010695187,100.19251336898395,194.66220735785953,203.82809364548496,216.33377926421406,3.0341827869415283
frame1606,52.93582887700535,56.29612299465241,63.04612299465241,226.02742474916388,251.7010033444816,255.0,3.206829071044922
frame1607,49.83355614973262,54.78475935828877,60.15307486631016,217.11571906354516,233.99264214046823,254.34448160535118,3.4209864139556885
frame1608,49.9177807486631,55.00802139037433,60.49532085561497,218.38528428093645,234.87892976588628,252.96120401337794,3.454169988632202
frame1609,51.981951871657756,57.17245989304813,63.655080213903744,213.69096989966556,230.46421404682275,251.1819397993311,3.130635976791382
frame1610,54.26002673796791,60.04745989304813,66.74532085561498,215.6943143812709,231.8675585284281,250.7123745819398,2.9524011611938477
frame1611,58.05213903743316,63.95454545454545,71.8903743315508,224.9598662207358,241.30969899665553,253.27692307692308,2.934448719024658
frame1612,59.88034759358289,66.30013368983957,74.5,225.85284280936455,242.70301003344483,254.5411371237458,2.9546897411346436
frame1613,63.7225935828877,69.6951871657754,78.64104278074866,226.2535117056856,243.1752508361204,254.8180602006689,2.9630126953125
frame1614,66.59893048128342,72.93983957219251,82.774064171123,226.31371237458194,241.08963210702342,254.30033444816053,2.9653539657592773
frame1615,70.13302139037434,76.5153743315508,87.17446524064171,226.6,241.54983277591973,253.7505016722408,2.965552568435669
frame1616,71.06483957219251,77.38235294117646,88.44318181818181,229.37056856187291,250.4742474916388,254.77458193979933,2.9679057598114014
frame1617,70.81216577540107,76.92914438502673,87.86029411764706,228.95317725752508,247.73311036789298,254.48829431438128,2.9676451683044434
frame1618,71.23195187165776,77.45788770053476,88.38034759358288,228.95250836120402,246.20334448160534,253.98729096989968,2.97117280960083
frame1619,72.05748663101605,77.06684491978609,88.78542780748663,228.77658862876254,245.74247491638795,254.4227424749164,2.9715681076049805
frame1620,72.76136363636364,77.55280748663101,89.39639037433155,225.20802675585284,241.75986622073577,254.16053511705687,2.9706695079803467
frame1621,72.17847593582887,76.73061497326204,88.59893048128342,223.27090301003344,238.89096989966555,254.2046822742475,2.969482421875
frame1622,72.7346256684492,77.05213903743315,87.90040106951872,221.44147157190636,236.55986622073578,253.97190635451506,2.971759080886841
frame1623,73.30013368983957,77.56684491978609,88.78342245989305,221.1752508361204,236.6153846153846,254.21270903010034,2.9698469638824463
frame1624,73.27673796791444,77.64237967914438,88.76002673796792,224.71103678929765,244.18060200668896,252.79933110367892,2.969048023223877
frame1625,73.6644385026738,78.23328877005348,88.3442513368984,227.466889632107,249.6026755852843,253.41872909698998,2.9703872203826904
frame1626,73.46457219251337,77.52473262032086,87.6283422459893,228.08561872909698,249.77257525083613,253.08026755852842,2.969855785369873
frame1627,72.94451871657753,76.5120320855615,86.2038770053476,228.41872909698998,251.42608695652174,253.56789297658864,2.9624295234680176
frame1628,72.69451871657753,76.2379679144385,85.63569518716578,229.1438127090301,252.33444816053512,253.8066889632107,3.0535285472869873
frame1629,72.32085561497327,75.21524064171123,85.03542780748663,229.91638795986623,253.3799331103679,254.2428093645485,3.047982692718506
frame1630,72.4057486631016,75.42713903743315,85.5033422459893,230.7846153846154,254.7190635451505,254.86889632107022,3.0308384895324707
frame1631,72.30414438502673,75.80414438502673,84.7566844919786,230.7752508361204,253.17658862876254,254.86889632107022,3.0327398777008057
frame1632,72.3816844919786,76.04946524064171,84.85762032085562,230.7752508361204,253.17658862876254,254.86889632107022,3.0241775512695312
frame1633,72.52606951871658,76.18983957219251,85.37032085561498,230.7752508361204,253.17658862876254,254.85953177257525,3.023780107498169
frame1634,72.61898395721926,76.27139037433155,85.17647058823529,230.7752508361204,252.41003344481607,254.86889632107022,3.024693012237549
frame1635,72.69318181818181,76.09491978609626,85.38903743315508,230.7752508361204,252.41003344481607,254.86889632107022,3.0241410732269287
frame1636,73.02807486631016,76.5,85.97994652406418,230.7752508361204,252.41003344481607,254.86889632107022,3.023730754852295
frame1637,73.12566844919786,76.43917112299465,85.97192513368984,230.7752508361204,252.41003344481607,254.86889632107022,3.0235376358032227
frame1638,72.31417112299465,75.48663101604278,84.88101604278074,230.7752508361204,252.41003344481607,254.86889632107022,3.023362159729004
frame1639,72.77606951871658,75.8970588235294,85.44184491978609,230.7752508361204,252.41003344481607,254.86889632107022,3.0228872299194336
frame1640,72.56951871657753,75.76737967914438,85.44786096256685,230.8876254180602,252.5732441471572,254.9344481605351,3.0221567153930664
frame1641,69.89973262032086,72.90641711229947,81.92179144385027,229.8923076923077,251.81270903010034,254.9391304347826,3.0226023197174072
frame1642,66.79745989304813,69.52941176470588,77.7466577540107,228.8923076923077,252.5685618729097,254.9391304347826,3.022169351577759
frame1643,63.54010695187166,66.18783422459893,72.98930481283422,229.0,251.1304347826087,255.0,3.0234546661376953
frame1644,60.23262032085562,62.7620320855615,68.47860962566845,228.0,251.08829431438127,255.0,3.023496627807617
frame1645,57.13235294117647,59.410427807486634,64.2894385026738,226.79397993311036,249.9170568561873,254.92508361204014,3.0197505950927734
frame1646,55.58288770053476,57.61564171122995,62.221256684491976,223.0133779264214,245.02541806020068,254.8969899665552,3.000568389892578
frame1647,53.89572192513369,55.5394385026738,59.8014705882353,222.20334448160534,243.37525083612041,255.0,3.0049657821655273
frame1648,52.2346256684492,53.31082887700535,56.649732620320854,223.24816053511705,243.78327759197325,255.0,3.0270628929138184
frame1649,54.344251336898395,55.413101604278076,59.77139037433155,227.61270903010035,253.6113712374582,255.0,2.97725772857666
frame1650,95.76804812834224,90.81483957219251,98.05681818181819,196.52040133779263,208.51170568561872,220.4695652173913,3.028886079788208
frame1651,76.19117647058823,77.23195187165776,87.13636363636364,218.56120401337793,240.4274247491639,245.57658862876255,3.0039761066436768
frame1652,51.04144385026738,55.794117647058826,63.24866310160428,224.15585284280937,244.12909698996654,255.0,3.1081199645996094
frame1653,50.04077540106952,54.68516042780749,62.00601604278075,217.58662207357858,234.428762541806,253.89966555183946,3.2150378227233887
frame1654,50.794117647058826,55.66644385026738,63.38368983957219,214.06153846153848,230.4,249.7076923076923,3.0824952125549316
frame1655,52.45855614973262,57.5822192513369,65.625,215.72909698996656,232.45016722408027,253.81070234113713,3.033041477203369
frame1656,56.026069518716575,61.87767379679144,71.09692513368984,217.37725752508362,233.62742474916388,250.42541806020066,2.911513328552246
frame1657,58.68181818181818,64.57352941176471,74.58288770053476,223.5799331103679,241.07090301003345,253.26755852842808,2.92097544670105
frame1658,62.07954545454545,68.04077540106952,78.69451871657753,224.83612040133778,241.90969899665552,253.9866220735786,2.9227216243743896
frame1659,64.24398395721926,70.9024064171123,81.50267379679144,225.4588628762542,241.20334448160534,254.75852842809365,2.920081615447998
frame1660,68.37366310160428,75.0220588235294,87.00401069518716,229.3123745819398,244.0020066889632,254.390635451505,2.9290966987609863
frame1661,70.31951871657753,76.92312834224599,89.6590909090909,228.0267558528428,243.68896321070235,254.25016722408026,2.934190511703491
frame1662,70.80681818181819,76.94385026737967,89.3970588235294,227.038127090301,243.34715719063544,254.16254180602007,2.934830665588379
frame1663,71.17245989304813,77.100935828877,89.62366310160428,229.78729096989966,247.238127090301,254.83411371237457,2.9354169368743896
frame1664,71.39973262032086,76.8836898395722,89.60360962566845,230.43010033444816,248.09096989966554,254.82742474916387,2.934967279434204
frame1665,71.70922459893048,77.80949197860963,90.07954545454545,229.59464882943143,246.38327759197324,254.80602006688963,2.9360172748565674
frame1666,71.76470588235294,77.20655080213903,88.8816844919786,226.20602006688964,241.51973244147158,254.65083612040135,2.9354496002197266
frame1667,72.10360962566845,76.96323529411765,88.7072192513369,223.51973244147158,238.4274247491639,254.58060200668896,2.9376578330993652
frame1668,73.11229946524064,76.74532085561498,87.9144385026738,222.68026755852844,238.04347826086956,254.9344481605351,2.9559004306793213
frame1669,73.28810160427807,77.15641711229947,88.33823529411765,221.99464882943144,238.07759197324415,254.12842809364548,2.955231189727783
frame1670,72.46457219251337,75.850935828877,87.15106951871658,223.54916387959867,242.9505016722408,252.7418060200669,2.954806089401245
frame1671,72.850935828877,76.3409090909091,87.64104278074866,222.44214046822742,241.6675585284281,251.5725752508361,2.955317735671997
frame1672,72.43917112299465,75.7774064171123,86.88770053475936,229.90836120401337,253.11371237458195,254.32441471571906,2.953550338745117
frame1673,72.20120320855615,75.51403743315508,86.21991978609626,230.37591973244147,253.97725752508362,254.57458193979934,2.994166374206543
frame1674,72.33890374331551,75.67580213903743,86.41377005347593,230.51103678929766,254.23946488294314,254.6695652173913,3.0481176376342773
frame1675,72.52874331550802,76.00401069518716,86.84558823529412,230.7438127090301,254.6066889632107,254.8220735785953,3.0427629947662354
frame1676,72.49465240641712,75.9605614973262,86.71390374331551,230.7438127090301,253.78060200668895,254.83478260869566,3.0253779888153076
frame1677,72.4538770053476,76.05548128342247,86.53141711229947,230.7438127090301,253.61939799331103,254.83478260869566,3.026686668395996
frame1678,72.75133689839572,76.47058823529412,86.78676470588235,230.73110367892977,252.61939799331103,254.80936454849498,3.0275821685791016
frame1679,72.24064171122994,75.87566844919786,85.81951871657753,230.5705685618729,252.43411371237457,254.7190635451505,3.029116630554199
frame1680,72.83088235294117,76.60427807486631,86.21724598930481,231.0,251.3638795986622,255.0,3.0283186435699463
frame1681,72.77606951871658,76.46524064171123,85.86965240641712,231.0,252.00802675585285,255.0,3.026533365249634
frame1682,72.7192513368984,76.29411764705883,85.87032085561498,231.0,252.00802675585285,255.0,3.0254571437835693
frame1683,72.9659090909091,76.39171122994652,86.17045454545455,231.0,252.0,255.0,3.0237836837768555
frame1684,73.28676470588235,76.52005347593582,86.29545454545455,231.0,252.0,255.0,3.022639274597168
frame1685,73.07954545454545,76.5909090909091,86.27673796791444,231.0,252.0,255.0,3.0222842693328857
frame1686,71.38235294117646,74.62299465240642,83.73395721925134,231.0,252.0428093645485,255.0,3.0232458114624023
frame1687,68.46657754010695,71.62232620320856,79.86564171122994,230.0,252.02809364548494,255.0,3.0238707065582275
frame1688,65.84826203208556,68.45922459893048,76.4725935828877,229.0,251.0133779264214,255.0,3.0220754146575928
frame1689,62.10895721925134,64.58088235294117,71.24732620320856,229.0,253.0133779264214,255.0,3.0232813358306885
frame1690,59.8629679144385,62.168449197860966,68.32687165775401,227.7846153846154,251.75785953177257,254.90635451505017,3.0205328464508057
frame1691,56.7072192513369,58.98529411764706,64.02540106951872,226.94113712374582,250.9277591973244,254.97859531772576,3.0070207118988037
frame1692,54.456550802139034,56.480614973262036,61.20387700534759,222.19130434782608,243.91170568561873,254.9705685618729,3.0058066844940186
frame1693,53.1524064171123,55.17780748663102,59.63235294117647,222.2247491638796,243.26220735785952,255.0,3.0103793144226074
frame1694,53.44585561497326,54.662433155080215,59.04812834224599,221.22876254180602,241.8515050167224,255.0,2.997767925262451
frame1695,65.86029411764706,64.82553475935829,70.90708556149733,226.06622073578595,251.62608695652173,253.72173913043477,3.0305371284484863
frame1696,56.721256684491976,59.1216577540107,67.03743315508021,226.94515050167223,254.84615384615384,254.9959866220736,3.009033203125
frame1697,50.156417112299465,55.70053475935829,61.32820855614973,219.45685618729098,236.15384615384616,255.0,3.2494542598724365
frame1698,50.16510695187166,55.526069518716575,61.73663101604278,214.91505016722408,231.361872909699,250.57458193979934,3.3444972038269043
frame1699,51.29946524064171,56.94585561497326,63.73596256684492,212.9217391304348,229.16521739130434,248.94782608695652,3.455770254135132
frame1700,54.11631016042781,59.158422459893046,67.11029411764706,214.77391304347827,231.83344481605351,252.17859531772575,3.3011226654052734
frame1701,56.99197860962567,62.725935828877006,71.25,217.77591973244148,233.79933110367892,249.72909698996656,3.0692453384399414
frame1702,60.341577540106954,65.75066844919786,75.12098930481284,224.98327759197323,241.84013377926422,254.1103678929766,2.9648406505584717
frame1703,63.157085561497325,69.11029411764706,79.125,226.37859531772574,243.16254180602007,254.87491638795987,2.9643568992614746
frame1704,67.5701871657754,73.1370320855615,84.0,228.4428093645485,243.276254180602,254.58327759197326,2.974005937576294
frame1705,70.72393048128342,76.93248663101605,88.40441176470588,227.85685618729096,241.77591973244148,254.3324414715719,2.969806432723999
frame1706,71.0153743315508,76.77941176470588,88.52272727272727,228.48160535117057,248.26555183946488,254.73444816053512,2.9712440967559814
frame1707,71.149064171123,76.3870320855615,87.93783422459893,229.7505016722408,248.27224080267558,254.72642140468227,2.9710168838500977
frame1708,71.06885026737967,76.23395721925134,87.59491978609626,229.46020066889633,247.79197324414716,254.29832775919732,2.9740123748779297
frame1709,70.49933155080214,75.39505347593582,86.62232620320856,225.63879598662209,241.09297658862877,253.7772575250836,2.9748430252075195
frame1710,71.21457219251337,76.02540106951872,87.23262032085562,223.4227424749164,238.32976588628762,251.90769230769232,2.9743590354919434
frame1711,72.66109625668449,76.94719251336899,88.38903743315508,223.7076923076923,239.10501672240804,254.44615384615383,2.976461410522461
frame1712,73.3629679144385,77.24064171122994,88.37566844919786,223.56521739130434,238.29297658862876,254.6020066889632,2.9777653217315674
frame1713,73.1470588235294,76.89104278074866,87.7894385026738,222.6046822742475,236.99665551839465,254.11103678929766,2.977299451828003
frame1714,72.8836898395722,76.41711229946524,86.76336898395722,222.25016722408026,239.52775919732443,251.94648829431438,2.977144241333008
frame1715,72.35762032085562,76.17245989304813,86.02874331550802,228.25752508361205,249.46153846153845,253.5638795986622,2.977057933807373
frame1716,73.40842245989305,77.34291443850267,86.85360962566845,229.23344481605352,252.12173913043478,254.01872909698997,2.9777350425720215
frame1717,72.6590909090909,76.17379679144385,85.35895721925134,229.12441471571907,252.01270903010032,253.90969899665552,2.987731456756592
frame1718,72.96858288770053,76.16243315508021,85.55882352941177,229.647491638796,252.71371237458195,254.05284280936453,3.0473201274871826
frame1719,73.37366310160428,76.81751336898395,86.37299465240642,230.1571906354515,253.69364548494983,254.41003344481607,3.049604892730713
frame1720,73.51804812834224,76.65842245989305,86.64237967914438,230.1571906354515,253.69364548494983,254.41003344481607,3.032209634780884
frame1721,73.6403743315508,76.82754010695187,87.01604278074866,230.98394648829432,254.04615384615386,254.98996655518394,3.0310091972351074
frame1722,73.51470588235294,76.6557486631016,86.87098930481284,230.98394648829432,254.04615384615386,254.98996655518394,3.0250449180603027
frame1723,73.1283422459893,76.42245989304813,86.65106951871658,230.8876254180602,253.01672240802677,254.9297658862876,3.01969575881958
frame1724,72.89505347593582,75.8836898395722,86.11229946524064,229.7846153846154,252.8903010033445,254.85953177257525,3.0182547569274902
frame1725,72.74732620320856,75.8816844919786,86.05882352941177,230.7752508361204,251.98060200668897,254.86889632107022,3.018509864807129
frame1726,73.1336898395722,76.3683155080214,86.57553475935829,230.7752508361204,251.98060200668897,254.85953177257525,3.0185089111328125
frame1727,73.08689839572193,76.34826203208556,86.25534759358288,230.7752508361204,251.98060200668897,254.86889632107022,3.0197014808654785
frame1728,73.55147058823529,76.39237967914438,86.3716577540107,231.0,251.6742474916388,255.0,3.019091844558716
frame1729,73.30147058823529,76.34893048128342,85.70989304812834,231.0,251.47357859531772,255.0,3.022319793701172
frame1730,73.17647058823529,76.31283422459893,85.53609625668449,231.0,251.47357859531772,255.0,3.0232648849487305
frame1731,70.5307486631016,73.30147058823529,81.62032085561498,230.0,252.3551839464883,255.0,3.028362989425659
frame1732,68.10227272727273,70.26136363636364,78.36029411764706,230.0,252.22876254180602,255.0,3.026224136352539
frame1733,64.43983957219251,66.63903743315508,73.38569518716578,229.0,251.06688963210703,255.0,3.030346393585205
frame1734,61.724598930481285,63.74331550802139,69.73997326203208,228.0,251.05016722408027,255.0,3.0297932624816895
frame1735,59.06951871657754,61.1831550802139,66.45254010695187,227.7846153846154,250.74715719063545,254.91571906354514,3.0243492126464844
frame1736,55.75200534759358,57.899732620320854,62.32419786096256,224.81270903010034,246.7846153846154,254.9344481605351,3.0097341537475586
frame1737,53.92513368983957,55.94050802139037,59.901069518716575,222.03478260869565,243.04214046822742,254.9391304347826,3.0075011253356934
frame1738,52.81818181818182,54.26270053475936,57.96524064171123,222.50836120401337,242.61003344481605,255.0,3.0274770259857178
frame1739,53.599598930481285,54.98930481283423,58.70922459893048,227.2829431438127,250.91103678929767,255.0,3.0134437084198
frame1740,89.05882352941177,84.96390374331551,92.12032085561498,212.85953177257525,231.85685618729096,238.53979933110367,3.0606627464294434
frame1741,89.75267379679144,87.98663101604278,98.51804812834224,205.29498327759197,218.91505016722408,228.6628762541806,3.036233901977539
frame1742,51.20454545454545,54.92446524064171,61.519385026737964,225.32441471571906,248.49498327759198,255.0,3.2712385654449463
frame1743,50.29545454545455,54.226604278074866,60.74799465240642,217.98461538461538,234.33913043478262,254.361872909699,3.389352321624756
frame1744,50.413101604278076,54.90307486631016,61.530080213903744,212.32040133779265,228.45217391304348,248.63745819397994,3.614060163497925
frame1745,52.343582887700535,56.973930481283425,64.01938502673796,215.21003344481605,232.21471571906355,252.4274247491639,3.666562080383301
frame1746,54.31951871657754,59.592245989304814,66.95855614973262,215.05752508361203,232.114381270903,251.3210702341137,3.453174352645874
frame1747,57.82085561497326,62.95053475935829,71.51403743315508,224.02006688963212,241.60535117056855,253.5819397993311,3.137030601501465
frame1748,61.580882352941174,66.80882352941177,76.56818181818181,224.84147157190637,241.7839464882943,254.73779264214048,3.0026967525482178
frame1749,64.01069518716578,69.56885026737967,79.73061497326204,227.17391304347825,243.2153846153846,254.68160535117056,2.972913980484009
frame1750,67.31751336898395,73.49465240641712,84.27473262032086,229.99397993311038,245.87558528428093,254.45351170568563,2.956275463104248
frame1751,69.67580213903743,75.68783422459893,87.26002673796792,227.86688963210702,242.4695652173913,253.86889632107022,2.9525108337402344
frame1752,69.7653743315508,75.82820855614973,87.11697860962566,227.0408026755853,242.22608695652173,254.77257525083613,2.949730157852173
frame1753,70.44786096256685,76.18315508021391,88.01069518716578,229.45150501672242,246.97859531772576,253.48963210702343,2.949284076690674
frame1754,71.0461229946524,76.94652406417113,88.67312834224599,229.91638795986623,246.43745819397992,253.45953177257525,2.947815418243408
frame1755,71.65641711229947,76.77005347593582,88.88770053475936,229.34581939799332,246.1571906354515,254.52508361204013,2.945138692855835
frame1756,72.43983957219251,76.93983957219251,88.58489304812834,225.5190635451505,242.74113712374583,254.6715719063545,2.9475455284118652
frame1757,72.34826203208556,76.6557486631016,88.7840909090909,223.12441471571907,240.3103678929766,254.74314381270904,2.948821544647217
frame1758,73.51804812834224,77.38569518716578,89.3970588235294,221.38729096989965,237.60535117056855,254.52107023411372,2.9525809288024902
frame1759,73.56951871657753,77.13502673796792,89.28542780748663,220.50434782608696,238.1478260869565,254.8113712374582,2.94831919670105
frame1760,72.97994652406418,76.4692513368984,88.00133689839572,225.51438127090302,245.7484949832776,253.8602006688963,2.9481027126312256
frame1761,72.75066844919786,76.13101604278074,87.74465240641712,224.46220735785954,245.1866220735786,252.94916387959867,2.946624755859375
frame1762,72.95588235294117,76.30614973262033,87.83288770053476,228.4943143812709,251.30635451505017,253.47090301003345,2.944342613220215
frame1763,72.25,75.49197860962566,86.2192513368984,229.05886287625418,252.08361204013377,253.6809364548495,2.985863208770752
frame1764,72.65307486631016,76.25935828877006,86.70454545454545,229.7913043478261,253.22073578595317,254.11170568561872,3.0495691299438477
frame1765,73.77272727272727,76.89639037433155,86.82085561497327,230.8923076923077,254.04682274247492,254.9391304347826,3.049304962158203
frame1766,73.3783422459893,76.3836898395722,86.35227272727273,230.8923076923077,253.87558528428093,254.9391304347826,3.0307469367980957
frame1767,73.61497326203208,76.475935828877,86.78342245989305,230.8923076923077,252.87290969899666,254.9391304347826,3.0276668071746826
frame1768,72.78609625668449,75.93449197860963,85.60895721925134,230.8923076923077,252.87290969899666,254.9391304347826,3.023899555206299
frame1769,72.48061497326204,75.42446524064171,85.55815508021391,230.7752508361204,251.75384615384615,254.86889632107022,3.020495891571045
frame1770,72.95454545454545,76.35160427807487,86.02473262032086,230.7752508361204,252.72842809364548,254.86889632107022,3.022258758544922
frame1771,73.07620320855615,76.52673796791444,86.20254010695187,230.7752508361204,251.73779264214048,254.86889632107022,3.0225393772125244
frame1772,72.71323529411765,76.0187165775401,85.3562834224599,230.7752508361204,251.73779264214048,254.86889632107022,3.023448944091797
frame1773,73.25,76.41243315508021,85.53208556149733,230.7752508361204,251.73779264214048,254.86889632107022,3.0249080657958984
frame1774,72.55414438502673,75.94318181818181,85.03008021390374,230.8876254180602,251.86889632107022,254.9344481605351,3.023831605911255
frame1775,73.05949197860963,76.39237967914438,85.7961229946524,230.8876254180602,251.86889632107022,254.9297658862876,3.023613691329956
frame1776,71.90508021390374,75.29010695187166,84.05815508021391,230.8876254180602,251.86889632107022,254.9344481605351,3.0248162746429443
frame1777,69.0788770053476,72.24799465240642,80.46524064171123,230.0,251.0,255.0,3.0249991416931152
frame1778,66.41911764705883,69.08489304812834,76.42312834224599,229.0,252.0,255.0,3.029594898223877
frame1779,63.61564171122995,65.84826203208556,72.61029411764706,229.0,252.0,255.0,3.0272371768951416
frame1780,60.24465240641711,62.64572192513369,68.26002673796792,228.0,251.0,255.0,3.024580717086792
frame1781,57.419786096256686,59.71524064171123,64.97994652406418,226.8220735785953,249.6133779264214,254.92508361204014,3.009826183319092
frame1782,54.97994652406417,57.1918449197861,61.2894385026738,222.12040133779263,243.72040133779265,254.8969899665552,3.000077486038208
frame1783,53.9298128342246,55.649732620320854,59.56483957219251,222.5799331103679,243.51103678929766,255.0,3.002718448638916
frame1784,52.901069518716575,54.37433155080214,57.6798128342246,221.12040133779263,241.19866220735787,255.0,3.00618839263916
frame1785,56.56617647058823,57.70187165775401,62.26604278074866,227.79464882943145,254.3277591973244,255.0,3.01776385307312
frame1786,65.84893048128342,69.08021390374331,76.95855614973262,224.01739130434783,249.4675585284281,252.6428093645485,3.030796766281128
frame1787,49.43983957219251,53.79946524064171,60.23930481283423,218.78929765886286,236.2220735785953,254.8876254180602,3.560619354248047
frame1788,48.36965240641711,53.49732620320856,58.92914438502674,219.63478260869564,236.2581939799331,253.98394648829432,4.6038818359375
frame1789,49.0822192513369,54.35762032085562,60.5514705882353,212.01605351170568,227.7826086956522,249.4294314381271,4.9976959228515625
frame1790,51.66711229946524,57.41510695187166,64.33021390374331,216.04749163879598,232.81070234113713,254.06822742474915,5.06788444519043
frame1791,55.82620320855615,61.706550802139034,70.32620320855615,216.8675585284281,232.90635451505017,250.7257525083612,5.0704827308654785
frame1792,58.5120320855615,64.31016042780749,73.44986631016043,224.7826086956522,242.54648829431437,254.02073578595318,5.069993495941162
frame1793,61.50133689839572,67.38101604278074,77.46457219251337,224.77056856187292,241.6695652173913,254.26153846153846,5.050616264343262
frame1794,64.75735294117646,71.86697860962566,82.36229946524064,225.10167224080269,240.38060200668897,254.8916387959866,5.050320148468018
frame1795,67.94318181818181,74.80414438502673,86.55815508021391,227.97792642140467,241.84682274247493,253.95785953177258,5.040059566497803
frame1796,68.7159090909091,75.84358288770053,87.35360962566845,227.84682274247493,245.27826086956523,254.08963210702342,5.038365364074707
frame1797,69.48395721925134,75.90708556149733,87.34692513368984,227.50969899665552,245.8675585284281,254.73511705685618,5.041613578796387
frame1798,70.91243315508021,76.34358288770053,88.2774064171123,228.647491638796,244.638127090301,254.7150501672241,5.039377689361572
frame1799,70.81885026737967,76.10160427807487,87.80882352941177,228.50434782608696,244.0876254180602,254.2989966555184,5.038177967071533
frame1800,71.11163101604278,76.93917112299465,87.70454545454545,228.56254180602008,244.24347826086955,254.69632107023412,5.0360426902771
frame1801,73.7807486631016,78.13235294117646,88.44251336898395,224.15117056856187,242.69364548494983,254.90635451505017,5.039173603057861
frame1802,73.80347593582887,78.12566844919786,88.43850267379679,221.57190635451505,239.83344481605351,254.8969899665552,5.039161205291748
frame1803,73.1183155080214,77.15441176470588,87.26671122994652,220.87892976588628,238.1103678929766,254.87826086956522,5.037594318389893
frame1804,72.47459893048128,76.8783422459893,86.5340909090909,221.26688963210702,239.33110367892976,254.06822742474915,5.033811569213867
frame1805,72.9057486631016,77.00735294117646,87.06417112299465,225.01003344481606,245.05284280936453,253.1351170568562,5.0303568840026855
frame1806,72.67847593582887,76.7379679144385,86.45922459893048,226.7752508361204,248.21003344481605,253.02876254180603,5.028834819793701
frame1807,73.01737967914438,77.00401069518716,86.9966577540107,229.0655518394649,252.2829431438127,253.97658862876253,4.960999488830566
frame1808,72.32486631016043,76.49732620320856,85.97860962566845,229.96053511705685,253.4361204013378,254.34180602006688,3.0672378540039062
frame1809,72.68248663101605,76.67847593582887,86.18582887700535,230.46622073578595,254.1571906354515,254.63478260869564,3.049384832382202
frame1810,72.38034759358288,76.54010695187166,85.89505347593582,230.63879598662209,254.43277591973245,254.74715719063545,3.0472564697265625
frame1811,72.33756684491979,76.54077540106952,86.16176470588235,230.63879598662209,253.5725752508361,254.74715719063545,3.0304059982299805
frame1812,72.1524064171123,75.86029411764706,85.37299465240642,230.438127090301,253.33511705685618,254.6066889632107,3.0336320400238037
frame1813,71.66577540106952,75.11898395721926,84.08689839572193,230.7752508361204,252.98528428093647,254.85953177257525,3.0335805416107178
frame1814,72.1370320855615,75.5220588235294,84.41844919786097,230.7752508361204,252.98528428093647,254.86889632107022,3.0315334796905518
frame1815,72.72058823529412,76.0274064171123,85.37767379679144,230.7752508361204,252.98528428093647,254.85953177257525,3.026822090148926
frame1816,72.48395721925134,76.01069518716578,85.10895721925134,230.7752508361204,251.99464882943144,254.86889632107022,3.0250048637390137
frame1817,72.74398395721926,76.12366310160428,85.46858288770053,230.7752508361204,251.99464882943144,254.85953177257525,3.024263620376587
frame1818,72.54478609625669,75.89104278074866,84.97994652406418,230.7752508361204,251.99464882943144,254.86889632107022,3.024718761444092
frame1819,73.78609625668449,77.30614973262033,86.7433155080214,230.7752508361204,251.99464882943144,254.85953177257525,3.0240530967712402
frame1820,73.47860962566845,77.0461229946524,86.55147058823529,230.7752508361204,251.99464882943144,254.85953177257525,3.023714780807495
frame1821,70.78877005347593,74.2620320855615,82.97660427807487,229.7846153846154,251.08963210702342,254.86889632107022,3.0245251655578613
frame1822,67.42647058823529,70.68181818181819,78.41243315508021,229.7752508361204,252.2515050167224,254.87826086956522,3.0246708393096924
frame1823,64.84358288770053,67.72927807486631,74.7620320855615,228.7846153846154,252.24214046822743,254.87826086956522,3.025022029876709
frame1824,61.87633689839572,64.45588235294117,70.7653743315508,227.79397993311036,252.16588628762543,254.8969899665552,3.024237632751465
frame1825,59.74331550802139,62.31016042780749,68.88435828877006,227.7846153846154,251.86622073578596,254.91571906354514,3.013545274734497
frame1826,56.1129679144385,58.776737967914436,64.0701871657754,226.79397993311036,249.9277591973244,254.92508361204014,3.007140636444092
frame1827,54.536096256684495,56.57620320855615,61.49465240641711,221.58528428093646,243.5571906354515,254.87826086956522,3.0057029724121094
frame1828,52.88770053475936,54.64171122994652,58.8629679144385,222.41739130434783,243.48695652173913,255.0,3.052577495574951
frame1829,52.955882352941174,54.39705882352941,58.73997326203209,225.4247491638796,247.80802675585284,255.0,3.022951602935791
frame1830,76.43716577540107,74.80347593582887,81.75935828877006,222.95852842809364,247.2180602006689,249.97123745819397,3.0570619106292725
frame1831,94.43382352941177,92.36764705882354,102.09491978609626,189.98929765886288,194.66488294314382,208.3551839464883,3.041558265686035
frame1832,52.02205882352941,56.61697860962567,64.06951871657753,226.1819397993311,252.34180602006688,255.0,3.267200231552124
frame1833,49.782754010695186,54.71590909090909,61.150401069518715,218.247491638796,235.15451505016722,254.90635451505017,3.408317804336548
frame1834,49.30013368983957,54.30681818181818,61.093582887700535,212.87759197324414,229.1792642140468,249.7371237458194,4.190046787261963
frame1835,50.17580213903744,55.61697860962567,62.76002673796791,212.3484949832776,228.20401337792643,250.1056856187291,4.689743518829346
frame1836,53.023395721925134,58.36430481283423,66.50601604278074,216.24214046822743,233.1571906354515,251.6628762541806,4.811001300811768
frame1837,57.274732620320854,63.07152406417112,72.31885026737967,221.2836120401338,237.29765886287626,251.40535117056857,4.869852066040039
frame1838,60.74398395721925,66.28208556149733,76.76002673796792,225.5438127090301,242.6066889632107,254.9297658862876,4.793514251708984
frame1839,63.75267379679144,70.08957219251337,80.80080213903743,224.1886287625418,239.41337792642142,254.92040133779264,4.602458477020264
frame1840,66.93983957219251,73.21457219251337,85.15775401069519,223.60133779264214,238.9979933110368,254.43678929765886,4.16259241104126
frame1841,69.45788770053476,76.22860962566845,88.34157754010695,225.12441471571907,239.55986622073578,252.31103678929765,3.4127910137176514
frame1842,69.94919786096257,76.3529411764706,88.96390374331551,224.35183946488294,238.95652173913044,252.57792642140467,3.053577423095703
frame1843,70.52272727272727,76.5307486631016,89.00066844919786,223.25016722408026,238.33779264214047,252.83678929765887,3.005833148956299
frame1844,70.08689839572193,75.77339572192513,88.1644385026738,223.29163879598661,237.7685618729097,252.26555183946488,3.001490354537964
frame1845,70.34558823529412,76.13034759358288,88.37032085561498,225.25484949832776,239.0628762541806,252.0020066889632,2.9980709552764893
frame1846,70.70521390374331,76.09826203208556,87.6437165775401,225.19264214046822,239.65351170568562,252.05150501672242,2.9942524433135986
frame1847,72.149064171123,77.21457219251337,89.28475935828877,224.89364548494984,240.87826086956522,254.69498327759197,2.995304584503174
frame1848,71.42580213903743,76.22660427807487,88.13970588235294,223.15585284280937,238.3598662207358,254.87826086956522,2.9945976734161377
frame1849,71.9024064171123,76.31216577540107,88.23596256684492,222.03946488294315,236.3866220735786,254.6943143812709,2.996411085128784
frame1850,72.2433155080214,76.03008021390374,87.09625668449198,223.1505016722408,242.9953177257525,253.29632107023411,2.998173236846924
frame1851,71.89171122994652,75.8322192513369,86.64572192513369,228.16588628762543,249.41337792642142,253.80267558528428,2.9950568675994873
frame1852,72.87366310160428,76.87098930481284,88.15508021390374,227.90836120401337,250.8247491638796,253.74046822742474,2.991499662399292
frame1853,72.41042780748663,76.40641711229947,87.12299465240642,230.29364548494982,253.83612040133778,254.57859531772576,3.0936522483825684
frame1854,72.40975935828877,75.94852941176471,87.12299465240642,230.2515050167224,253.7859531772575,254.53645484949834,2.963243007659912
frame1855,71.95588235294117,75.30080213903743,86.31951871657753,230.1752508361204,253.70167224080268,254.4943143812709,3.043177843093872
frame1856,72.33422459893048,75.84826203208556,87.03542780748663,230.13311036789298,252.70501672240803,254.45217391304348,3.0207619667053223
frame1857,72.22927807486631,75.86965240641712,86.75267379679144,230.13311036789298,251.7505016722408,254.45217391304348,3.022473096847534
frame1858,71.67647058823529,75.17045454545455,85.90508021390374,230.13311036789298,251.7505016722408,254.45217391304348,3.0233211517333984
frame1859,71.53542780748663,75.44719251336899,85.51136363636364,230.09096989966554,250.7438127090301,254.41003344481607,3.0228588581085205
frame1860,72.04344919786097,75.87566844919786,85.94318181818181,230.09096989966554,250.79598662207357,254.41003344481607,3.022629976272583
frame1861,72.40040106951872,75.77540106951872,85.99532085561498,230.09096989966554,250.74983277591974,254.41003344481607,3.0217485427856445
frame1862,73.60360962566845,77.39505347593582,86.99465240641712,231.0,252.03210702341138,255.0,3.022684097290039
frame1863,72.56550802139037,76.33823529411765,85.36497326203208,231.0,251.0428093645485,255.0,3.0236918926239014
frame1864,72.16176470588235,75.80013368983957,84.62700534759358,231.0,252.03210702341138,255.0,3.024141788482666
frame1865,72.27339572192513,75.95588235294117,84.81082887700535,231.0,252.03210702341138,255.0,3.0240912437438965
frame1866,72.55280748663101,76.13034759358288,85.28676470588235,231.0,251.0428093645485,255.0,3.02402400970459
frame1867,68.8562834224599,72.3596256684492,80.1677807486631,230.0,251.0428093645485,255.0,3.025543689727783
frame1868,66.16844919786097,69.33088235294117,76.83088235294117,229.0,251.0,255.0,3.0245041847229004
frame1869,63.8903743315508,66.83890374331551,73.52874331550802,229.0,252.0,255.0,3.024681568145752
frame1870,61.25267379679144,64.16243315508021,70.08622994652407,228.0,251.0,255.0,3.0243642330169678
frame1871,57.26002673796791,59.88569518716577,64.40374331550802,227.31772575250835,248.99464882943144,254.72709030100336,3.0175998210906982
frame1872,55.54545454545455,57.966577540106954,62.06818181818182,222.65886287625418,244.22341137123746,254.65886287625418,3.007941484451294
frame1873,53.60895721925134,55.779411764705884,59.26336898395722,221.2160535117057,241.83010033444816,254.8969899665552,3.006580352783203
frame1874,52.769385026737964,54.463903743315505,59.54946524064171,221.77056856187292,242.02742474916388,255.0,3.033475637435913
frame1875,54.211898395721924,55.4879679144385,60.537433155080215,227.390635451505,252.87290969899666,255.0,3.0089402198791504
frame1876,96.76804812834224,91.63836898395722,99.45053475935829,196.6086956521739,209.44147157190636,219.5933110367893,3.0572915077209473
frame1877,81.07553475935829,80.93449197860963,90.19318181818181,215.38327759197324,234.67759197324415,241.66622073578594,3.03202223777771
frame1878,49.42112299465241,54.143716577540104,59.44652406417112,224.24347826086955,244.6200668896321,254.98996655518394,3.2782626152038574
frame1879,49.19251336898396,54.24866310160428,59.54545454545455,216.49966555183946,233.2200668896321,253.0428093645485,4.099330902099609
frame1880,49.6951871657754,54.848930481283425,60.831550802139034,212.69966555183947,228.8541806020067,249.92709030100335,4.585428714752197
frame1881,51.86163101604278,57.00601604278075,64.08823529411765,216.33979933110368,233.76521739130436,253.42541806020066,4.837584495544434
frame1882,53.70788770053476,59.00868983957219,66.26737967914438,216.76521739130436,233.19063545150502,250.276254180602,4.906718730926514
frame1883,58.16510695187166,63.773395721925134,72.37700534759358,224.84615384615384,241.72775919732442,253.609364548495,4.846132278442383
frame1884,60.774064171122994,66.52339572192513,75.8596256684492,224.82341137123746,240.81471571906354,254.69899665551839,4.582999229431152
frame1885,64.14304812834224,70.63034759358288,80.97994652406418,225.5036789297659,241.45150501672242,254.65886287625418,3.944244146347046
frame1886,67.44652406417113,74.29411764705883,85.6062834224599,228.41538461538462,242.3371237458194,254.16588628762543,3.2412774562835693
frame1887,70.6216577540107,76.73395721925134,89.18048128342247,227.9913043478261,241.37257525083612,254.22809364548496,3.037025213241577
frame1888,69.98395721925134,75.9024064171123,88.05280748663101,227.13110367892978,240.81404682274248,254.285618729097,3.0002949237823486
frame1889,70.7466577540107,75.7927807486631,88.43181818181819,230.04615384615386,248.77190635451504,254.7772575250836,2.9941153526306152
frame1890,70.84692513368984,76.08756684491979,88.3836898395722,224.37123745819397,239.29832775919732,254.52976588628763,2.993415594100952
frame1891,70.93315508021391,75.82352941176471,87.66577540106952,222.19933110367893,237.38528428093645,251.533110367893,2.9947168827056885
frame1892,71.57620320855615,75.82286096256685,87.45588235294117,223.6494983277592,239.523745819398,253.08428093645486,2.9954113960266113
frame1893,71.68649732620321,75.91911764705883,87.48663101604278,224.51772575250837,239.23210702341137,254.90635451505017,2.9970266819000244
frame1894,72.53275401069519,76.71122994652407,88.37700534759358,223.54247491638796,237.3277591973244,254.7953177257525,2.998173475265503
frame1895,72.36564171122994,76.5340909090909,87.96457219251337,222.45351170568563,236.33110367892976,254.5732441471572,2.9973080158233643
frame1896,72.75200534759358,76.58155080213903,87.36096256684492,222.52441471571908,239.88361204013378,253.4267558528428,2.9969711303710938
frame1897,72.45053475935829,76.30748663101605,86.56617647058823,224.74046822742474,245.55919732441473,252.39264214046824,2.9959826469421387
frame1898,72.5942513368984,76.49598930481284,86.60895721925134,227.561872909699,249.466889632107,253.238127090301,3.0319321155548096
frame1899,72.33155080213903,76.18716577540107,85.43449197860963,229.33846153846153,252.58729096989967,253.99397993311038,2.988844871520996
frame1900,71.71657754010695,75.6029411764706,84.61898395721926,229.58394648829432,252.96989966555185,254.0943143812709,3.0510597229003906
frame1901,72.37098930481284,75.88435828877006,85.30882352941177,230.23678929765887,253.80066889632107,254.4648829431438,3.0499792098999023
frame1902,72.54077540106952,76.0394385026738,85.80614973262033,230.31772575250835,253.90033444816052,254.55652173913043,3.033033847808838
frame1903,73.03008021390374,76.59826203208556,86.69385026737967,230.31772575250835,253.0294314381271,254.55652173913043,3.0317587852478027
frame1904,72.8683155080214,76.74197860962566,86.39772727272727,230.31772575250835,252.15852842809363,254.55652173913043,3.0307769775390625
frame1905,73.41377005347593,76.98262032085562,86.9933155080214,230.2836120401338,252.12441471571907,254.48829431438128,3.027092695236206
frame1906,73.37901069518716,76.91310160427807,86.82553475935829,230.2836120401338,252.12441471571907,254.52240802675584,3.024366617202759
frame1907,73.18716577540107,76.66377005347593,86.50066844919786,230.2836120401338,251.2535117056856,254.52240802675584,3.023411750793457
frame1908,72.76403743315508,76.20855614973262,85.86430481283422,230.2836120401338,251.2535117056856,254.52240802675584,3.0229945182800293
frame1909,72.875,76.05882352941177,85.78743315508021,230.7752508361204,252.02274247491638,254.86889632107022,3.021965265274048
frame1910,73.14572192513369,76.5274064171123,86.26938502673796,230.7752508361204,252.02274247491638,254.86889632107022,3.022066354751587
frame1911,72.52072192513369,75.5701871657754,85.28676470588235,230.7752508361204,251.51772575250837,254.86889632107022,3.021512031555176
frame1912,70.77941176470588,73.7807486631016,82.84491978609626,230.7752508361204,251.51772575250837,254.87826086956522,3.0227437019348145
frame1913,68.37901069518716,71.13034759358288,79.46524064171123,229.7846153846154,251.51772575250837,254.87826086956522,3.023853302001953
frame1914,65.45588235294117,68.01002673796792,75.83021390374331,228.7846153846154,251.16588628762543,254.8876254180602,3.0218708515167236
frame1915,63.23529411764706,65.64772727272727,72.72326203208556,228.7752508361204,252.0494983277592,254.8876254180602,3.0221657752990723
frame1916,60.11430481283423,62.43917112299465,68.43315508021391,227.7846153846154,250.84080267558528,254.91571906354514,3.0223169326782227
frame1917,56.785427807486634,58.779411764705884,64.05280748663101,226.80334448160536,248.8220735785953,254.9344481605351,3.0014944076538086
frame1918,54.786764705882355,56.41510695187166,61.6096256684492,220.8876254180602,242.85953177257525,254.87826086956522,3.0050199031829834
frame1919,53.79211229946524,55.088235294117645,59.70053475935829,220.81270903010034,242.7752508361204,254.86889632107022,3.006467342376709
frame1920,52.912433155080215,53.905748663101605,58.23328877005348,222.19866220735787,242.87959866220737,255.0,3.0270919799804688
frame1921,62.97192513368984,62.51069518716577,68.62767379679144,227.02742474916388,253.29832775919732,254.33511705685618,2.9924404621124268
frame1922,55.32620320855615,58.2072192513369,65.63034759358288,225.49966555183946,249.36989966555183,254.94581939799332,3.011103391647339
frame1923,49.22727272727273,53.842914438502675,59.7466577540107,220.06421404682274,236.5732441471572,254.8876254180602,3.698662281036377
frame1924,49.37566844919786,54.285427807486634,60.13636363636363,217.69698996655518,234.4876254180602,253.11571906354516,4.503835678100586
frame1925,50.29745989304813,55.419117647058826,61.836229946524064,211.70167224080268,227.6020066889632,248.1076923076923,4.947539329528809
frame1926,51.719919786096256,56.970588235294116,63.85360962566845,215.65016722408026,232.6200668896321,252.40133779264215,5.066813945770264
frame1927,55.60427807486631,61.018048128342244,69.46323529411765,216.27826086956523,231.70836120401339,248.88896321070234,5.0596513748168945
frame1928,59.00802139037433,64.63903743315508,73.82754010695187,224.58662207357858,241.44882943143813,253.48695652173913,5.0468244552612305
frame1929,62.04077540106952,67.97927807486631,78.04010695187166,223.90702341137123,239.23678929765887,254.1772575250836,5.011158466339111
frame1930,64.77139037433155,71.05548128342247,81.6283422459893,226.685618729097,242.5284280936455,254.27090301003344,4.983367443084717
frame1931,67.57687165775401,73.87032085561498,85.59224598930481,225.9264214046823,240.0561872909699,253.65418060200668,4.950494766235352
frame1932,69.3442513368984,75.8355614973262,87.65775401069519,224.40401337792642,238.56789297658864,253.4267558528428,4.886040210723877
frame1933,69.36965240641712,75.76069518716578,87.90708556149733,226.19197324414716,243.32240802675585,253.82608695652175,4.760377407073975
frame1934,69.93582887700535,75.53676470588235,87.84826203208556,227.7752508361204,243.62742474916388,253.55919732441473,4.509686470031738
frame1935,71.29010695187166,76.2159090909091,88.65842245989305,225.2903010033445,241.13177257525084,251.13645484949834,3.984269618988037
frame1936,72.03743315508021,76.07085561497327,88.49866310160428,224.42341137123745,241.1819397993311,252.34715719063544,3.4482650756835938
frame1937,72.30213903743315,76.25802139037434,88.66911764705883,225.0829431438127,241.43478260869566,254.8969899665552,3.164410352706909
frame1938,72.41176470588235,76.28542780748663,88.69117647058823,223.61003344481605,238.5953177257525,254.8876254180602,3.0650475025177
frame1939,72.36764705882354,76.32486631016043,87.75066844919786,221.18528428093646,237.6428093645485,254.73110367892977,3.0389552116394043
frame1940,72.62232620320856,76.50200534759358,88.00066844919786,222.8675585284281,241.69230769230768,253.58060200668896,3.050955295562744
frame1941,72.20655080213903,75.84893048128342,87.43048128342247,225.93578595317726,246.66421404682274,253.4267558528428,3.0319175720214844
frame1942,71.35494652406418,75.24398395721926,85.8442513368984,226.30836120401338,247.90301003344482,252.85083612040134,3.024526834487915
frame1943,72.3816844919786,75.86096256684492,86.26938502673796,226.12173913043478,248.323745819398,252.88628762541805,3.0008747577667236
frame1944,72.33155080213903,75.89505347593582,85.96457219251337,230.14448160535116,253.63478260869564,254.47759197324416,2.986799716949463
frame1945,72.67914438502673,76.07620320855615,85.88970588235294,230.06153846153848,253.58729096989967,254.43010033444816,3.0464391708374023
frame1946,72.65842245989305,76.22994652406418,86.30147058823529,230.01404682274247,252.63010033444817,254.38260869565218,3.0307233333587646
frame1947,72.76804812834224,76.38903743315508,85.88636363636364,230.7752508361204,252.12307692307692,254.86889632107022,3.0332236289978027
frame1948,72.82754010695187,76.37299465240642,86.09224598930481,230.7752508361204,252.90635451505017,254.86889632107022,3.032522439956665
frame1949,72.55748663101605,75.9725935828877,85.67647058823529,230.7752508361204,252.90635451505017,254.85953177257525,3.030001640319824
frame1950,72.73328877005348,76.42580213903743,86.00267379679144,230.7752508361204,251.7478260869565,254.86889632107022,3.027822971343994
frame1951,72.9177807486631,76.40775401069519,86.2038770053476,230.7752508361204,251.7478260869565,254.86889632107022,3.0257976055145264
frame1952,72.94117647058823,76.29478609625669,86.14171122994652,230.7752508361204,251.7478260869565,254.86889632107022,3.024472236633301
frame1953,73.40775401069519,76.53676470588235,86.65106951871658,230.7752508361204,251.7478260869565,254.86889632107022,3.0214502811431885
frame1954,72.92446524064171,76.07419786096257,85.86497326203208,230.7752508361204,251.7478260869565,254.86889632107022,3.0214877128601074
frame1955,72.45120320855615,75.6951871657754,85.1062834224599,230.7752508361204,251.7799331103679,254.86889632107022,3.022486448287964
frame1956,72.71724598930481,76.22326203208556,85.83155080213903,230.7752508361204,250.78996655518395,254.86889632107022,3.0222699642181396
frame1957,70.15842245989305,73.34358288770053,82.32352941176471,229.7846153846154,251.73779264214048,254.87826086956522,3.0229146480560303
frame1958,67.67513368983957,70.2653743315508,78.76069518716578,229.7752508361204,251.73779264214048,254.87826086956522,3.0213325023651123
frame1959,65.00735294117646,67.73262032085562,75.45588235294117,228.7846153846154,250.79799331103678,254.8876254180602,3.0224411487579346
frame1960,62.23930481283423,64.72727272727273,71.81483957219251,227.79397993311036,250.74715719063545,254.90635451505017,3.0201575756073
frame1961,58.04545454545455,60.419117647058826,66.0909090909091,226.79397993311036,250.7551839464883,254.91571906354514,3.008594036102295
frame1962,56.161764705882355,58.48596256684492,63.49197860962567,224.81872909698995,246.79866220735786,254.9344481605351,3.0049524307250977
frame1963,54.53409090909091,56.36363636363637,61.081550802139034,220.87290969899666,242.85284280936455,254.91304347826087,3.0037856101989746
frame1964,53.469919786096256,54.98997326203209,59.525401069518715,222.15585284280937,242.22408026755852,255.0,3.0090384483337402
frame1965,53.6370320855615,54.92513368983957,59.49064171122995,227.44615384615383,252.30367892976588,255.0,3.0108530521392822
frame1966,89.29144385026738,84.59291443850267,92.45922459893048,211.90969899665552,231.0655518394649,236.55451505016723,3.05560040473938
frame1967,89.54144385026738,88.24398395721926,99.28275401069519,206.50702341137125,221.01872909698997,231.7752508361204,3.0307137966156006
frame1968,50.82219251336898,55.24465240641711,61.81818181818182,224.73846153846154,247.61939799331103,254.98260869565217,3.157013416290283
frame1969,48.75200534759358,53.12633689839572,59.14104278074866,217.93311036789297,234.82809364548496,254.63277591973244,3.6633713245391846
frame1970,49.18917112299465,53.82219251336898,60.68783422459893,212.05886287625418,228.3598662207358,249.1846153846154,4.788599014282227
frame1971,51.30347593582888,56.411764705882355,64.18716577540107,214.59464882943143,231.65083612040135,253.1030100334448,5.005048751831055
frame1972,54.04812834224599,59.904411764705884,67.9966577540107,218.02207357859533,234.3123745819398,251.48829431438128,5.063831806182861
frame1973,57.61564171122995,63.42112299465241,72.56751336898395,223.51973244147158,240.4314381270903,253.18795986622072,5.061500072479248
frame1974,60.955213903743314,66.68181818181819,77.06617647058823,224.69030100334447,241.323745819398,254.5284280936455,5.043807506561279
frame1975,63.48262032085562,69.60494652406418,80.43983957219251,226.27357859531773,242.38528428093645,254.29498327759197,5.0320563316345215
frame1976,66.92245989304813,72.87767379679144,84.79411764705883,227.26822742474917,242.99866220735785,253.73578595317727,5.026148319244385
frame1977,68.83489304812834,75.1029411764706,87.34959893048128,227.57190635451505,240.45016722408027,252.76722408026757,5.0216779708862305
frame1978,69.57419786096257,75.73328877005348,87.88034759358288,226.67959866220735,244.56789297658864,253.18327759197325,5.022036075592041
frame1979,69.97860962566845,76.28208556149733,88.55614973262033,228.16655518394649,246.23344481605352,253.34983277591974,5.022068500518799
frame1980,70.68983957219251,76.17513368983957,88.85895721925134,230.67759197324415,247.2896321070234,254.2535117056856,5.019657611846924
frame1981,70.99465240641712,76.15775401069519,88.63836898395722,226.31973244147156,241.98996655518394,253.36454849498327,5.012412071228027
frame1982,71.66176470588235,76.14171122994652,88.2379679144385,226.7150501672241,242.39933110367892,254.0267558528428,5.004922389984131
frame1983,71.41911764705883,76.14104278074866,87.71323529411765,224.26688963210702,239.59933110367894,253.8428093645485,4.9974775314331055
frame1984,71.28676470588235,74.73529411764706,85.71256684491979,222.32240802675585,237.41939799331104,255.0,4.994165897369385
frame1985,71.49197860962566,75.20454545454545,85.90106951871658,223.428762541806,239.2046822742475,255.0,4.982702732086182
frame1986,72.1096256684492,75.33288770053476,86.49866310160428,221.62341137123747,238.19130434782608,253.37859531772574,4.9983696937561035
frame1987,72.00467914438502,75.4538770053476,86.0340909090909,226.01806020066888,245.77926421404683,252.9732441471572,5.004561901092529
frame1988,71.43716577540107,75.09157754010695,85.62299465240642,229.48294314381272,252.7123745819398,254.29364548494982,4.90376091003418
frame1989,71.06818181818181,74.72058823529412,85.29344919786097,230.07692307692307,253.51103678929766,254.4581939799331,3.0448415279388428
frame1990,71.66176470588235,74.93917112299465,85.57620320855615,230.02274247491638,253.4428093645485,254.40401337792642,3.046278476715088
frame1991,70.25601604278074,73.74197860962566,84.16243315508021,230.52173913043478,254.26020066889632,254.70301003344483,3.0415542125701904
frame1992,71.13770053475936,74.02606951871658,84.67713903743315,230.26555183946488,253.88428093645484,254.4943143812709,3.025697946548462
frame1993,70.99598930481284,73.88770053475936,84.34893048128342,230.80267558528428,254.70702341137124,254.87826086956522,3.0263283252716064
frame1994,72.29545454545455,75.04946524064171,85.81417112299465,230.72307692307692,253.64414715719064,254.80936454849498,3.0256879329681396
frame1995,71.9659090909091,74.9605614973262,85.399064171123,230.7170568561873,252.71304347826086,254.79933110367892,3.026447296142578
frame1996,72.16644385026738,76.1590909090909,85.875,229.7076923076923,252.08561872909698,254.80936454849498,3.026977062225342
frame1997,71.86564171122994,75.54010695187166,84.7774064171123,230.14916387959866,251.47892976588628,254.5036789297659,3.027204751968384
frame1998,70.88101604278074,74.51403743315508,83.57286096256685,230.30969899665553,251.5819397993311,254.59732441471573,3.026096820831299
frame1999,71.20855614973262,74.81149732620321,83.91310160427807,230.83946488294313,252.24414715719064,254.90635451505017,3.024095296859741
frame2000,70.69385026737967,74.30280748663101,83.51136363636364,230.96789297658862,252.31772575250835,254.98127090301003,3.0225377082824707
frame2001,70.94986631016043,74.78141711229947,83.78475935828877,231.0,252.30301003344482,255.0,3.022695541381836
frame2002,70.72393048128342,74.28008021390374,83.55213903743315,230.0,251.4227424749164,255.0,3.022883892059326
frame2003,67.2807486631016,70.27072192513369,78.31885026737967,230.0,252.2267558528428,255.0,3.023794412612915
frame2004,65.05548128342247,67.58689839572193,75.68382352941177,229.0,251.0722408026756,255.0,3.0199735164642334
frame2005,62.0581550802139,64.66243315508021,71.7961229946524,229.0,252.06622073578595,255.0,3.0210180282592773
frame2006,59.68181818181818,62.125,68.49799465240642,227.98461538461538,252.0267558528428,254.9933110367893,3.018972396850586
frame2007,55.92312834224599,58.52139037433155,63.55013368983957,226.94113712374582,250.9277591973244,254.97859531772576,3.0093483924865723
frame2008,53.0514705882353,55.29745989304813,60.38903743315508,222.39197324414715,244.3866220735786,254.9705685618729,3.0509908199310303
frame2009,51.92379679144385,53.92379679144385,58.51336898395722,222.25551839464882,243.3531772575251,254.96789297658862,3.119196891784668
frame2010,51.100935828877006,52.26470588235294,56.68716577540107,221.67759197324415,241.8066889632107,255.0,2.9712038040161133
frame2011,57.342914438502675,57.29812834224599,62.37366310160428,227.98260869565217,254.91103678929767,255.0,2.916839838027954
frame2012,65.11497326203208,67.45320855614973,76.5066844919786,225.05752508361203,251.6153846153846,253.5010033444816,2.9165468215942383
frame2013,50.18582887700535,54.32687165775401,60.68649732620321,219.0026755852843,235.69698996655518,254.64816053511706,3.239258289337158
frame2014,49.470588235294116,53.70187165775401,60.11430481283423,218.87424749163878,235.84080267558528,254.86153846153846,4.117021560668945
frame2015,50.419117647058826,55.086898395721924,62.11096256684492,214.58394648829432,231.00066889632106,250.33377926421406,4.851587772369385
frame2016,51.52205882352941,56.13435828877005,63.283422459893046,215.20401337792643,232.4046822742475,252.30100334448161,5.033076286315918
frame2017,55.29612299465241,60.67045454545455,69.35026737967914,216.87692307692308,232.7076923076923,249.93846153846152,5.0497727394104
frame2018,58.288770053475936,63.40909090909091,73.14104278074866,225.27224080267558,242.86889632107022,254.24347826086955,5.022891521453857
frame2019,61.39171122994652,67.08355614973262,77.31818181818181,223.62541806020067,239.5772575250836,254.12709030100334,4.988889694213867
frame2020,65.1798128342246,71.55882352941177,82.63569518716578,227.19531772575252,241.72709030100336,254.72173913043477,4.948470115661621
frame2021,67.6029411764706,74.14772727272727,85.68850267379679,228.15852842809363,241.3123745819398,253.90301003344482,4.892130374908447
frame2022,70.67513368983957,76.55748663101605,89.03475935828877,225.94046822742476,241.4588628762542,252.8267558528428,4.787356853485107
frame2023,70.42513368983957,76.37299465240642,88.75133689839572,224.55785953177258,239.58662207357858,252.38060200668897,4.5577192306518555
frame2024,71.08355614973262,76.46457219251337,89.2961229946524,227.6515050167224,244.17257525083613,252.8588628762542,4.0247368812561035
frame2025,70.99398395721926,75.92580213903743,88.62767379679144,224.52642140468228,239.94916387959867,252.01739130434783,3.400214195251465
frame2026,71.3937165775401,76.46991978609626,89.38502673796792,224.17458193979934,239.10434782608695,251.44147157190636,3.096574306488037
frame2027,72.0220588235294,77.20187165775401,90.07419786096257,224.4628762541806,239.48695652173913,252.90702341137123,3.0056283473968506
frame2028,72.25601604278074,76.625,89.0942513368984,224.0086956521739,239.03478260869565,254.4274247491639,2.988912582397461
frame2029,72.53141711229947,77.08489304812834,88.87032085561498,223.5076923076923,237.18929765886287,254.91170568561873,2.981459617614746
frame2030,72.74933155080214,76.30949197860963,87.92847593582887,222.1304347826087,236.91170568561873,254.82341137123746,2.9826269149780273
frame2031,72.43048128342247,76.13034759358288,87.31483957219251,224.87224080267558,243.73043478260868,253.90836120401337,2.9786975383758545
frame2032,72.3409090909091,76.39973262032086,86.72125668449198,227.1551839464883,249.71973244147156,253.37658862876253,2.9776675701141357
frame2033,72.89304812834224,76.81483957219251,87.30213903743315,229.6769230769231,252.97190635451506,254.05551839464883,2.9777045249938965
frame2034,72.75534759358288,76.68181818181819,86.86029411764706,229.3284280936455,252.54648829431437,253.78327759197325,2.986636161804199
frame2035,72.16310160427807,75.80614973262033,85.67847593582887,230.1705685618729,253.79732441471572,254.37792642140468,3.0500681400299072
frame2036,71.94786096256685,75.37700534759358,85.68114973262033,230.59866220735785,254.4180602006689,254.69899665551839,3.0468432903289795
frame2037,71.3629679144385,74.78542780748663,84.75802139037434,230.7458193979933,254.5344481605351,254.83478260869566,3.030790328979492
frame2038,72.2192513368984,75.53475935828877,85.62366310160428,230.7458193979933,253.63745819397994,254.83478260869566,3.030944347381592
frame2039,71.96390374331551,75.43917112299465,85.1951871657754,230.90167224080267,252.98461538461538,254.9297658862876,3.03062105178833
frame2040,72.76671122994652,75.94986631016043,85.75935828877006,231.0,253.25016722408026,255.0,3.0269103050231934
frame2041,72.9605614973262,76.26336898395722,85.66644385026738,231.0,252.3123745819398,255.0,3.0261549949645996
frame2042,72.57152406417113,75.60494652406418,85.33355614973262,229.9866220735786,252.15384615384616,254.98996655518394,3.0238165855407715
frame2043,72.06216577540107,75.32553475935829,84.75534759358288,230.98595317725753,252.15384615384616,254.99063545150503,3.024160146713257
frame2044,71.7192513368984,75.43315508021391,84.59024064171123,230.8876254180602,250.8896321070234,254.9344481605351,3.0237064361572266
frame2045,72.45454545454545,76.2533422459893,85.33288770053476,230.69498327759197,250.65685618729097,254.8220735785953,3.023860454559326
frame2046,72.63101604278074,76.25601604278074,85.5701871657754,230.69498327759197,250.65685618729097,254.8220735785953,3.023513078689575
frame2047,70.12566844919786,73.68783422459893,81.81684491978609,229.7076923076923,250.65685618729097,254.83478260869566,3.025444269180298
frame2048,67.31751336898395,70.50601604278074,78.27272727272727,229.83946488294313,250.81939799331104,254.91304347826087,3.024346351623535
frame2049,64.51604278074866,67.70521390374331,74.29344919786097,228.96789297658862,250.96254180602006,254.98394648829432,3.0252459049224854
frame2050,61.974598930481285,64.80882352941177,70.99398395721926,227.96923076923076,250.96254180602006,254.98394648829432,3.024191379547119
frame2051,58.61764705882353,61.31149732620321,66.37633689839572,226.70033444816053,250.54849498327758,254.83076923076922,3.024313449859619
frame2052,56.782085561497325,59.345588235294116,64.39171122994652,224.9551839464883,246.86622073578596,254.9304347826087,3.0084877014160156
frame2053,53.42713903743316,55.77205882352941,59.469251336898395,221.3438127090301,242.23210702341137,254.90434782608696,3.013610363006592
frame2054,52.5668449197861,54.4451871657754,58.18716577540107,221.59933110367894,242.6849498327759,255.0,3.0537052154541016
frame2055,52.61898395721925,54.60427807486631,58.283422459893046,225.6200668896321,248.58327759197326,255.0,3.0286223888397217
frame2056,76.63970588235294,74.55080213903743,81.81550802139037,223.3170568561873,247.58461538461538,250.34983277591974,3.0675182342529297
frame2057,94.21724598930481,91.87700534759358,101.71858288770053,191.1571906354515,196.82809364548496,209.69698996655518,3.0424139499664307
frame2058,50.66510695187166,53.9177807486631,60.49598930481283,226.59732441471573,253.60334448160535,255.0,3.2318782806396484
frame2059,48.69117647058823,53.50802139037433,59.22860962566845,217.2628762541806,233.93377926421405,255.0,4.441387176513672
frame2060,48.57754010695187,53.60895721925134,59.55614973262032,214.2809364548495,230.70903010033445,250.99665551839465,4.990079402923584
frame2061,50.57085561497326,55.56885026737968,62.35227272727273,212.16053511705687,228.17658862876254,250.08026755852842,5.060155391693115
frame2062,52.87767379679144,58.214572192513366,65.21189839572193,216.81270903010034,234.44816053511707,251.58862876254182,5.074172496795654
frame2063,56.351604278074866,61.60494652406417,70.25534759358288,219.45217391304348,237.2541806020067,251.0334448160535,5.054713249206543
frame2064,59.19919786096256,64.80147058823529,73.91176470588235,225.0040133779264,242.1886287625418,254.6695652173913,5.04429817199707
frame2065,62.06082887700535,68.09291443850267,77.99598930481284,225.67558528428094,241.88428093645484,254.56789297658864,5.019780158996582
frame2066,66.36564171122994,72.82219251336899,83.87232620320856,227.58528428093646,244.0066889632107,254.285618729097,5.007084369659424
frame2067,69.81684491978609,76.2279411764706,88.57620320855615,227.31772575250835,241.28896321070235,253.80735785953178,4.995703220367432
frame2068,69.225935828877,75.45989304812834,87.12967914438502,227.8561872909699,247.1324414715719,254.69765886287627,4.983969211578369
frame2069,71.0427807486631,76.99866310160428,89.63034759358288,228.98996655518394,248.09632107023413,254.17859531772575,4.970564365386963
frame2070,70.41978609625669,76.19318181818181,88.46122994652407,229.9638795986622,246.87023411371237,254.323745819398,4.952561855316162
frame2071,70.55815508021391,76.14171122994652,88.08622994652407,229.44414715719063,246.02809364548494,254.13444816053513,4.923120975494385
frame2072,71.36363636363636,75.46991978609626,87.60494652406418,226.5732441471572,243.04882943143812,254.37725752508362,4.861325740814209
frame2073,71.37967914438502,75.60561497326204,87.5,223.81070234113713,241.29498327759197,254.51772575250837,4.760771751403809
frame2074,72.14104278074866,76.54478609625669,88.14772727272727,222.2408026755853,239.00066889632106,254.79197324414716,4.555741786956787
frame2075,71.94251336898395,75.87633689839572,87.56216577540107,221.12575250836122,237.48227424749163,254.2314381270903,4.1401753425598145
frame2076,72.1183155080214,76.32820855614973,87.30614973262033,221.8247491638796,240.06822742474915,253.8515050167224,4.169855117797852
frame2077,72.42446524064171,76.26270053475936,87.58890374331551,223.52240802675584,242.94180602006688,252.7391304347826,4.180713176727295
frame2078,72.0120320855615,76.09358288770053,87.08622994652407,228.2494983277592,251.12709030100334,253.75852842809365,3.078922986984253
frame2079,71.5855614973262,75.42245989304813,85.94385026737967,229.19130434782608,252.2923076923077,253.99665551839465,2.9493234157562256
frame2080,71.72526737967914,75.47192513368984,85.95454545454545,229.15451505016722,252.35852842809365,253.83478260869566,2.9848406314849854
frame2081,72.58823529411765,76.23262032085562,85.71524064171123,230.8,253.88160535117058,254.88695652173914,3.050809621810913
frame2082,72.70521390374331,76.27473262032086,85.76470588235294,230.8,253.88160535117058,254.88695652173914,3.033147096633911
frame2083,72.61764705882354,75.81951871657753,85.4144385026738,230.72307692307692,252.86622073578596,254.84347826086957,3.0333449840545654
frame2084,72.35160427807487,75.70254010695187,85.274064171123,230.71103678929765,252.8541806020067,254.8314381270903,3.0332229137420654
frame2085,72.47326203208556,76.1316844919786,85.71858288770053,230.85551839464884,252.16454849498328,254.91571906354514,3.0304746627807617
frame2086,72.7566844919786,76.34893048128342,86.24799465240642,230.59866220735785,251.66421404682274,254.76588628762542,3.027646064758301
frame2087,72.79679144385027,76.20187165775401,86.17914438502673,230.59866220735785,251.64214046822744,254.76588628762542,3.025662422180176
frame2088,72.05882352941177,75.60160427807487,84.9451871657754,230.85551839464884,251.91371237458193,254.91571906354514,3.0259273052215576
frame2089,72.86430481283422,76.2379679144385,85.9725935828877,229.72307692307692,251.76321070234113,254.81939799331104,3.0234975814819336
frame2090,72.49866310160428,75.89973262032086,85.42513368983957,230.71103678929765,251.76321070234113,254.8314381270903,3.02297306060791
frame2091,72.5788770053476,75.87901069518716,85.54812834224599,229.92307692307693,251.97658862876253,254.94983277591973,3.02223801612854
frame2092,71.51336898395722,75.09692513368984,84.47660427807487,230.91973244147158,251.97658862876253,254.95317725752508,3.0225467681884766
frame2093,69.53609625668449,73.475935828877,82.64572192513369,229.98461538461538,251.30100334448161,254.9913043478261,3.0204224586486816
frame2094,66.32419786096257,69.48395721925134,77.82620320855615,228.96923076923076,251.50836120401337,254.98260869565217,3.02290678024292
frame2095,64.47058823529412,67.09826203208556,75.07820855614973,228.96789297658862,251.50836120401337,254.98394648829432,3.0202977657318115
frame2096,61.25935828877005,64.0220588235294,70.94852941176471,227.9705685618729,251.37324414715718,254.9866220735786,3.02138614654541
frame2097,58.100267379679146,60.25601604278075,66.65775401069519,226.9705685618729,250.27023411371238,254.98929765886288,3.0004498958587646
frame2098,55.54946524064171,57.403743315508024,62.63636363636363,223.15986622073578,245.3324414715719,254.96254180602006,2.99491024017334
frame2099,53.794786096256686,55.18248663101604,59.82419786096256,221.08428093645486,242.09632107023413,255.0,3.0035924911499023
frame2100,53.033422459893046,54.524064171122994,58.54946524064171,221.31304347826088,241.41739130434783,255.0,3.0367231369018555
frame2101,55.67112299465241,56.224598930481285,61.538770053475936,227.5324414715719,253.30100334448161,255.0,3.0206587314605713
frame2102,94.92312834224599,89.69451871657753,97.30681818181819,196.97458193979932,210.18729096989966,218.86555183946487,3.0580785274505615
frame2103,73.99398395721926,75.21858288770053,84.05414438502673,220.4334448160535,243.428762541806,247.74314381270904,3.0312697887420654
frame2104,48.95187165775401,54.17045454545455,59.78409090909091,223.51438127090302,240.8809364548495,254.97926421404682,3.690141201019287
frame2105,48.79679144385027,54.56082887700535,60.06016042780749,218.16521739130434,235.05150501672242,254.3304347826087,4.648313999176025
frame2106,48.344919786096256,54.36229946524064,60.13168449197861,211.3284280936455,227.4046822742475,248.90969899665552,4.970817565917969
frame2107,50.356951871657756,56.51336898395722,63.205213903743314,216.16588628762543,233.00602006688962,254.05150501672242,5.073860168457031
frame2108,53.63770053475936,59.913101604278076,67.79879679144385,216.33377926421406,233.35183946488294,251.7685618729097,5.08843469619751
frame2109,57.42847593582888,63.49933155080214,72.34358288770053,223.30033444816053,240.61605351170567,253.11103678929766,5.077715873718262
frame2110,60.45120320855615,66.73729946524064,76.38970588235294,224.25685618729096,240.4,254.43210702341136,5.070755481719971
frame2111,63.80548128342246,70.52606951871658,80.96791443850267,225.98060200668897,241.37591973244147,254.69698996655518,5.061199188232422
frame2112,66.6129679144385,73.05414438502673,84.78008021390374,226.33979933110368,240.24214046822743,253.22073578595317,5.044050216674805
frame2113,68.66042780748663,75.55013368983957,87.60762032085562,224.96521739130435,237.4715719063545,252.2267558528428,5.032900333404541
frame2114,69.92780748663101,76.86564171122994,88.92713903743315,223.75384615384615,238.3591973244147,252.07558528428095,5.024808883666992
frame2115,69.34224598930481,76.43917112299465,88.07620320855615,225.7571906354515,241.10234113712374,253.74247491638795,5.015749931335449
frame2116,69.67312834224599,76.05347593582887,88.19652406417113,226.50903010033446,241.21070234113714,253.08628762541807,5.009546279907227
frame2117,69.62901069518716,75.22660427807487,87.21122994652407,226.2086956521739,241.62876254180603,253.1123745819398,5.001032829284668
frame2118,71.58155080213903,75.68048128342247,87.0274064171123,225.04214046822742,242.72976588628762,254.50635451505016,4.9864020347595215
frame2119,71.12098930481284,75.40775401069519,86.41377005347593,224.323745819398,241.3230769230769,254.79397993311036,4.968772888183594
frame2120,71.42513368983957,75.23195187165776,86.50534759358288,222.0354515050167,239.0829431438127,254.86354515050166,4.945291519165039
frame2121,71.14171122994652,75.20989304812834,86.24197860962566,220.90769230769232,237.66889632107024,254.91571906354514,4.914431095123291
frame2122,72.11898395721926,75.59024064171123,86.64104278074866,219.54983277591973,236.95785953177258,253.15317725752507,4.896002292633057
frame2123,72.48529411764706,75.88970588235294,87.23328877005348,224.47692307692307,244.6829431438127,252.68227424749165,4.879945278167725
frame2124,71.80614973262033,74.81149732620321,85.94986631016043,228.33110367892976,251.48829431438128,253.87625418060202,3.7387752532958984
frame2125,71.29879679144385,74.67312834224599,85.34291443850267,230.1010033444816,253.80133779264213,254.52909698996655,2.977687120437622
frame2126,71.9144385026738,75.2894385026738,86.16310160427807,230.1010033444816,253.80133779264213,254.52909698996655,2.987147331237793
frame2127,71.20788770053476,74.65374331550802,85.17045454545455,230.26421404682273,254.03010033444815,254.59866220735785,3.0439727306365967
frame2128,71.14104278074866,74.54946524064171,84.74866310160428,230.23076923076923,253.07959866220736,254.53177257525084,3.027360439300537
frame2129,70.57152406417113,74.09024064171123,83.89171122994652,230.98461538461538,254.08896321070233,254.9913043478261,3.028839111328125
frame2130,71.77941176470588,75.31483957219251,83.93983957219251,230.98595317725753,252.05953177257524,254.99063545150503,3.03371000289917
frame2131,72.33155080213903,75.93449197860963,84.77272727272727,230.98595317725753,252.05953177257524,254.99063545150503,3.0325448513031006
frame2132,72.19786096256685,75.75133689839572,84.60494652406418,230.98595317725753,252.05953177257524,254.99063545150503,3.0306813716888428
frame2133,71.9298128342246,75.32486631016043,84.06550802139037,230.98595317725753,252.05953177257524,254.99063545150503,3.0293428897857666
frame2134,72.28208556149733,75.67379679144385,84.70320855614973,229.90635451505017,251.9344481605351,254.9297658862876,3.027764081954956
frame2135,72.26470588235294,75.75401069518716,84.51270053475936,231.0,251.24882943143814,255.0,3.0266103744506836
frame2136,72.17780748663101,75.61898395721926,84.45187165775401,231.0,251.24882943143814,255.0,3.0252435207366943
frame2137,72.07085561497327,75.73930481283422,84.33288770053476,231.0,251.24882943143814,255.0,3.025211811065674
frame2138,70.6524064171123,74.21657754010695,82.4057486631016,230.0,252.15451505016722,255.0,3.0263357162475586
frame2139,67.58890374331551,70.9659090909091,78.50200534759358,230.0,251.23678929765887,255.0,3.02545428276062
frame2140,65.3783422459893,67.96657754010695,74.92312834224599,229.0,251.23678929765887,255.0,3.030808210372925
frame2141,62.90307486631016,65.37566844919786,71.81283422459893,228.0,251.2468227424749,255.0,3.0263800621032715
frame2142,59.725267379679146,62.286764705882355,67.9659090909091,227.1571906354515,250.10903010033445,254.62073578595317,3.0250375270843506
frame2143,56.3355614973262,58.57085561497326,63.42847593582888,226.19933110367893,248.86220735785952,254.6628762541806,3.0092926025390625
frame2144,55.025401069518715,56.88302139037433,61.518048128342244,221.00133779264215,242.99933110367894,254.9913043478261,2.997943639755249
frame2145,52.84692513368984,54.713235294117645,58.35828877005348,220.91103678929767,241.8969899665552,254.9391304347826,3.00858736038208
frame2146,52.81617647058823,54.2466577540107,58.406417112299465,223.36989966555183,244.10234113712374,255.0,3.0449466705322266
frame2147,65.40775401069519,64.83890374331551,72.13903743315508,227.323745819398,253.85284280936455,254.5438127090301,3.021807909011841
frame2148,54.42513368983957,56.92045454545455,64.21858288770053,226.68361204013377,253.9371237458194,254.9979933110368,3.0442581176757812
frame2149,49.37633689839572,53.75601604278075,59.28475935828877,219.97257525083612,237.3304347826087,255.0,3.8559865951538086
frame2150,49.05280748663102,54.04211229946524,59.19986631016043,215.49832775919734,232.04816053511706,251.84882943143813,4.842470169067383
frame2151,49.54745989304813,55.1524064171123,60.29879679144385,212.22943143812708,229.22943143812708,250.2160535117057,5.000199317932129
frame2152,51.93917112299465,57.79144385026738,63.7346256684492,216.27357859531773,233.68695652173912,252.6200668896321,5.0766377449035645
frame2153,54.8048128342246,61.18783422459893,67.82954545454545,220.1839464882943,237.57859531772576,252.19063545150502,5.078298568725586
frame2154,58.518048128342244,65.08890374331551,73.66243315508021,224.03478260869565,240.99397993311038,254.15652173913043,5.070186614990234
frame2155,61.58422459893048,68.86430481283422,77.6096256684492,225.7190635451505,242.15585284280937,254.5933110367893,5.059834003448486
frame2156,64.91310160427807,72.37032085561498,82.11965240641712,226.5391304347826,242.67290969899665,254.20200668896322,5.052728176116943
frame2157,67.78208556149733,74.61497326203208,85.41243315508021,228.77458193979933,242.0428093645485,254.03879598662206,5.042572021484375
frame2158,69.45922459893048,76.09893048128342,87.26470588235294,226.69765886287627,241.3886287625418,253.80267558528428,5.0432939529418945
frame2159,69.7433155080214,76.02339572192513,87.13770053475936,225.8160535117057,240.19264214046822,253.57591973244146,5.0409979820251465
frame2160,69.73863636363636,75.71122994652407,87.18048128342247,226.77190635451504,244.01739130434783,253.2789297658863,5.041619300842285
frame2161,69.75534759358288,76.0086898395722,87.23663101604278,228.84682274247493,245.36989966555183,253.96923076923076,5.0414042472839355
frame2162,69.91377005347593,75.42847593582887,86.93983957219251,227.14314381270904,243.23478260869564,253.97458193979932,5.038190841674805
frame2163,70.5427807486631,76.07820855614973,87.70053475935829,224.14247491638795,241.25016722408026,253.79866220735786,5.0345377922058105
frame2164,70.69585561497327,76.30280748663101,87.98529411764706,221.29498327759197,238.5056856187291,254.0989966555184,5.030018329620361
frame2165,70.87433155080214,75.68649732620321,87.30347593582887,220.15117056856187,237.98996655518394,254.03745819397994,5.025525093078613
frame2166,71.61764705882354,75.38569518716578,85.78609625668449,220.98929765886288,240.00936454849497,253.45150501672242,5.0257182121276855
frame2167,71.59959893048128,75.57286096256685,85.77807486631016,224.09364548494983,244.41538461538462,253.48561872909698,5.023291110992432
frame2168,70.61898395721926,74.28743315508021,84.2225935828877,224.76989966555183,246.74046822742474,252.50635451505016,5.019662380218506
frame2169,71.25935828877006,74.9451871657754,85.5153743315508,227.91505016722408,250.95585284280938,253.60334448160535,3.031195878982544
frame2170,71.15775401069519,74.6163101604278,85.6163101604278,227.75986622073577,250.65016722408026,253.29297658862876,2.9860706329345703
frame2171,70.71724598930481,74.34826203208556,85.01136363636364,230.0428093645485,253.7150501672241,254.47023411371237,3.0414865016937256
frame2172,70.95187165775401,74.44251336898395,85.48195187165776,230.52173913043478,253.47290969899666,254.72173913043477,3.0390920639038086
frame2173,70.94117647058823,74.71390374331551,85.649064171123,230.29966555183947,252.60602006688964,254.58260869565217,3.0171732902526855
frame2174,71.83622994652407,75.69786096256685,86.2566844919786,230.60735785953176,252.8963210702341,254.75652173913045,3.020458936691284
frame2175,72.18516042780749,75.84224598930481,85.4538770053476,230.91973244147158,252.54448160535117,254.95317725752508,3.0238938331604004
frame2176,72.11163101604278,75.77272727272727,85.41243315508021,230.91973244147158,253.3284280936455,254.95317725752508,3.0216681957244873
frame2177,72.39839572192513,76.15307486631016,85.6216577540107,230.91973244147158,252.54448160535117,254.95317725752508,3.022437572479248
frame2178,72.6283422459893,75.75267379679144,85.58288770053476,229.90167224080267,250.91103678929767,254.9344481605351,3.02185320854187
frame2179,72.29879679144385,75.52941176470588,84.77941176470588,231.0,251.03745819397994,255.0,3.0237984657287598
frame2180,72.13302139037434,75.23596256684492,84.60762032085562,230.02006688963212,251.08026755852842,255.0,3.0234408378601074
frame2181,72.17312834224599,75.39973262032086,84.57620320855615,231.0,251.06020066889633,255.0,3.0238826274871826
frame2182,72.1644385026738,75.34224598930481,84.54144385026738,230.02006688963212,250.10033444816054,255.0,3.024304151535034
frame2183,69.3937165775401,72.85160427807487,81.10561497326204,230.0,251.06020066889633,255.0,3.024416208267212
frame2184,66.26270053475936,69.10427807486631,76.76938502673796,230.0,251.06020066889633,255.0,3.0244288444519043
frame2185,63.70788770053476,66.5033422459893,73.2927807486631,229.0,251.08026755852842,255.0,3.0243303775787354
frame2186,60.776737967914436,63.41577540106952,69.34157754010695,228.0,251.08026755852842,255.0,3.0242230892181396
frame2187,57.08355614973262,59.580213903743314,64.56417112299465,226.8969899665552,251.02341137123747,254.95785953177258,3.010838508605957
frame2188,54.67045454545455,56.96524064171123,61.36697860962567,224.1464882943144,246.36789297658862,254.96722408026756,3.0055837631225586
frame2189,52.6677807486631,54.82754010695187,58.93449197860963,220.98729096989968,242.98528428093647,254.99197324414715,3.0539019107818604
frame2190,52.1129679144385,53.55414438502674,58.05614973262032,221.3230769230769,242.36923076923077,255.0,3.0350089073181152
frame2191,52.58355614973262,53.57286096256684,58.105614973262036,225.8648829431438,249.5933110367893,255.0,3.0225393772125244
frame2192,87.64572192513369,83.21858288770053,90.9538770053476,213.48294314381272,232.91973244147158,238.8200668896321,3.030169725418091
frame2193,87.04077540106952,85.18983957219251,94.96791443850267,208.5123745819398,223.53779264214046,233.55652173913043,3.0105674266815186
frame2194,50.11697860962567,54.07419786096256,61.05213903743316,224.74916387959865,249.10702341137124,255.0,3.0556952953338623
frame2195,49.10294117647059,53.18783422459893,59.9298128342246,217.72173913043477,234.4561872909699,254.37123745819397,3.813709259033203
frame2196,49.155080213903744,53.79679144385027,60.44385026737968,214.97993311036788,231.39264214046824,251.15117056856187,4.779784202575684
frame2197,51.35828877005348,56.04144385026738,63.97794117647059,214.9190635451505,232.2160535117057,251.6876254180602,5.020284175872803
frame2198,53.269385026737964,58.54745989304813,66.60828877005348,215.6849498327759,233.0809364548495,251.10702341137124,5.0741868019104
frame2199,57.04812834224599,62.268716577540104,71.79946524064171,223.20066889632108,240.82742474916387,253.13377926421404,5.0668044090271
frame2200,60.162433155080215,65.68582887700535,75.96390374331551,224.95585284280938,241.90769230769232,254.8876254180602,5.045248031616211
frame2201,62.95187165775401,68.8409090909091,79.69251336898395,225.75117056856186,243.12642140468228,254.67023411371238,5.032630443572998
frame2202,65.4966577540107,71.91377005347593,83.06350267379679,227.11505016722407,241.14515050167225,253.61872909698997,5.025457859039307
frame2203,68.5,74.54812834224599,85.84491978609626,226.5418060200669,239.59130434782608,253.66488294314382,5.028787612915039
frame2204,69.46390374331551,75.75200534759358,87.17312834224599,225.41605351170568,240.88361204013378,254.16120401337793,5.027922630310059
frame2205,69.71724598930481,75.7653743315508,87.34491978609626,225.4,243.16923076923078,253.5304347826087,5.025696277618408
frame2206,69.64304812834224,75.1163101604278,86.84224598930481,230.5685618729097,247.23411371237458,254.40869565217392,5.023591041564941
frame2207,70.91510695187166,76.51002673796792,88.71657754010695,230.1732441471572,246.91638795986623,254.46354515050166,5.017947673797607
frame2208,70.18850267379679,75.88235294117646,87.48729946524064,226.75585284280936,244.08026755852842,254.90167224080267,5.004673480987549
frame2209,70.68181818181819,75.87098930481284,87.95989304812834,223.84347826086957,241.48361204013378,254.8876254180602,4.979944705963135
frame2210,70.8048128342246,75.64438502673796,87.40708556149733,221.4989966555184,239.67558528428094,255.0,4.966698169708252
frame2211,71.75133689839572,76.07954545454545,87.75802139037434,220.47892976588628,237.85685618729096,254.9752508361204,4.954290866851807
frame2212,71.28877005347593,75.26938502673796,86.49799465240642,227.23411371237458,248.3277591973244,254.33913043478262,4.9466471672058105
